gender,workclass,education_level,education_num,marital_status,occupation,relationship,capital_loss,hours_per_week,inquiry_purpose_code,institute_type,account_type,asset_code,portfolio_type,approved,approved_loan_amount,age
Male, Private, Doctorate,1.6329491958841817, Married-civ-spouse, Exec-managerial, Husband,-0.2644126153749733,-0.12055745733218053,-0.41409147438951266,NBF,189.0,-0.09087726520149393,I,1.4386852314081315,1.1685274001325965,1.6593250394075854
Male, Private, Assoc-voc,0.18773308894193008, Married-civ-spouse, Exec-managerial, Husband,-0.2644126153749733,-0.12055745733218053,2.173879596107263,PVT,5.0,-0.09087726520149393,R,1.4386852314081315,-1.2684913597962786,1.174452067993896
Male, Private, HS-grad,-0.3903533538349704, Married-civ-spouse, Protective-serv, Husband,-0.2644126153749733,-0.12055745733218053,-0.41409147438951266,PVT,5.0,-0.09087726520149393,R,1.4386852314081315,0.5962647652114784,1.0128277441893325
Male, Private, HS-grad,-0.3903533538349704, Married-civ-spouse, Transport-moving, Husband,-0.2644126153749733,-0.12055745733218053,-0.3839987875232711,HFC,58.0,1.3392439082325422,M,1.4386852314081315,0.2236700901382265,0.2047061251665154
Male, Private, Bachelors,0.7658195317188305, Married-civ-spouse, Prof-specialty, Husband,-0.2644126153749733,0.7031783685892541,-0.5946475955869621,PVT,189.0,-0.09087726520149393,I,1.4386852314081315,-0.5856982471022337,1.9017615251144309
Male, Private, Bachelors,0.7658195317188305, Married-civ-spouse, Adm-clerical, Husband,-0.2644126153749733,-0.12055745733218053,-0.41409147438951266,NBF,189.0,-0.09087726520149393,I,1.4386852314081315,0.21475634193073254,-1.00747630336771
Male, Local-gov, Prof-school,1.3439059744957311, Married-civ-spouse, Prof-specialty, Husband,3.6806741077469844,-0.12055745733218053,2.173879596107263,PVT,5.0,-0.09087726520149393,R,1.4386852314081315,1.6908730450917482,1.3360763917984593
Male, Local-gov, Bachelors,0.7658195317188305, Married-civ-spouse, Protective-serv, Husband,-0.2644126153749733,-0.12055745733218053,-0.41409147438951266,NBF,189.0,-0.09087726520149393,I,1.4386852314081315,0.3235040700621602,-0.3609790081494562
Male, Federal-gov, Bachelors,0.7658195317188305, Married-civ-spouse, Adm-clerical, Husband,-0.2644126153749733,0.2913104556285366,-0.41409147438951266,NBF,189.0,-0.09087726520149393,I,1.4386852314081315,-0.5660880010457469,0.6895790965802056
Male, Federal-gov, Bachelors,0.7658195317188305, Married-civ-spouse, Adm-clerical, Husband,-0.2644126153749733,-0.12055745733218053,-0.74511102991817,PVT,5.0,-0.09087726520149393,R,1.4386852314081315,-0.5839154974607349,1.0936399060916138
Female, Private, Assoc-acdm,0.4767763103303807, Married-civ-spouse, Exec-managerial, Wife,-0.2644126153749733,0.7031783685892541,-0.41409147438951266,NBF,5.0,-0.09087726520149393,R,1.4386852314081315,-0.15070733457652383,0.2047061251665154
Male, Local-gov, HS-grad,-0.3903533538349704, Married-civ-spouse, Protective-serv, Husband,-0.2644126153749733,-0.12055745733218053,-0.41409147438951266,PVT,5.0,-0.09087726520149393,R,1.4386852314081315,0.521389280268528,0.8512034203847689
Male, Private, HS-grad,-0.3903533538349704, Married-civ-spouse, Farming-fishing, Husband,-0.2644126153749733,-0.12055745733218053,-0.41409147438951266,NBF,999.0,-0.09087726520149393,I,1.4386852314081315,0.1327498584217871,1.6593250394075854
Male, Private, Bachelors,0.7658195317188305, Married-civ-spouse, Exec-managerial, Husband,3.6806741077469844,1.9387821074714051,2.173879596107263,PVT,5.0,-0.09087726520149393,R,1.4386852314081315,1.0205591798881952,1.0936399060916138
Male, Private, HS-grad,-0.3903533538349704, Married-civ-spouse, Craft-repair, Husband,-0.2644126153749733,-0.12055745733218053,-0.5946475955869621,PVT,173.0,1.3392439082325422,I,1.4386852314081315,0.7210572401163952,0.36633044897107886
Female, Self-emp-not-inc, Prof-school,1.3439059744957311, Married-civ-spouse, Prof-specialty, Wife,-0.2644126153749733,-0.532425370292898,-0.323813413790788,NBF,173.0,-0.09087726520149393,I,1.4386852314081315,1.3432368649994801,0.9320155822870502
Female, Private, 11th,-0.9684397966118709, Divorced, Exec-managerial, Unmarried,-0.2644126153749733,-0.12055745733218053,-0.41409147438951266,PVT,5.0,-0.09087726520149393,R,1.4386852314081315,1.3699781096219623,-0.44179117005173796
Male, Local-gov, Some-college,-0.10131013244652015, Married-civ-spouse, Tech-support, Husband,-0.2644126153749733,0.2913104556285366,2.173879596107263,PVT,5.0,-0.09087726520149393,R,1.4386852314081315,1.4929878348853804,-0.11854252244261151
Male, Private, HS-grad,-0.3903533538349704, Married-civ-spouse, Craft-repair, Husband,-0.2644126153749733,-0.12055745733218053,2.173879596107263,PVT,5.0,-0.09087726520149393,R,1.4386852314081315,-0.8441969451195613,-0.19935468434489326
Male, Private, Bachelors,0.7658195317188305, Married-civ-spouse, Prof-specialty, Husband,-0.2644126153749733,-0.12055745733218053,2.173879596107263,PVT,5.0,-0.09087726520149393,R,1.4386852314081315,-1.3059291022677535,1.174452067993896
Male, State-gov, Bachelors,0.7658195317188305, Married-civ-spouse, Prof-specialty, Husband,-0.2644126153749733,-0.12055745733218053,-0.5946475955869621,PVT,5.0,-0.09087726520149393,R,1.4386852314081315,1.1917031454720812,-0.11854252244261151
Male, Private, Bachelors,0.7658195317188305, Married-civ-spouse, Exec-managerial, Husband,3.649561436428988,0.7031783685892541,2.173879596107263,NBF,5.0,-0.09087726520149393,R,1.4386852314081315,-0.07226635035057595,0.2047061251665154
Male, Private, Bachelors,0.7658195317188305, Married-civ-spouse, Prof-specialty, Husband,-0.2644126153749733,1.1150462815499709,-0.41409147438951266,NBF,189.0,-0.09087726520149393,I,1.4386852314081315,1.1293069080196227,0.5279547727756421
Male, Private, Some-college,-0.10131013244652015, Married-civ-spouse, Craft-repair, Husband,-0.2644126153749733,-0.12055745733218053,-0.5946475955869621,PVT,5.0,-0.09087726520149393,R,1.4386852314081315,1.2184443900945634,0.36633044897107886
Male, Self-emp-not-inc, Bachelors,0.7658195317188305, Married-civ-spouse, Exec-managerial, Husband,-0.2644126153749733,0.7031783685892541,-0.323813413790788,NBF,5.0,-0.09087726520149393,R,1.4386852314081315,0.38946580679761617,0.04308180136195194
Male, Self-emp-not-inc, Bachelors,-0.10131013244652015, Married-civ-spouse, Exec-managerial, Husband,-0.2644126153749733,-0.12055745733218053,-0.323813413790788,NBF,173.0,-0.09087726520149393,I,1.4386852314081315,-1.6535652823600218,1.2552642298961771
Male, Private, HS-grad,-0.3903533538349704, Married-civ-spouse, Sales, Husband,-0.2644126153749733,1.5269141945106874,-0.41409147438951266,PVT,123.0,-0.09087726520149393,I,1.4386852314081315,-1.2274881180418058,0.4471426108733606
Male, Self-emp-inc, Some-college,-0.10131013244652015, Married-civ-spouse, Exec-managerial, Husband,-0.2644126153749733,4.162868837459278,-0.5946475955869621,PVT,5.0,-0.09087726520149393,R,1.4386852314081315,-0.6070912428002195,0.36633044897107886
Female, Private, Some-college,-0.10131013244652015, Married-spouse-absent, Prof-specialty, Not-in-family,-0.2644126153749733,-0.12055745733218053,-0.5946475955869621,PVT,58.0,1.3392439082325422,M,1.4386852314081315,-1.5965172938320598,-0.19935468434489326
Male, Private, Prof-school,1.3439059744957311, Married-civ-spouse, Prof-specialty, Husband,-0.2644126153749733,-0.12055745733218053,2.173879596107263,PVT,5.0,-0.09087726520149393,R,1.4386852314081315,-1.482421316776136,-0.5226033319540196
Female, Self-emp-not-inc, Masters,1.0548627531072812, Never-married, Prof-specialty, Not-in-family,-0.2644126153749733,1.5269141945106874,-0.3839987875232711,PVT,189.0,-0.09087726520149393,I,1.4386852314081315,-0.7443629651956281,-0.19935468434489326
Male, Private, Bachelors,0.7658195317188305, Married-civ-spouse, Prof-specialty, Husband,-0.2644126153749733,0.7031783685892541,-0.41409147438951266,PVT,5.0,-0.09087726520149393,R,1.4386852314081315,1.3681953599804637,0.2855182870687971
Male, Private, Bachelors,0.7658195317188305, Divorced, Sales, Not-in-family,-0.2644126153749733,-0.12055745733218053,2.173879596107263,PVT,5.0,-0.09087726520149393,R,1.4386852314081315,0.49643078528754464,0.4471426108733606
Male, Private, HS-grad,-0.3903533538349704, Married-civ-spouse, Craft-repair, Husband,-0.2644126153749733,-0.12055745733218053,-0.5946475955869621,PVT,189.0,-0.09087726520149393,I,1.4386852314081315,-0.46268852183881576,-0.28016684624717497
Male, State-gov, Bachelors,0.7658195317188305, Married-civ-spouse, Prof-specialty, Husband,-0.2644126153749733,-0.36767820510861104,-0.41409147438951266,NBF,189.0,-0.09087726520149393,I,1.4386852314081315,-1.576907047775573,-0.6842276557585831
Male, Private, Bachelors,0.7658195317188305, Married-civ-spouse, Exec-managerial, Husband,-0.2644126153749733,-0.12055745733218053,2.173879596107263,PVT,5.0,-0.09087726520149393,R,1.4386852314081315,-1.0420821553259292,0.2855182870687971
Male, Self-emp-inc, Assoc-acdm,0.4767763103303807, Married-civ-spouse, Transport-moving, Husband,-0.2644126153749733,0.2913104556285366,-0.41409147438951266,PVT,5.0,-0.09087726520149393,R,1.4386852314081315,-0.0936593460485618,1.174452067993896
Male, Local-gov, HS-grad,-0.3903533538349704, Married-civ-spouse, Exec-managerial, Husband,-0.2644126153749733,-0.12055745733218053,-0.323813413790788,NBF,5.0,-0.09087726520149393,R,1.4386852314081315,1.6373905558467838,0.36633044897107886
Female, Private, Masters,1.0548627531072812, Married-civ-spouse, Adm-clerical, Wife,-0.2644126153749733,-1.7680291091750493,-0.41409147438951266,NBF,5.0,-0.09087726520149393,R,1.4386852314081315,1.2362718865095517,-0.9266641414654283
Male, Private, Assoc-acdm,0.4767763103303807, Married-civ-spouse, Exec-managerial, Husband,-0.2644126153749733,0.7031783685892541,2.173879596107263,PVT,5.0,-0.09087726520149393,R,1.4386852314081315,1.6088665615828033,-0.28016684624717497
Male, Local-gov, Masters,1.0548627531072812, Married-civ-spouse, Prof-specialty, Husband,-0.2644126153749733,-0.12055745733218053,-0.41409147438951266,PVT,47.0,-0.09087726520149393,I,1.4386852314081315,-0.16496933170851433,-0.11854252244261151
Male, Self-emp-not-inc, Bachelors,0.7658195317188305, Married-civ-spouse, Craft-repair, Husband,-0.2644126153749733,-0.12055745733218053,-0.3839987875232711,PVT,5.0,-0.09087726520149393,R,1.4386852314081315,-0.33967879657539773,0.5279547727756421
Male, Self-emp-inc, Prof-school,1.3439059744957311, Married-civ-spouse, Prof-specialty, Husband,-0.2644126153749733,1.5269141945106874,-0.323813413790788,PVT,5.0,-0.09087726520149393,R,1.4386852314081315,1.0134281813222,-0.11854252244261151
Male, Private, Assoc-voc,0.18773308894193008, Married-civ-spouse, Prof-specialty, Husband,-0.2644126153749733,-0.12055745733218053,-0.5946475955869621,PVT,5.0,-0.09087726520149393,R,1.4386852314081315,0.2700215808171958,0.2855182870687971
Male, Self-emp-inc, Assoc-voc,0.18773308894193008, Married-civ-spouse, Exec-managerial, Husband,-0.2644126153749733,1.5269141945106874,-0.41409147438951266,PVT,5.0,-0.09087726520149393,R,1.4386852314081315,1.1899203958305824,0.8512034203847689
Male, Private, HS-grad,-0.3903533538349704, Married-civ-spouse, Sales, Husband,-0.2644126153749733,1.1150462815499709,-0.323813413790788,NBF,173.0,-0.09087726520149393,I,1.4386852314081315,0.628354258758457,-0.28016684624717497
Male, Private, Some-college,-0.10131013244652015, Married-civ-spouse, Craft-repair, Husband,-0.2644126153749733,-0.12055745733218053,-0.41409147438951266,NBF,189.0,-0.09087726520149393,I,1.4386852314081315,-0.26480331163244764,-0.28016684624717497
Male, Private, Some-college,-0.10131013244652015, Divorced, Machine-op-inspct, Unmarried,-0.2644126153749733,1.3621670293264014,-0.41409147438951266,PVT,123.0,-0.09087726520149393,I,1.4386852314081315,1.173875649057093,0.4471426108733606
Male, Local-gov, Bachelors,0.7658195317188305, Married-civ-spouse, Prof-specialty, Husband,-0.2644126153749733,-0.12055745733218053,-0.41409147438951266,NBF,189.0,-0.09087726520149393,I,1.4386852314081315,-1.084868146721901,-0.037730360540329785
Male, Private, Bachelors,0.7658195317188305, Married-civ-spouse, Sales, Husband,-0.2644126153749733,0.2913104556285366,-0.5946475955869621,PVT,999.0,-0.09087726520149393,I,1.4386852314081315,0.3145903218546659,0.7703912584824878
Male, Private, Bachelors,0.7658195317188305, Married-civ-spouse, Prof-specialty, Husband,-0.2644126153749733,0.7031783685892541,2.173879596107263,PVT,5.0,-0.09087726520149393,R,1.4386852314081315,-1.605431042039554,-0.28016684624717497
Male, Private, Bachelors,0.7658195317188305, Married-civ-spouse, Sales, Husband,-0.2644126153749733,-0.12055745733218053,-0.3839987875232711,HFC,189.0,-0.09087726520149393,I,1.4386852314081315,1.2006168936795751,-0.6842276557585831
Male, Self-emp-not-inc, Some-college,-0.10131013244652015, Married-civ-spouse, Craft-repair, Husband,-0.2644126153749733,1.5269141945106874,-0.41409147438951266,NBF,130.0,-0.09087726520149393,I,1.4386852314081315,0.6176577609094639,-0.19935468434489326
Male, Local-gov, Doctorate,1.6329491958841817, Married-civ-spouse, Protective-serv, Husband,-0.2644126153749733,0.2913104556285366,2.173879596107263,PVT,5.0,-0.09087726520149393,R,1.4386852314081315,0.5249547795515257,2.0633858489189945
Female, Federal-gov, Doctorate,1.6329491958841817, Never-married, Prof-specialty, Not-in-family,-0.2644126153749733,0.7031783685892541,2.173879596107263,PVT,5.0,-0.09087726520149393,R,1.4386852314081315,1.5393393255643493,0.36633044897107886
Male, Federal-gov, Bachelors,0.7658195317188305, Married-civ-spouse, Prof-specialty, Husband,-0.2644126153749733,-0.12055745733218053,-0.41409147438951266,PVT,123.0,-0.09087726520149393,I,1.4386852314081315,-1.5341210563796013,-0.037730360540329785
Male, Private, Bachelors,0.7658195317188305, Married-civ-spouse, Prof-specialty, Husband,-0.2644126153749733,-0.12055745733218053,-0.5946475955869621,PVT,5.0,-0.09087726520149393,R,1.4386852314081315,-0.8727209393835423,0.2855182870687971
Male, Private, Some-college,-0.10131013244652015, Married-civ-spouse, Transport-moving, Husband,-0.2644126153749733,0.2913104556285366,-0.41409147438951266,PVT,5.0,-0.09087726520149393,R,1.4386852314081315,-0.9832514171564685,-0.7650398176608648
Male, Private, Masters,1.0548627531072812, Never-married, Exec-managerial, Own-child,-0.2644126153749733,-0.12055745733218053,2.173879596107263,PVT,5.0,-0.09087726520149393,R,1.4386852314081315,0.040046877063848914,-0.11854252244261151
Male, Private, Bachelors,0.7658195317188305, Married-civ-spouse, Exec-managerial, Husband,-0.2644126153749733,-0.532425370292898,-0.41409147438951266,PVT,5.0,-0.09087726520149393,R,1.4386852314081315,0.5053445334950389,1.7401372013098675
Male, Self-emp-not-inc, HS-grad,-0.3903533538349704, Married-civ-spouse, Sales, Husband,3.6806741077469844,1.5269141945106874,-0.5946475955869621,PVT,130.0,1.3392439082325422,I,1.4386852314081315,-0.20775532310448583,-0.3609790081494562
Male, State-gov, Some-college,-0.10131013244652015, Married-civ-spouse, Prof-specialty, Husband,3.6806741077469844,-0.12055745733218053,-0.41409147438951266,PVT,5.0,-0.09087726520149393,R,1.4386852314081315,-1.623258538454542,1.2552642298961771
Male, Private, Bachelors,0.7658195317188305, Married-civ-spouse, Prof-specialty, Husband,-0.2644126153749733,0.0441897078521065,2.173879596107263,NBF,189.0,-0.09087726520149393,I,1.4386852314081315,1.4662465902628983,-0.9266641414654283
Male, Private, HS-grad,-0.3903533538349704, Married-civ-spouse, Craft-repair, Husband,3.649561436428988,0.2913104556285366,2.173879596107263,PVT,5.0,-0.09087726520149393,R,1.4386852314081315,-1.3790218375692047,0.12389396326423367
Male, Private, Masters,1.0548627531072812, Married-civ-spouse, Prof-specialty, Husband,-0.2644126153749733,1.5269141945106874,-0.41409147438951266,PVT,5.0,-0.09087726520149393,R,1.4386852314081315,-0.5161710110837802,-0.19935468434489326
Male, Private, Assoc-acdm,0.4767763103303807, Married-civ-spouse, Exec-managerial, Husband,-0.2644126153749733,-0.12055745733218053,2.173879596107263,PVT,5.0,-0.09087726520149393,R,1.4386852314081315,0.1434463562707802,0.12389396326423367
Female, Private, Bachelors,0.7658195317188305, Never-married, Exec-managerial, Not-in-family,-0.2644126153749733,1.1150462815499709,-0.74511102991817,NBF,191.0,-0.09087726520149393,I,1.4386852314081315,0.48751703708005073,-0.44179117005173796
Female, Private, Assoc-voc,0.18773308894193008, Married-civ-spouse, Tech-support, Wife,-0.2644126153749733,-0.2853046225164671,2.173879596107263,NBF,5.0,-0.09087726520149393,R,1.4386852314081315,-0.7942799551575948,-0.6034154938563014
Male, Private, Assoc-voc,0.18773308894193008, Married-civ-spouse, Tech-support, Husband,3.649561436428988,-0.12055745733218053,2.173879596107263,PVT,5.0,-0.09087726520149393,R,1.4386852314081315,0.975990438850725,-1.2499127890745552
Male, Private, Bachelors,0.7658195317188305, Married-civ-spouse, Exec-managerial, Husband,-0.2644126153749733,-0.36767820510861104,-0.5946475955869621,PVT,189.0,-0.09087726520149393,I,1.4386852314081315,1.5322083269983542,-0.28016684624717497
Male, Self-emp-inc, HS-grad,-0.3903533538349704, Married-civ-spouse, Exec-managerial, Husband,-0.2644126153749733,-0.12055745733218053,-0.5946475955869621,FOR,5.0,-0.09087726520149393,R,1.4386852314081315,-1.091999145287896,0.8512034203847689
Male, Private, Some-college,-0.10131013244652015, Married-civ-spouse, Exec-managerial, Husband,-0.2644126153749733,1.9387821074714051,-0.6247402824532038,PVT,5.0,-0.09087726520149393,R,1.4386852314081315,-0.7514939637616233,0.2047061251665154
Male, Private, Some-college,-0.10131013244652015, Married-civ-spouse, Craft-repair, Husband,-0.2644126153749733,0.4560576208128236,-0.74511102991817,PVT,5.0,-0.09087726520149393,R,1.4386852314081315,-1.4075458318331857,1.174452067993896
Male, Private, HS-grad,-0.3903533538349704, Married-civ-spouse, Machine-op-inspct, Husband,-0.2644126153749733,0.20893687303639308,-0.41409147438951266,PVT,5.0,-0.09087726520149393,R,1.4386852314081315,-1.5911690449075633,0.36633044897107886
Male, Self-emp-not-inc, HS-grad,-0.3903533538349704, Married-civ-spouse, Craft-repair, Husband,-0.2644126153749733,0.7031783685892541,-0.3839987875232711,HFC,58.0,-0.09087726520149393,M,1.4386852314081315,-1.05634415245792,1.174452067993896
Male, Private, Some-college,-0.10131013244652015, Married-civ-spouse, Adm-clerical, Husband,-0.2644126153749733,-0.12055745733218053,2.173879596107263,PVT,47.0,-0.09087726520149393,I,1.4386852314081315,-1.1062611424198867,0.8512034203847689
Male, Local-gov, Bachelors,-0.10131013244652015, Married-civ-spouse, Tech-support, Husband,-0.2644126153749733,-0.12055745733218053,-0.41409147438951266,PVT,5.0,-0.09087726520149393,R,1.4386852314081315,1.1988341440380763,1.4168885537007405
Male, Private, Some-college,-0.10131013244652015, Married-civ-spouse, Tech-support, Husband,-0.2644126153749733,-0.12055745733218053,-0.5946475955869621,PVT,5.0,-0.09087726520149393,R,1.4386852314081315,0.6230060098339603,-0.5226033319540196
Male, Federal-gov, Assoc-acdm,0.4767763103303807, Married-civ-spouse, Craft-repair, Husband,-0.2644126153749733,-0.12055745733218053,-0.5946475955869621,PVT,5.0,-0.09087726520149393,R,1.4386852314081315,-1.3362358461732333,0.4471426108733606
Male, Private, HS-grad,-0.3903533538349704, Married-civ-spouse, Machine-op-inspct, Husband,-0.2644126153749733,-0.12055745733218053,-0.5946475955869621,PVT,5.0,-0.09087726520149393,R,1.4386852314081315,0.8547634632288058,0.6087669346779243
Female, Private, Some-college,-0.10131013244652015, Divorced, Prof-specialty, Not-in-family,-0.2644126153749733,-0.12055745733218053,-0.41409147438951266,NBF,5.0,-0.09087726520149393,R,1.4386852314081315,0.04717787562984445,0.6087669346779243
Male, Private, Assoc-voc,0.18773308894193008, Married-civ-spouse, Craft-repair, Husband,-0.2644126153749733,-0.12055745733218053,-0.41409147438951266,PVT,5.0,-0.09087726520149393,R,1.4386852314081315,0.6123095119849675,0.5279547727756421
Male, Self-emp-inc, Prof-school,1.3439059744957311, Married-civ-spouse, Prof-specialty, Husband,4.744727466822466,1.1150462815499709,2.173879596107263,PVT,5.0,-0.09087726520149393,R,1.4386852314081315,-1.0420821553259292,0.36633044897107886
Male, Private, Doctorate,1.6329491958841817, Married-civ-spouse, Prof-specialty, Husband,-0.2644126153749733,1.5269141945106874,-0.5946475955869621,PVT,5.0,-0.09087726520149393,R,1.4386852314081315,0.15414285411977294,0.12389396326423367
Male, Self-emp-not-inc, Assoc-voc,0.18773308894193008, Married-civ-spouse, Craft-repair, Husband,-0.2644126153749733,-0.12055745733218053,-0.41409147438951266,NBF,191.0,-0.09087726520149393,I,1.4386852314081315,0.22545283977972527,0.6087669346779243
Male, Local-gov, Masters,1.0548627531072812, Married-civ-spouse, Exec-managerial, Husband,3.6806741077469844,0.7031783685892541,2.173879596107263,PVT,189.0,-0.09087726520149393,I,1.4386852314081315,0.43760004711808387,0.36633044897107886
Male, Private, Assoc-voc,0.18773308894193008, Married-civ-spouse, Tech-support, Husband,-0.2644126153749733,-0.12055745733218053,-0.41409147438951266,NBF,228.0,1.3392439082325422,I,1.4386852314081315,-0.6908804759506636,0.4471426108733606
Male, Self-emp-not-inc, Bachelors,0.7658195317188305, Married-civ-spouse, Sales, Husband,-0.2644126153749733,-0.12055745733218053,-0.323813413790788,NBF,173.0,-0.09087726520149393,I,1.4386852314081315,0.47147229030656124,1.0128277441893325
Male, Private, Bachelors,0.7658195317188305, Married-civ-spouse, Exec-managerial, Husband,-0.2644126153749733,-0.12055745733218053,-0.41409147438951266,NBF,189.0,-0.09087726520149393,I,1.4386852314081315,1.2612303814905348,-0.5226033319540196
Male, Private, HS-grad,-0.3903533538349704, Married-civ-spouse, Transport-moving, Husband,-0.2644126153749733,0.5384312034049671,-0.323813413790788,NBF,5.0,-0.09087726520149393,R,1.4386852314081315,0.7067952429844044,0.8512034203847689
Male, Private, Bachelors,0.7658195317188305, Married-civ-spouse, Protective-serv, Husband,3.6806741077469844,0.7031783685892541,2.173879596107263,PVT,5.0,-0.09087726520149393,R,1.4386852314081315,-1.5448175542285942,1.0128277441893325
Male, Private, Masters,1.0548627531072812, Married-civ-spouse, Prof-specialty, Husband,-0.2644126153749733,0.7031783685892541,2.173879596107263,PVT,5.0,-0.09087726520149393,R,1.4386852314081315,-0.32363404980190846,-0.037730360540329785
Male, Private, Masters,1.0548627531072812, Married-civ-spouse, Sales, Husband,3.836237464336967,1.1150462815499709,2.173879596107263,PVT,58.0,-0.09087726520149393,M,1.4386852314081315,0.49821353492904347,0.04308180136195194
Male, Self-emp-not-inc, Assoc-voc,0.18773308894193008, Married-civ-spouse, Craft-repair, Husband,-0.2644126153749733,-0.12055745733218053,-0.323813413790788,NBF,173.0,-0.09087726520149393,I,1.4386852314081315,-0.6160049910077136,0.7703912584824878
Male, Private, Bachelors,0.7658195317188305, Married-civ-spouse, Exec-managerial, Husband,-0.2644126153749733,0.2913104556285366,-0.41409147438951266,PVT,5.0,-0.09087726520149393,R,1.4386852314081315,-1.0991301438538912,0.7703912584824878
Male, State-gov, Doctorate,1.6329491958841817, Never-married, Prof-specialty, Not-in-family,-0.2644126153749733,0.2913104556285366,-0.41409147438951266,PVT,130.0,-0.09087726520149393,I,1.4386852314081315,0.21832184121373013,0.4471426108733606
Female, Self-emp-not-inc, Masters,1.0548627531072812, Divorced, Exec-managerial, Unmarried,-0.2644126153749733,0.2913104556285366,2.173879596107263,PVT,5.0,-0.09087726520149393,R,1.4386852314081315,1.6605663011862686,0.36633044897107886
Male, Private, Masters,-0.10131013244652015, Married-civ-spouse, Sales, Husband,-0.2644126153749733,-0.12055745733218053,-0.41409147438951266,PVT,5.0,-0.09087726520149393,R,1.4386852314081315,-0.4109887822353503,0.6895790965802056
Male, Federal-gov, Masters,1.0548627531072812, Married-civ-spouse, Prof-specialty, Husband,-0.2644126153749733,0.2913104556285366,-0.5946475955869621,PVT,5.0,-0.09087726520149393,R,1.4386852314081315,1.599952813375309,0.5279547727756421
Male, Private, HS-grad,-0.3903533538349704, Married-civ-spouse, Adm-clerical, Husband,-0.2644126153749733,-0.12055745733218053,-0.323813413790788,PVT,173.0,-0.09087726520149393,I,1.4386852314081315,-0.753276713403122,0.36633044897107886
Male, Private, Assoc-acdm,0.4767763103303807, Married-civ-spouse, Tech-support, Husband,3.836237464336967,0.7031783685892541,-0.74511102991817,PUB,130.0,1.3392439082325422,I,1.4386852314081315,0.8922012057002808,0.6087669346779243
Male, Private, Bachelors,0.7658195317188305, Married-civ-spouse, Exec-managerial, Husband,-0.2644126153749733,-0.12055745733218053,2.173879596107263,BRO,189.0,-0.09087726520149393,I,1.4386852314081315,1.0294729280956896,1.0128277441893325
Male, Self-emp-inc, Bachelors,0.7658195317188305, Married-civ-spouse, Sales, Husband,4.244850547646655,-0.12055745733218053,-0.5946475955869621,PVT,173.0,-0.09087726520149393,I,1.4386852314081315,-1.6286067873790384,2.305822334625839
Male, State-gov, Some-college,-0.10131013244652015, Married-civ-spouse, Craft-repair, Husband,-0.2644126153749733,-0.12055745733218053,2.173879596107263,PVT,5.0,-0.09087726520149393,R,1.4386852314081315,-1.576907047775573,0.6895790965802056
Female, Federal-gov, HS-grad,-0.3903533538349704, Married-civ-spouse, Craft-repair, Wife,-0.2644126153749733,-0.12055745733218053,-0.5946475955869621,PVT,5.0,-0.09087726520149393,R,1.4386852314081315,-1.3041463526262547,-0.3609790081494562
Male, Self-emp-not-inc, Prof-school,1.3439059744957311, Never-married, Prof-specialty, Not-in-family,5.593066304759837,0.2913104556285366,-0.41409147438951266,PVT,5.0,-0.09087726520149393,R,1.4386852314081315,-0.8816346875910364,-0.037730360540329785
Male, Local-gov, Bachelors,0.7658195317188305, Married-civ-spouse, Prof-specialty, Husband,-0.2644126153749733,-0.12055745733218053,-0.3839987875232711,HFC,5.0,-0.09087726520149393,R,1.4386852314081315,0.8957667049832784,1.3360763917984593
Female, Private, Some-college,-0.10131013244652015, Married-civ-spouse, Exec-managerial, Wife,-0.2644126153749733,-0.532425370292898,-0.41409147438951266,PVT,5.0,-0.09087726520149393,R,1.4386852314081315,-1.186484876287333,-0.037730360540329785
Female, Self-emp-not-inc, HS-grad,-0.3903533538349704, Married-civ-spouse, Sales, Wife,-0.2644126153749733,1.0326726989578272,-0.323813413790788,NBF,173.0,-0.09087726520149393,I,1.4386852314081315,-0.6284842384982052,0.04308180136195194
Male, Federal-gov, HS-grad,-0.3903533538349704, Married-civ-spouse, Adm-clerical, Husband,-0.2644126153749733,-0.12055745733218053,2.173879596107263,NBF,189.0,-0.09087726520149393,I,1.4386852314081315,1.4288088477914231,0.6087669346779243
Male, Federal-gov, Masters,1.0548627531072812, Married-civ-spouse, Tech-support, Husband,-0.2644126153749733,-0.12055745733218053,-0.41409147438951266,PVT,5.0,-0.09087726520149393,R,1.4386852314081315,0.7781052286443572,0.9320155822870502
Male, Local-gov, Some-college,-0.10131013244652015, Married-civ-spouse, Transport-moving, Husband,-0.2644126153749733,-0.12055745733218053,-0.41409147438951266,PVT,173.0,-0.09087726520149393,I,1.4386852314081315,-0.2006243245384905,-0.28016684624717497
Male, Private, Some-college,-0.10131013244652015, Married-civ-spouse, Adm-clerical, Husband,-0.2644126153749733,0.3736840382206801,-0.41409147438951266,NBF,173.0,-0.09087726520149393,I,1.4386852314081315,0.83337046753082,0.2047061251665154
Male, Private, Bachelors,0.7658195317188305, Married-civ-spouse, Exec-managerial, Husband,-0.2644126153749733,1.1150462815499709,-0.5946475955869621,PVT,189.0,-0.09087726520149393,I,1.4386852314081315,0.46255854209906727,-0.28016684624717497
Male, Self-emp-inc, Bachelors,0.7658195317188305, Married-civ-spouse, Exec-managerial, Husband,4.697021370801537,2.7625179333928402,-0.41409147438951266,PVT,5.0,-0.09087726520149393,R,1.4386852314081315,-0.16318658206701553,2.305822334625839
Male, Self-emp-not-inc, Prof-school,1.3439059744957311, Married-civ-spouse, Prof-specialty, Husband,-0.2644126153749733,-0.9442932832536152,-0.74511102991817,PVT,5.0,-0.09087726520149393,R,1.4386852314081315,-0.1988415748969917,0.36633044897107886
Male, Self-emp-inc, Prof-school,1.3439059744957311, Married-civ-spouse, Prof-specialty, Husband,4.744727466822466,1.1150462815499709,-0.41409147438951266,PVT,5.0,-0.09087726520149393,R,1.4386852314081315,0.899332204266276,0.6895790965802056
Male, Self-emp-not-inc, Bachelors,0.7658195317188305, Married-civ-spouse, Exec-managerial, Husband,-0.2644126153749733,0.7031783685892541,-0.3839987875232711,PUB,5.0,-0.09087726520149393,R,1.4386852314081315,-1.5055970621156203,-0.5226033319540196
Male, Private, Masters,1.0548627531072812, Married-civ-spouse, Prof-specialty, Husband,-0.2644126153749733,1.5269141945106874,-0.41409147438951266,PVT,123.0,-0.09087726520149393,I,1.4386852314081315,0.4001623046466089,-0.28016684624717497
Male, Private, HS-grad,-0.3903533538349704, Married-civ-spouse, Craft-repair, Husband,-0.2644126153749733,-0.12055745733218053,-0.41409147438951266,PVT,47.0,-0.09087726520149393,I,1.4386852314081315,-1.537686555662599,0.04308180136195194
Male, Private, Some-college,-0.10131013244652015, Married-civ-spouse, Transport-moving, Husband,-0.2644126153749733,0.2913104556285366,2.173879596107263,PVT,5.0,-0.09087726520149393,R,1.4386852314081315,-1.3094946015507511,-0.28016684624717497
Male, Self-emp-not-inc, Masters,1.0548627531072812, Married-civ-spouse, Prof-specialty, Husband,-0.2644126153749733,-0.20293103992432404,-0.41409147438951266,NBF,5.0,-0.09087726520149393,R,1.4386852314081315,0.9652939410017323,2.1441980108212757
Male, Private, Prof-school,1.3439059744957311, Married-civ-spouse, Prof-specialty, Husband,-0.2644126153749733,3.1743858463535566,-0.323813413790788,NBF,189.0,-0.09087726520149393,I,1.4386852314081315,-1.6321722866620358,-0.6842276557585831
Male, Private, HS-grad,-0.3903533538349704, Married-civ-spouse, Transport-moving, Husband,-0.2644126153749733,0.5384312034049671,-0.6247402824532038,PVT,189.0,-0.09087726520149393,I,1.4386852314081315,1.3628471110559672,0.6895790965802056
Male, Private, Masters,1.0548627531072812, Married-civ-spouse, Craft-repair, Husband,-0.2644126153749733,-0.12055745733218053,-0.41409147438951266,NBF,5.0,-0.09087726520149393,R,1.4386852314081315,0.808411972549837,1.0128277441893325
Male, Self-emp-not-inc, Prof-school,1.3439059744957311, Never-married, Prof-specialty, Not-in-family,4.804878631370592,0.2913104556285366,-0.41409147438951266,NBF,5.0,-0.09087726520149393,R,1.4386852314081315,-1.4128940807576822,0.12389396326423367
Male, Private, Some-college,-0.10131013244652015, Married-civ-spouse, Transport-moving, Husband,-0.2644126153749733,-0.12055745733218053,-0.41409147438951266,PVT,123.0,-0.09087726520149393,I,1.4386852314081315,1.476943088111891,0.7703912584824878
Male, State-gov, Bachelors,0.7658195317188305, Married-civ-spouse, Prof-specialty, Husband,-0.2644126153749733,-0.532425370292898,2.173879596107263,NBF,189.0,-0.09087726520149393,I,1.4386852314081315,1.5286428277153565,0.6895790965802056
Male, Self-emp-inc, Bachelors,0.7658195317188305, Married-civ-spouse, Prof-specialty, Husband,-0.2644126153749733,1.5269141945106874,2.173879596107263,PVT,5.0,-0.09087726520149393,R,1.4386852314081315,0.5677407709474974,0.6895790965802056
Male, Private, Bachelors,0.7658195317188305, Married-civ-spouse, Exec-managerial, Husband,-0.2644126153749733,0.7031783685892541,-0.5946475955869621,PVT,5.0,-0.09087726520149393,R,1.4386852314081315,1.4323743470744208,-0.3609790081494562
Male, Private, HS-grad,-0.3903533538349704, Married-civ-spouse, Craft-repair, Husband,3.5686684910021973,0.7031783685892541,-0.74511102991817,PVT,5.0,-0.09087726520149393,R,1.4386852314081315,-1.478855817493138,-0.6842276557585831
Male, Local-gov, Bachelors,0.7658195317188305, Married-civ-spouse, Adm-clerical, Husband,-0.2644126153749733,0.2913104556285366,-0.5946475955869621,PVT,5.0,-0.09087726520149393,R,1.4386852314081315,1.4163296003009314,0.6087669346779243
Male, Self-emp-not-inc, Doctorate,1.6329491958841817, Married-civ-spouse, Prof-specialty, Husband,-0.2644126153749733,1.5269141945106874,-0.41409147438951266,PVT,173.0,-0.09087726520149393,I,1.4386852314081315,1.1150449108876326,1.0936399060916138
Male, Private, Masters,-0.10131013244652015, Married-civ-spouse, Sales, Husband,-0.2644126153749733,0.7031783685892541,-0.41409147438951266,NBF,5.0,-0.09087726520149393,R,1.4386852314081315,-0.3075893030284192,0.9320155822870502
Male, Self-emp-not-inc, Bachelors,0.7658195317188305, Married-civ-spouse, Sales, Husband,-0.2644126153749733,1.5269141945106874,-0.5946475955869621,PVT,5.0,-0.09087726520149393,R,1.4386852314081315,-0.9868169164394665,0.6087669346779243
Male, Self-emp-not-inc, HS-grad,-0.3903533538349704, Married-civ-spouse, Craft-repair, Husband,-0.2644126153749733,-0.9442932832536152,2.173879596107263,NBF,5.0,-0.09087726520149393,R,1.4386852314081315,0.65331275373944,2.0633858489189945
Female, Private, Masters,1.0548627531072812, Divorced, Exec-managerial, Not-in-family,-0.2644126153749733,0.7031783685892541,-0.41409147438951266,NBF,189.0,-0.09087726520149393,I,1.4386852314081315,1.644521554412779,0.5279547727756421
Female, Federal-gov, HS-grad,-0.3903533538349704, Married-civ-spouse, Adm-clerical, Wife,-0.2644126153749733,-0.12055745733218053,-0.323813413790788,NBF,5.0,-0.09087726520149393,R,1.4386852314081315,1.0740416691331596,-0.11854252244261151
Male, Self-emp-inc, Prof-school,1.3439059744957311, Separated, Prof-specialty, Not-in-family,-0.2644126153749733,-0.12055745733218053,-0.3839987875232711,PVT,5.0,-0.09087726520149393,R,1.4386852314081315,-0.6480944845546921,1.8209493632121487
Male, Self-emp-not-inc, Bachelors,0.7658195317188305, Married-civ-spouse, Exec-managerial, Husband,-0.2644126153749733,-0.12055745733218053,-0.41409147438951266,PVT,189.0,-0.09087726520149393,I,1.4386852314081315,-1.0884336460048984,1.174452067993896
Male, Private, Some-college,-0.10131013244652015, Never-married, Sales, Not-in-family,-0.2644126153749733,0.7031783685892541,-0.41409147438951266,NBF,189.0,-0.09087726520149393,I,1.4386852314081315,-1.3665425900787131,-0.6842276557585831
Male, Self-emp-not-inc, HS-grad,-0.3903533538349704, Married-civ-spouse, Exec-managerial, Husband,-0.2644126153749733,0.2913104556285366,-0.41409147438951266,NBF,5.0,-0.09087726520149393,R,1.4386852314081315,1.1346551569441192,1.0936399060916138
Female, Private, Some-college,-0.10131013244652015, Divorced, Adm-clerical, Own-child,-0.2644126153749733,0.20893687303639308,2.173879596107263,PVT,189.0,-0.09087726520149393,I,1.4386852314081315,0.8298049682478225,0.12389396326423367
Male, Private, Bachelors,0.7658195317188305, Married-civ-spouse, Exec-managerial, Husband,-0.2644126153749733,-0.12055745733218053,-0.5946475955869621,PVT,5.0,-0.09087726520149393,R,1.4386852314081315,0.1149223620067992,-0.8458519795631466
Male, Self-emp-inc, Some-college,-0.10131013244652015, Married-civ-spouse, Exec-managerial, Husband,-0.2644126153749733,1.5269141945106874,-0.74511102991817,PVT,189.0,-0.09087726520149393,I,1.4386852314081315,-0.630266988139704,-1.00747630336771
Male, State-gov, Bachelors,0.7658195317188305, Married-civ-spouse, Exec-managerial, Husband,-0.2644126153749733,-0.12055745733218053,2.173879596107263,PVT,58.0,1.3392439082325422,M,1.4386852314081315,-1.027820158193939,0.4471426108733606
Male, Private, Doctorate,1.6329491958841817, Never-married, Prof-specialty, Not-in-family,-0.2644126153749733,-0.12055745733218053,-0.41409147438951266,PVT,5.0,-0.09087726520149393,R,1.4386852314081315,0.36450731181663276,1.0128277441893325
Male, Private, HS-grad,-0.3903533538349704, Married-civ-spouse, Machine-op-inspct, Husband,-0.2644126153749733,-0.12055745733218053,-0.41409147438951266,NBF,5.0,-0.09087726520149393,R,1.4386852314081315,0.5962647652114784,-0.19935468434489326
Male, Private, Bachelors,0.7658195317188305, Divorced, Adm-clerical, Not-in-family,-0.2644126153749733,-0.12055745733218053,-0.323813413790788,PVT,5.0,-0.09087726520149393,R,1.4386852314081315,-1.5911690449075633,1.8209493632121487
Female, Private, Bachelors,0.7658195317188305, Married-civ-spouse, Tech-support, Wife,-0.2644126153749733,-0.12055745733218053,2.173879596107263,PVT,5.0,-0.09087726520149393,R,1.4386852314081315,0.21475634193073254,1.5785128775053041
Male, Private, HS-grad,-0.3903533538349704, Married-civ-spouse, Machine-op-inspct, Husband,-0.2644126153749733,-0.12055745733218053,-0.41409147438951266,PVT,5.0,-0.09087726520149393,R,1.4386852314081315,-1.4111113311161834,1.4168885537007405
Female, Private, HS-grad,-0.3903533538349704, Married-civ-spouse, Transport-moving, Wife,3.6806741077469844,-1.1090404484379017,-0.3839987875232711,HFC,58.0,-0.09087726520149393,M,1.4386852314081315,1.2844061268300193,-0.28016684624717497
Male, Private, Bachelors,0.7658195317188305, Married-civ-spouse, Tech-support, Husband,3.6806741077469844,-0.12055745733218053,-0.41409147438951266,PVT,5.0,-0.09087726520149393,R,1.4386852314081315,-1.489552315342131,-0.6842276557585831
Male, Self-emp-inc, Prof-school,1.3439059744957311, Married-civ-spouse, Prof-specialty, Husband,-0.2644126153749733,1.5269141945106874,-0.41409147438951266,PVT,189.0,-0.09087726520149393,I,1.4386852314081315,1.6534353026202733,0.7703912584824878
Female, Self-emp-not-inc, 11th,-0.9684397966118709, Divorced, Other-service, Not-in-family,-0.2644126153749733,-0.12055745733218053,-0.5946475955869621,PVT,5.0,-0.09087726520149393,R,1.4386852314081315,0.476820539231058,2.225010172723558
Male, Private, HS-grad,-0.3903533538349704, Married-civ-spouse, Craft-repair, Husband,-0.2644126153749733,-0.12055745733218053,-0.41409147438951266,NBF,189.0,-0.09087726520149393,I,1.4386852314081315,-1.1740056287968417,1.5785128775053041
Male, Local-gov, Masters,1.0548627531072812, Married-civ-spouse, Prof-specialty, Husband,-0.2644126153749733,0.7031783685892541,-0.41409147438951266,NBF,189.0,-0.09087726520149393,I,1.4386852314081315,-0.5678707506872457,1.4168885537007405
Male, Self-emp-inc, HS-grad,-0.3903533538349704, Married-civ-spouse, Sales, Husband,3.836237464336967,-0.12055745733218053,-0.41409147438951266,PVT,5.0,-0.09087726520149393,R,1.4386852314081315,0.9545974431527392,-1.2499127890745552
Male, Private, HS-grad,-0.3903533538349704, Married-civ-spouse, Transport-moving, Husband,-0.2644126153749733,0.7031783685892541,2.173879596107263,PVT,5.0,-0.09087726520149393,R,1.4386852314081315,-1.3629770907957155,1.2552642298961771
Male, Local-gov, HS-grad,-0.3903533538349704, Married-civ-spouse, Protective-serv, Husband,-0.2644126153749733,1.5269141945106874,-0.5043695349882374,PVT,189.0,-0.09087726520149393,I,1.4386852314081315,-0.535781257140267,0.6895790965802056
Female, Private, HS-grad,-0.3903533538349704, Married-civ-spouse, Adm-clerical, Wife,-0.2644126153749733,-0.12055745733218053,-0.323813413790788,NBF,5.0,-0.09087726520149393,R,1.4386852314081315,-1.0830853970804022,1.0936399060916138
Male, Self-emp-inc, Doctorate,1.6329491958841817, Separated, Prof-specialty, Not-in-family,-0.2644126153749733,-0.12055745733218053,-0.74511102991817,PUB,5.0,-0.09087726520149393,R,1.4386852314081315,-1.4111113311161834,0.9320155822870502
Male, Private, HS-grad,-0.3903533538349704, Married-civ-spouse, Sales, Husband,-0.2644126153749733,0.2913104556285366,-0.41409147438951266,PVT,5.0,-0.09087726520149393,R,1.4386852314081315,-0.4858642671783004,-0.3609790081494562
Male, Private, HS-grad,-0.3903533538349704, Married-civ-spouse, Exec-managerial, Husband,-0.2644126153749733,-0.12055745733218053,-0.41409147438951266,PVT,5.0,-0.09087726520149393,R,1.4386852314081315,0.12740160949729074,-0.8458519795631466
Male, Private, Bachelors,0.7658195317188305, Married-civ-spouse, Other-service, Husband,-0.2644126153749733,-0.12055745733218053,-0.41409147438951266,PVT,5.0,-0.09087726520149393,R,1.4386852314081315,1.3254093685844919,1.0128277441893325
Male, Private, Bachelors,0.7658195317188305, Married-civ-spouse, Sales, Husband,-0.2644126153749733,-1.2737876136221888,-0.41409147438951266,PVT,5.0,-0.09087726520149393,R,1.4386852314081315,-0.6195704902907111,0.8512034203847689
Male, Private, HS-grad,-0.3903533538349704, Married-civ-spouse, Transport-moving, Husband,4.394191369973038,-0.12055745733218053,-0.41409147438951266,NBF,173.0,-0.09087726520149393,I,1.4386852314081315,-1.1597436316648508,2.1441980108212757
Male, State-gov, Bachelors,-0.10131013244652015, Married-civ-spouse, Prof-specialty, Husband,-0.2644126153749733,-0.12055745733218053,2.173879596107263,PVT,5.0,-0.09087726520149393,R,1.4386852314081315,1.364629860697466,-0.6842276557585831
Male, Self-emp-inc, Bachelors,0.7658195317188305, Married-civ-spouse, Sales, Husband,3.836237464336967,1.5269141945106874,-0.41409147438951266,PVT,5.0,-0.09087726520149393,R,1.4386852314081315,0.6622265019469343,0.36633044897107886
Male, Private, Some-college,-0.10131013244652015, Married-civ-spouse, Exec-managerial, Husband,-0.2644126153749733,-0.12055745733218053,-0.6247402824532038,PVT,189.0,-0.09087726520149393,I,1.4386852314081315,-1.3772390879277059,-0.44179117005173796
Male, State-gov, Bachelors,0.7658195317188305, Married-civ-spouse, Exec-managerial, Husband,-0.2644126153749733,0.2913104556285366,-0.323813413790788,PVT,173.0,-0.09087726520149393,I,1.4386852314081315,-0.47695051897080626,1.174452067993896
Male, Private, 11th,-0.9684397966118709, Married-civ-spouse, Farming-fishing, Husband,-0.2644126153749733,1.1150462815499709,-0.5946475955869621,PVT,189.0,-0.09087726520149393,I,1.4386852314081315,-0.26302056199094886,-0.6034154938563014
Female, Private, HS-grad,-0.3903533538349704, Married-civ-spouse, Adm-clerical, Wife,-0.2644126153749733,-0.12055745733218053,2.173879596107263,INS,5.0,-0.09087726520149393,R,1.4386852314081315,-0.6890977263091648,0.2047061251665154
Male, Local-gov, HS-grad,-0.3903533538349704, Married-civ-spouse, Transport-moving, Husband,-0.2644126153749733,-0.12055745733218053,-0.323813413790788,NBF,189.0,-0.09087726520149393,I,1.4386852314081315,-0.46090577219731693,1.0936399060916138
Male, Self-emp-inc, Doctorate,1.6329491958841817, Married-civ-spouse, Sales, Husband,-0.2644126153749733,-0.12055745733218053,-0.74511102991817,PUB,47.0,-0.09087726520149393,I,1.4386852314081315,1.1007829137556417,0.2047061251665154
Male, Self-emp-not-inc, Bachelors,0.7658195317188305, Married-civ-spouse, Farming-fishing, Husband,-0.2644126153749733,-0.12055745733218053,-0.41409147438951266,PVT,5.0,-0.09087726520149393,R,1.4386852314081315,-0.17923132884050483,0.6087669346779243
Male, Private, Doctorate,1.6329491958841817, Married-civ-spouse, Exec-managerial, Husband,-0.2644126153749733,3.1743858463535566,-0.5946475955869621,PVT,5.0,-0.09087726520149393,R,1.4386852314081315,1.024124679171193,1.3360763917984593
Female, Private, HS-grad,-0.3903533538349704, Married-civ-spouse, Other-service, Wife,3.6806741077469844,-0.532425370292898,-0.74511102991817,PVT,58.0,-0.09087726520149393,M,1.4386852314081315,-1.3861528361352,-0.7650398176608648
Male, Private, Prof-school,1.3439059744957311, Married-civ-spouse, Prof-specialty, Husband,-0.2644126153749733,1.5269141945106874,-0.41409147438951266,PVT,5.0,-0.09087726520149393,R,1.4386852314081315,0.1024431145163073,0.12389396326423367
Female, Private, Some-college,-0.10131013244652015, Married-civ-spouse, Sales, Wife,-0.2644126153749733,-0.9442932832536152,-0.5946475955869621,PVT,5.0,-0.09087726520149393,R,1.4386852314081315,-0.6819667277431697,0.04308180136195194
Male, Private, Some-college,-0.10131013244652015, Married-civ-spouse, Exec-managerial, Husband,-0.2644126153749733,3.1743858463535566,2.173879596107263,NBF,5.0,-0.09087726520149393,R,1.4386852314081315,1.5981700637338105,-0.11854252244261151
Female, Private, Bachelors,0.7658195317188305, Married-civ-spouse, Adm-clerical, Wife,-0.2644126153749733,-0.12055745733218053,-0.41409147438951266,PVT,5.0,-0.09087726520149393,R,1.4386852314081315,1.1007829137556417,-0.6842276557585831
Male, Private, Some-college,-0.10131013244652015, Married-civ-spouse, Transport-moving, Husband,-0.2644126153749733,-0.12055745733218053,-0.3839987875232711,HFC,58.0,1.3392439082325422,M,1.4386852314081315,-0.41455428151834783,1.4168885537007405
Male, Private, HS-grad,-0.3903533538349704, Married-civ-spouse, Craft-repair, Husband,-0.2644126153749733,-0.12055745733218053,-0.41409147438951266,PVT,5.0,-0.09087726520149393,R,1.4386852314081315,1.3878056060369504,0.7703912584824878
Male, Private, Prof-school,1.3439059744957311, Married-civ-spouse, Prof-specialty, Husband,-0.2644126153749733,0.3736840382206801,-0.6247402824532038,PVT,189.0,-0.09087726520149393,I,1.4386852314081315,0.975990438850725,0.2047061251665154
Male, Private, HS-grad,-0.3903533538349704, Married-civ-spouse, Craft-repair, Husband,-0.2644126153749733,-0.12055745733218053,-0.323813413790788,NBF,189.0,-0.09087726520149393,I,1.4386852314081315,0.2914145765151816,1.0128277441893325
Male, Self-emp-inc, Masters,1.0548627531072812, Married-civ-spouse, Exec-managerial, Husband,-0.2644126153749733,1.5269141945106874,-0.41409147438951266,PVT,5.0,-0.09087726520149393,R,1.4386852314081315,1.1970513943965775,0.6087669346779243
Male, Private, Bachelors,0.7658195317188305, Married-civ-spouse, Exec-managerial, Husband,-0.2644126153749733,1.5269141945106874,-0.41409147438951266,PVT,5.0,-0.09087726520149393,R,1.4386852314081315,-1.3291048476072382,0.12389396326423367
Male, Self-emp-not-inc, Masters,1.0548627531072812, Married-civ-spouse, Prof-specialty, Husband,-0.2644126153749733,-0.9442932832536152,-0.41409147438951266,NBF,5.0,-0.09087726520149393,R,1.4386852314081315,-0.07226635035057595,0.4471426108733606
Male, Private, HS-grad,-0.3903533538349704, Married-civ-spouse, Protective-serv, Husband,-0.2644126153749733,-0.12055745733218053,-0.5946475955869621,PVT,5.0,-0.09087726520149393,R,1.4386852314081315,1.1899203958305824,-0.6842276557585831
Male, Self-emp-not-inc, Doctorate,1.6329491958841817, Married-civ-spouse, Prof-specialty, Husband,-0.2644126153749733,-0.12055745733218053,-0.41409147438951266,PVT,5.0,-0.09087726520149393,R,1.4386852314081315,0.18444959802525274,-0.6842276557585831
Female, Federal-gov, Bachelors,0.7658195317188305, Married-civ-spouse, Prof-specialty, Wife,-0.2644126153749733,0.5384312034049671,2.173879596107263,PVT,5.0,-0.09087726520149393,R,1.4386852314081315,0.49464803564604587,-0.11854252244261151
Male, Private, Bachelors,0.7658195317188305, Married-civ-spouse, Sales, Husband,-0.2644126153749733,0.2913104556285366,-0.5946475955869621,PVT,5.0,-0.09087726520149393,R,1.4386852314081315,-1.1187403899103783,-1.1691006271722735
Male, Private, Doctorate,1.6329491958841817, Married-civ-spouse, Prof-specialty, Husband,-0.2644126153749733,-0.12055745733218053,-0.74511102991817,PUB,47.0,-0.09087726520149393,I,1.4386852314081315,-0.7621904616106161,0.9320155822870502
Male, Private, Some-college,-0.10131013244652015, Divorced, Sales, Not-in-family,-0.2644126153749733,1.9387821074714051,-0.323813413790788,NBF,173.0,-0.09087726520149393,I,1.4386852314081315,-0.1382280870860319,1.2552642298961771
Female, Private, Bachelors,0.7658195317188305, Married-civ-spouse, Tech-support, Wife,-0.2644126153749733,-1.3561611962143318,-0.323813413790788,PVT,5.0,-0.09087726520149393,R,1.4386852314081315,0.5053445334950389,0.2047061251665154
Male, Self-emp-inc, Bachelors,0.7658195317188305, Married-civ-spouse, Exec-managerial, Husband,-0.2644126153749733,-0.12055745733218053,2.173879596107263,PVT,5.0,-0.09087726520149393,R,1.4386852314081315,-0.9707721696659769,0.36633044897107886
Male, Private, HS-grad,-0.3903533538349704, Married-civ-spouse, Craft-repair, Husband,-0.2644126153749733,-0.12055745733218053,2.173879596107263,PVT,58.0,-0.09087726520149393,M,1.4386852314081315,0.8298049682478225,0.2047061251665154
Female, Self-emp-inc, Assoc-acdm,0.4767763103303807, Married-civ-spouse, Exec-managerial, Wife,-0.2644126153749733,-1.7680291091750493,-0.41409147438951266,NBF,5.0,-0.09087726520149393,R,1.4386852314081315,-0.5411295060647634,0.04308180136195194
Male, Private, Some-college,-0.10131013244652015, Married-civ-spouse, Prof-specialty, Husband,-0.2644126153749733,0.7031783685892541,-0.41409147438951266,NBF,130.0,-0.09087726520149393,I,1.4386852314081315,-1.0830853970804022,0.6895790965802056
Male, Private, Some-college,-0.10131013244652015, Married-civ-spouse, Transport-moving, Husband,-0.2644126153749733,2.680144350800696,-0.323813413790788,PVT,173.0,-0.09087726520149393,I,1.4386852314081315,1.2630131311320336,1.6593250394075854
Male, Private, Doctorate,1.6329491958841817, Married-civ-spouse, Prof-specialty, Husband,3.836237464336967,0.7031783685892541,-0.41409147438951266,NBF,189.0,-0.09087726520149393,I,1.4386852314081315,-1.621475788813043,1.2552642298961771
Male, Private, Bachelors,0.7658195317188305, Married-civ-spouse, Sales, Husband,-0.2644126153749733,-0.532425370292898,-0.41409147438951266,PVT,5.0,-0.09087726520149393,R,1.4386852314081315,-1.3005808533432572,1.2552642298961771
Male, Private, Bachelors,0.7658195317188305, Never-married, Exec-managerial, Not-in-family,-0.2644126153749733,-0.12055745733218053,2.173879596107263,PVT,5.0,-0.09087726520149393,R,1.4386852314081315,-1.6321722866620358,-0.3609790081494562
Male, Self-emp-inc, Bachelors,0.7658195317188305, Married-civ-spouse, Prof-specialty, Husband,-0.2644126153749733,0.7031783685892541,-0.41409147438951266,NBF,189.0,-0.09087726520149393,I,1.4386852314081315,-0.7051424730826541,1.4977007156030229
Female, Private, Assoc-acdm,0.4767763103303807, Married-civ-spouse, Sales, Wife,3.6806741077469844,-0.12055745733218053,2.173879596107263,PVT,58.0,-0.09087726520149393,M,1.4386852314081315,-1.120523139551877,0.8512034203847689
Male, Private, Some-college,-0.10131013244652015, Married-civ-spouse, Sales, Husband,-0.2644126153749733,-0.12055745733218053,-0.74511102991817,PVT,5.0,-0.09087726520149393,R,1.4386852314081315,0.06322262240333355,0.4471426108733606
Female, Private, HS-grad,-0.3903533538349704, Married-civ-spouse, Adm-clerical, Wife,-0.2644126153749733,-0.12055745733218053,-0.5946475955869621,PVT,5.0,-0.09087726520149393,R,1.4386852314081315,1.1524826533591075,1.174452067993896
Male, Private, Some-college,-0.10131013244652015, Married-civ-spouse, Exec-managerial, Husband,-0.2644126153749733,1.5269141945106874,2.173879596107263,PVT,5.0,-0.09087726520149393,R,1.4386852314081315,0.5659580213059986,-0.5226033319540196
Male, State-gov, Masters,1.0548627531072812, Married-civ-spouse, Prof-specialty, Husband,3.836237464336967,0.7031783685892541,-0.3839987875232711,PVT,5.0,-0.09087726520149393,R,1.4386852314081315,-0.41455428151834783,1.5785128775053041
Male, Private, Some-college,-0.10131013244652015, Married-civ-spouse, Sales, Husband,3.836237464336967,1.5269141945106874,-0.41409147438951266,NBF,5.0,-0.09087726520149393,R,1.4386852314081315,-0.817455700497079,-0.037730360540329785
Male, Self-emp-not-inc, Bachelors,0.7658195317188305, Married-civ-spouse, Prof-specialty, Husband,-0.2644126153749733,1.5269141945106874,-0.3839987875232711,HFC,5.0,-0.09087726520149393,R,1.4386852314081315,1.683742046525753,1.0936399060916138
Male, Self-emp-not-inc, Masters,1.0548627531072812, Married-civ-spouse, Prof-specialty, Husband,-0.2644126153749733,-0.12055745733218053,-0.3839987875232711,PVT,5.0,-0.09087726520149393,R,1.4386852314081315,1.533991076639853,1.4977007156030229
Female, Private, HS-grad,-0.3903533538349704, Married-civ-spouse, Adm-clerical, Wife,-0.2644126153749733,-0.12055745733218053,-0.41409147438951266,PVT,5.0,-0.09087726520149393,R,1.4386852314081315,-1.1722228791553426,1.5785128775053041
Male, Private, Bachelors,0.7658195317188305, Married-civ-spouse, Sales, Husband,-0.2644126153749733,0.7031783685892541,2.173879596107263,PVT,5.0,-0.09087726520149393,R,1.4386852314081315,-0.43773002685783247,-0.8458519795631466
Female, Private, Masters,1.0548627531072812, Divorced, Other-service, Not-in-family,-0.2644126153749733,-1.9327762743593362,-0.29372072692454637,NBF,5.0,-0.09087726520149393,R,1.4386852314081315,0.45542754353307213,1.0128277441893325
Male, Self-emp-inc, Bachelors,0.7658195317188305, Married-civ-spouse, Sales, Husband,-0.2644126153749733,0.7031783685892541,-0.3839987875232711,HFC,5.0,-0.09087726520149393,R,1.4386852314081315,-1.034951156759934,2.305822334625839
Male, Private, Doctorate,1.6329491958841817, Married-civ-spouse, Prof-specialty, Husband,-0.2644126153749733,-0.12055745733218053,-0.41409147438951266,NBF,195.0,-0.09087726520149393,I,1.4386852314081315,-1.0706061495899102,0.12389396326423367
Male, Local-gov, Some-college,-0.10131013244652015, Married-civ-spouse, Other-service, Husband,2.815741845106682,-0.12055745733218053,2.173879596107263,PVT,130.0,-0.09087726520149393,I,1.4386852314081315,-0.30937205266991796,0.2047061251665154
Male, Private, Bachelors,0.7658195317188305, Married-civ-spouse, Exec-managerial, Husband,-0.2644126153749733,0.7031783685892541,2.173879596107263,NBF,189.0,-0.09087726520149393,I,1.4386852314081315,1.4323743470744208,0.6087669346779243
Male, Private, HS-grad,-0.3903533538349704, Married-civ-spouse, Exec-managerial, Husband,-0.2644126153749733,0.7031783685892541,2.173879596107263,PVT,5.0,-0.09087726520149393,R,1.4386852314081315,1.5375565759228504,-0.19935468434489326
Male, Self-emp-not-inc, HS-grad,-0.3903533538349704, Married-civ-spouse, Transport-moving, Husband,-0.2644126153749733,-0.12055745733218053,-0.41409147438951266,PVT,5.0,-0.09087726520149393,R,1.4386852314081315,-1.3504978433052237,1.0936399060916138
Female, Private, HS-grad,-0.3903533538349704, Married-civ-spouse, Adm-clerical, Wife,-0.2644126153749733,-0.532425370292898,2.173879596107263,NBF,189.0,-0.09087726520149393,I,1.4386852314081315,1.476943088111891,-0.44179117005173796
Male, Private, Bachelors,0.7658195317188305, Married-civ-spouse, Prof-specialty, Husband,-0.2644126153749733,0.2913104556285366,2.173879596107263,NBF,5.0,-0.09087726520149393,R,1.4386852314081315,1.2826233771885207,0.7703912584824878
Male, Private, Bachelors,0.7658195317188305, Divorced, Exec-managerial, Not-in-family,-0.2644126153749733,1.1150462815499709,-0.323813413790788,NBF,173.0,-0.09087726520149393,I,1.4386852314081315,0.476820539231058,0.9320155822870502
Male, Private, Masters,1.0548627531072812, Married-civ-spouse, Prof-specialty, Husband,-0.2644126153749733,0.2913104556285366,-0.41409147438951266,NBF,123.0,-0.09087726520149393,I,1.4386852314081315,0.9991661841902096,2.0633858489189945
Male, Private, Doctorate,1.6329491958841817, Married-civ-spouse, Prof-specialty, Husband,-0.2644126153749733,0.2913104556285366,-0.5946475955869621,PVT,173.0,-0.09087726520149393,I,1.4386852314081315,0.3805520585901222,0.2855182870687971
Male, Private, HS-grad,-0.3903533538349704, Married-civ-spouse, Handlers-cleaners, Husband,-0.2644126153749733,-0.12055745733218053,-0.3839987875232711,HFC,58.0,1.3392439082325422,M,1.4386852314081315,-0.43773002685783247,1.4168885537007405
Male, Local-gov, Masters,1.0548627531072812, Married-civ-spouse, Prof-specialty, Husband,-0.2644126153749733,-0.12055745733218053,-0.41409147438951266,PVT,5.0,-0.09087726520149393,R,1.4386852314081315,-1.432504326814169,1.0936399060916138
Male, Private, Some-college,-0.10131013244652015, Married-civ-spouse, Craft-repair, Husband,-0.2644126153749733,-0.12055745733218053,-0.41409147438951266,NBF,189.0,-0.09087726520149393,I,1.4386852314081315,1.0954346648311455,0.9320155822870502
Male, Private, Some-college,-0.10131013244652015, Married-civ-spouse, Sales, Husband,3.6806741077469844,0.7031783685892541,-0.41409147438951266,PVT,5.0,-0.09087726520149393,R,1.4386852314081315,0.6889677465694165,1.0128277441893325
Male, Self-emp-not-inc, HS-grad,-0.3903533538349704, Never-married, Craft-repair, Not-in-family,-0.2644126153749733,0.2913104556285366,2.173879596107263,PVT,5.0,-0.09087726520149393,R,1.4386852314081315,0.06322262240333355,-0.3609790081494562
Male, Self-emp-not-inc, Masters,1.0548627531072812, Married-civ-spouse, Prof-specialty, Husband,4.744727466822466,0.7031783685892541,-0.3839987875232711,HFC,58.0,1.3392439082325422,M,1.4386852314081315,0.6123095119849675,2.0633858489189945
Male, Private, Assoc-voc,0.18773308894193008, Married-civ-spouse, Tech-support, Husband,-0.2644126153749733,-0.12055745733218053,-0.74511102991817,PVT,5.0,-0.09087726520149393,R,1.4386852314081315,1.37354360890496,0.4471426108733606
Male, Self-emp-not-inc, 10th,-1.2574830180003211, Married-civ-spouse, Farming-fishing, Husband,-0.2644126153749733,4.739483915604281,-0.3839987875232711,HFC,5.0,-0.09087726520149393,R,1.4386852314081315,-0.8905484357985303,0.6087669346779243
Male, Private, Some-college,-0.10131013244652015, Married-civ-spouse, Adm-clerical, Husband,-0.2644126153749733,-2.1798970221357665,-0.5946475955869621,PVT,58.0,1.3392439082325422,M,1.4386852314081315,0.39481405572211253,2.4674466584304025
Male, Self-emp-not-inc, Bachelors,0.7658195317188305, Married-civ-spouse, Sales, Husband,-0.2644126153749733,-0.12055745733218053,-0.41409147438951266,PVT,5.0,-0.09087726520149393,R,1.4386852314081315,0.8779392085682906,2.225010172723558
Male, Self-emp-inc, Prof-school,1.3439059744957311, Married-civ-spouse, Prof-specialty, Husband,3.836237464336967,0.7031783685892541,-0.41409147438951266,NBF,189.0,-0.09087726520149393,I,1.4386852314081315,-0.8976794343645258,1.5785128775053041
Male, Private, Assoc-acdm,0.4767763103303807, Married-civ-spouse, Tech-support, Husband,-0.2644126153749733,0.7031783685892541,-0.3839987875232711,HFC,58.0,-0.09087726520149393,M,1.4386852314081315,1.052648673435174,-0.11854252244261151
Male, Private, Assoc-acdm,0.4767763103303807, Married-civ-spouse, Craft-repair, Not-in-family,-0.2644126153749733,0.7031783685892541,2.173879596107263,HFC,123.0,-0.09087726520149393,I,1.4386852314081315,-1.5501658031530907,-0.6034154938563014
Male, Private, Some-college,-0.10131013244652015, Married-civ-spouse, Exec-managerial, Husband,-0.2644126153749733,0.7031783685892541,-0.74511102991817,PUB,47.0,-0.09087726520149393,I,1.4386852314081315,1.345019614640979,1.174452067993896
Male, Private, Bachelors,0.7658195317188305, Married-civ-spouse, Sales, Husband,-0.2644126153749733,1.1150462815499709,2.173879596107263,NBF,189.0,-0.09087726520149393,I,1.4386852314081315,1.5357738262813516,-0.7650398176608648
Male, Private, Assoc-voc,0.18773308894193008, Married-civ-spouse, Craft-repair, Husband,-0.2644126153749733,-0.12055745733218053,-0.3839987875232711,HFC,58.0,-0.09087726520149393,M,1.4386852314081315,-1.509162561398618,0.7703912584824878
Male, Self-emp-not-inc, Some-college,-0.10131013244652015, Married-civ-spouse, Sales, Husband,-0.2644126153749733,1.5269141945106874,-0.41409147438951266,NBF,173.0,-0.09087726520149393,I,1.4386852314081315,0.1773185994592576,1.4977007156030229
Male, Private, 10th,-1.2574830180003211, Married-civ-spouse, Craft-repair, Husband,-0.2644126153749733,0.7031783685892541,-0.41409147438951266,NBF,191.0,-0.09087726520149393,I,1.4386852314081315,-0.6766184788186731,0.12389396326423367
Male, Self-emp-not-inc, Some-college,-0.10131013244652015, Married-civ-spouse, Craft-repair, Husband,-0.2644126153749733,0.2913104556285366,-0.5946475955869621,PVT,5.0,-0.09087726520149393,R,1.4386852314081315,0.36272456217513394,0.2047061251665154
Male, Self-emp-inc, Masters,1.0548627531072812, Married-civ-spouse, Exec-managerial, Husband,-0.2644126153749733,1.5269141945106874,-0.5946475955869621,PVT,5.0,-0.09087726520149393,R,1.4386852314081315,-0.9226379293455089,0.36633044897107886
Male, Private, HS-grad,-0.3903533538349704, Married-civ-spouse, Machine-op-inspct, Husband,-0.2644126153749733,-0.12055745733218053,-0.5946475955869621,PVT,5.0,-0.09087726520149393,R,1.4386852314081315,-1.1098266417028841,-0.5226033319540196
Male, Private, Bachelors,0.7658195317188305, Married-civ-spouse, Sales, Husband,-0.2644126153749733,-0.12055745733218053,-0.323813413790788,NBF,173.0,-0.09087726520149393,I,1.4386852314081315,-0.09722484533155938,1.4977007156030229
Male, Self-emp-inc, Some-college,-0.10131013244652015, Married-civ-spouse, Exec-managerial, Husband,-0.2644126153749733,0.7031783685892541,-0.5946475955869621,PVT,5.0,-0.09087726520149393,R,1.4386852314081315,-0.7639732112521149,0.8512034203847689
Male, Private, HS-grad,-0.3903533538349704, Married-civ-spouse, Craft-repair, Husband,-0.2644126153749733,-0.12055745733218053,-0.5946475955869621,PVT,195.0,-0.09087726520149393,I,1.4386852314081315,1.582125316960321,0.7703912584824878
Male, Private, Bachelors,0.7658195317188305, Married-civ-spouse, Prof-specialty, Husband,-0.2644126153749733,1.5269141945106874,-0.41409147438951266,NBF,189.0,-0.09087726520149393,I,1.4386852314081315,0.36450731181663276,0.5279547727756421
Male, Private, Some-college,-0.10131013244652015, Married-civ-spouse, Craft-repair, Husband,-0.2644126153749733,-0.12055745733218053,-0.41409147438951266,NBF,189.0,-0.09087726520149393,I,1.4386852314081315,-0.5660880010457469,1.9017615251144309
Male, Private, Bachelors,0.7658195317188305, Married-civ-spouse, Exec-managerial, Husband,-0.2644126153749733,1.1150462815499709,-0.5946475955869621,PVT,5.0,-0.09087726520149393,R,1.4386852314081315,-0.7104907220071505,0.7703912584824878
Male, Local-gov, Masters,1.0548627531072812, Married-civ-spouse, Prof-specialty, Husband,-0.2644126153749733,-0.12055745733218053,2.173879596107263,NBF,189.0,-0.09087726520149393,I,1.4386852314081315,-1.140133385608364,0.5279547727756421
Male, Self-emp-not-inc, Prof-school,1.3439059744957311, Never-married, Prof-specialty, Own-child,-0.2644126153749733,0.7031783685892541,2.173879596107263,PVT,5.0,-0.09087726520149393,R,1.4386852314081315,1.5482530737718436,-0.7650398176608648
Male, Private, Masters,1.0548627531072812, Married-civ-spouse, Prof-specialty, Husband,-0.2644126153749733,-0.12055745733218053,-0.3839987875232711,HFC,58.0,1.3392439082325422,M,1.4386852314081315,-0.7390147162711315,0.36633044897107886
Male, Local-gov, HS-grad,-0.3903533538349704, Married-civ-spouse, Transport-moving, Husband,-0.2644126153749733,-0.12055745733218053,-0.5946475955869621,PVT,5.0,-0.09087726520149393,R,1.4386852314081315,1.2434028850755467,-0.037730360540329785
Male, Private, Masters,1.0548627531072812, Married-civ-spouse, Tech-support, Husband,-0.2644126153749733,-0.12055745733218053,-0.41409147438951266,NBF,123.0,-0.09087726520149393,I,1.4386852314081315,1.678393797601257,0.6087669346779243
Female, Federal-gov, Assoc-voc,0.18773308894193008, Divorced, Craft-repair, Unmarried,-0.2644126153749733,-0.12055745733218053,-0.41409147438951266,NBF,5.0,-0.09087726520149393,R,1.4386852314081315,-0.9885996660809651,-0.44179117005173796
Male, Local-gov, HS-grad,-0.3903533538349704, Married-civ-spouse, Protective-serv, Husband,-0.2644126153749733,1.1150462815499709,-0.74511102991817,PUB,189.0,-0.09087726520149393,I,1.4386852314081315,-0.9226379293455089,-0.6034154938563014
Male, Self-emp-not-inc, Bachelors,0.7658195317188305, Married-civ-spouse, Sales, Husband,-0.2644126153749733,2.3506500204321217,-0.41409147438951266,PVT,123.0,-0.09087726520149393,I,1.4386852314081315,1.487639585960884,-0.7650398176608648
Male, Self-emp-not-inc, HS-grad,-0.3903533538349704, Widowed, Craft-repair, Not-in-family,-0.2644126153749733,1.1150462815499709,-0.74511102991817,NBF,47.0,-0.09087726520149393,I,1.4386852314081315,-1.592951794549062,1.4977007156030229
Female, Local-gov, Masters,1.0548627531072812, Never-married, Prof-specialty, Not-in-family,-0.2644126153749733,0.7031783685892541,2.173879596107263,PVT,5.0,-0.09087726520149393,R,1.4386852314081315,-0.14714183529352623,0.9320155822870502
Female, Private, HS-grad,-0.3903533538349704, Divorced, Exec-managerial, Unmarried,-0.2644126153749733,-0.12055745733218053,-0.323813413790788,NBF,173.0,-0.09087726520149393,I,1.4386852314081315,-1.471724818927143,0.6895790965802056
Male, Private, HS-grad,-0.3903533538349704, Married-civ-spouse, Sales, Husband,-0.2644126153749733,1.5269141945106874,-0.41409147438951266,NBF,191.0,-0.09087726520149393,I,1.4386852314081315,-1.1615263813063497,0.12389396326423367
Male, Private, Doctorate,1.6329491958841817, Married-civ-spouse, Prof-specialty, Husband,-0.2644126153749733,-0.12055745733218053,2.173879596107263,PVT,5.0,-0.09087726520149393,R,1.4386852314081315,-0.9190724300625113,0.2855182870687971
Male, Private, 10th,-1.2574830180003211, Married-civ-spouse, Craft-repair, Husband,3.649561436428988,0.4560576208128236,-0.5946475955869621,PVT,189.0,-0.09087726520149393,I,1.4386852314081315,0.6408335062489485,1.0936399060916138
Male, Self-emp-inc, Bachelors,0.7658195317188305, Married-civ-spouse, Sales, Husband,4.744727466822466,1.5269141945106874,2.173879596107263,PVT,5.0,-0.09087726520149393,R,1.4386852314081315,0.5071272831365378,0.04308180136195194
Male, Private, Bachelors,0.7658195317188305, Married-civ-spouse, Exec-managerial, Husband,-0.2644126153749733,1.5269141945106874,-0.41409147438951266,NBF,189.0,-0.09087726520149393,I,1.4386852314081315,-1.1953986244948271,-0.28016684624717497
Male, Private, Bachelors,0.7658195317188305, Married-civ-spouse, Prof-specialty, Husband,-0.2644126153749733,1.5269141945106874,-0.41409147438951266,NBF,5.0,-0.09087726520149393,R,1.4386852314081315,-1.0599096517409174,0.2047061251665154
Male, Private, Some-college,-0.10131013244652015, Married-civ-spouse, Transport-moving, Husband,-0.2644126153749733,0.12656329044425002,2.173879596107263,PVT,5.0,-0.09087726520149393,R,1.4386852314081315,0.7959327250593451,0.04308180136195194
Male, Self-emp-inc, Some-college,-0.10131013244652015, Married-civ-spouse, Sales, Husband,-0.2644126153749733,4.739483915604281,2.173879596107263,PVT,5.0,-0.09087726520149393,R,1.4386852314081315,0.6212232601924614,-0.5226033319540196
Male, Private, Some-college,-0.10131013244652015, Married-civ-spouse, Adm-clerical, Husband,-0.2644126153749733,-0.12055745733218053,2.173879596107263,PVT,5.0,-0.09087726520149393,R,1.4386852314081315,1.3396713657164827,1.2552642298961771
Male, Federal-gov, Bachelors,0.7658195317188305, Married-civ-spouse, Prof-specialty, Husband,-0.2644126153749733,-0.12055745733218053,-0.3839987875232711,PVT,58.0,-0.09087726520149393,M,1.4386852314081315,-1.063475151023915,1.4977007156030229
Male, Private, Some-college,-0.10131013244652015, Married-civ-spouse, Transport-moving, Husband,-0.2644126153749733,2.680144350800696,-0.41409147438951266,NBF,189.0,-0.09087726520149393,I,1.4386852314081315,0.2949800757981792,1.3360763917984593
Female, Private, Prof-school,1.3439059744957311, Married-civ-spouse, Other-service, Wife,-0.2644126153749733,1.5269141945106874,-0.41409147438951266,NBF,189.0,-0.09087726520149393,I,1.4386852314081315,-0.6819667277431697,-0.11854252244261151
Male, Self-emp-inc, HS-grad,-0.3903533538349704, Divorced, Sales, Unmarried,-0.2644126153749733,0.7031783685892541,2.173879596107263,PVT,47.0,-0.09087726520149393,I,1.4386852314081315,1.4163296003009314,-0.3609790081494562
Male, Private, Assoc-voc,0.18773308894193008, Married-civ-spouse, Craft-repair, Husband,-0.2644126153749733,-0.12055745733218053,-0.41409147438951266,PUB,123.0,-0.09087726520149393,I,1.4386852314081315,-0.22558281951947393,-0.28016684624717497
Male, Private, Bachelors,0.7658195317188305, Married-civ-spouse, Prof-specialty, Husband,-0.2644126153749733,-0.12055745733218053,-0.41409147438951266,PVT,5.0,-0.09087726520149393,R,1.4386852314081315,-0.5482605046307587,2.225010172723558
Male, Private, Bachelors,0.7658195317188305, Married-civ-spouse, Prof-specialty, Husband,3.836237464336967,0.7031783685892541,2.173879596107263,PVT,5.0,-0.09087726520149393,R,1.4386852314081315,0.9332044474547537,-0.6842276557585831
Female, Self-emp-not-inc, Bachelors,0.7658195317188305, Married-civ-spouse, Prof-specialty, Other-relative,-0.2644126153749733,-1.7680291091750493,2.173879596107263,BRO,5.0,-0.09087726520149393,R,1.4386852314081315,0.03648137778085134,-1.1691006271722735
Male, Local-gov, Prof-school,1.3439059744957311, Married-civ-spouse, Protective-serv, Husband,-0.2644126153749733,-0.12055745733218053,2.173879596107263,INS,5.0,-0.09087726520149393,R,1.4386852314081315,1.3592816117729696,0.6087669346779243
Male, Private, 11th,-0.9684397966118709, Never-married, Prof-specialty, Own-child,-0.2644126153749733,-0.12055745733218053,2.173879596107263,NBF,5.0,-0.09087726520149393,R,1.4386852314081315,-1.2684913597962786,-1.1691006271722735
Male, Private, Some-college,-0.10131013244652015, Married-civ-spouse, Prof-specialty, Husband,-0.2644126153749733,1.1974198641421143,2.173879596107263,NBF,189.0,-0.09087726520149393,I,1.4386852314081315,-1.5715587988510764,1.0936399060916138
Male, Private, Some-college,-0.10131013244652015, Married-civ-spouse, Sales, Husband,-0.2644126153749733,0.7031783685892541,-0.5946475955869621,PVT,5.0,-0.09087726520149393,R,1.4386852314081315,-0.40920603259385147,-0.11854252244261151
Male, Self-emp-not-inc, Prof-school,1.3439059744957311, Married-civ-spouse, Prof-specialty, Husband,3.6806741077469844,0.7031783685892541,2.173879596107263,PVT,5.0,-0.09087726520149393,R,1.4386852314081315,-1.633955036303535,0.2855182870687971
Female, Self-emp-inc, Bachelors,0.7658195317188305, Married-civ-spouse, Sales, Wife,-0.2644126153749733,-0.12055745733218053,2.173879596107263,PVT,5.0,-0.09087726520149393,R,1.4386852314081315,1.4395053456404159,1.4977007156030229
Female, Private, Assoc-voc,0.18773308894193008, Married-civ-spouse, Tech-support, Other-relative,-0.2644126153749733,-0.12055745733218053,2.173879596107263,PVT,5.0,-0.09087726520149393,R,1.4386852314081315,0.571306270230495,-0.6842276557585831
Male, Private, HS-grad,-0.3903533538349704, Married-civ-spouse, Transport-moving, Husband,3.6806741077469844,2.3506500204321217,-0.41409147438951266,NBF,5.0,-0.09087726520149393,R,1.4386852314081315,-1.6268240377375396,0.6087669346779243
Female, Private, HS-grad,-0.3903533538349704, Married-civ-spouse, Prof-specialty, Wife,-0.2644126153749733,-0.12055745733218053,-0.323813413790788,NBF,173.0,-0.09087726520149393,I,1.4386852314081315,0.9688594402847299,1.0936399060916138
Female, Private, Some-college,-0.10131013244652015, Never-married, Prof-specialty, Not-in-family,-0.2644126153749733,-0.2853046225164671,-0.5946475955869621,PVT,58.0,1.3392439082325422,M,1.4386852314081315,-1.0153409107034472,1.6593250394075854
Male, Private, Masters,1.0548627531072812, Never-married, Exec-managerial, Not-in-family,-0.2644126153749733,-0.12055745733218053,-0.3839987875232711,PUB,58.0,-0.09087726520149393,M,1.4386852314081315,1.2933198750375134,-0.28016684624717497
Female, Local-gov, Some-college,-0.10131013244652015, Divorced, Adm-clerical, Not-in-family,-0.2644126153749733,1.1150462815499709,2.173879596107263,PVT,5.0,-0.09087726520149393,R,1.4386852314081315,1.5232945787908603,1.3360763917984593
Male, Private, 7th-8th,-1.835569460777222, Never-married, Transport-moving, Not-in-family,-0.2644126153749733,0.5384312034049671,-0.41409147438951266,PVT,5.0,-0.09087726520149393,R,1.4386852314081315,-1.548383053511592,1.7401372013098675
Female, Private, Bachelors,0.7658195317188305, Married-spouse-absent, Exec-managerial, Not-in-family,-0.2644126153749733,1.5269141945106874,-0.74511102991817,PVT,47.0,-0.09087726520149393,I,1.4386852314081315,-0.41455428151834783,1.0128277441893325
Male, Private, Masters,1.0548627531072812, Married-civ-spouse, Prof-specialty, Husband,-0.2644126153749733,0.7031783685892541,2.173879596107263,PVT,5.0,-0.09087726520149393,R,1.4386852314081315,0.9492491942282428,0.5279547727756421
Male, Private, HS-grad,-0.3903533538349704, Married-civ-spouse, Adm-clerical, Husband,-0.2644126153749733,-0.12055745733218053,2.173879596107263,PVT,5.0,-0.09087726520149393,R,1.4386852314081315,-1.2542293626642878,0.2047061251665154
Male, Local-gov, Masters,1.0548627531072812, Married-civ-spouse, Exec-managerial, Husband,-0.2644126153749733,-0.12055745733218053,2.173879596107263,PVT,5.0,-0.09087726520149393,R,1.4386852314081315,0.7674087307953641,1.4977007156030229
Female, Private, Masters,1.0548627531072812, Married-civ-spouse, Prof-specialty, Wife,-0.2644126153749733,-1.7680291091750493,-0.3839987875232711,NBF,58.0,1.3392439082325422,M,1.4386852314081315,-0.4341645275748347,-0.037730360540329785
Male, Private, Some-college,-0.10131013244652015, Married-civ-spouse, Exec-managerial, Husband,-0.2644126153749733,1.5269141945106874,-0.41409147438951266,PVT,5.0,-0.09087726520149393,R,1.4386852314081315,-1.157960882023352,-0.19935468434489326
Male, Private, HS-grad,-0.3903533538349704, Married-civ-spouse, Sales, Husband,-0.2644126153749733,0.2913104556285366,-0.5946475955869621,PVT,5.0,-0.09087726520149393,R,1.4386852314081315,-1.5020315628326228,-0.11854252244261151
Male, Private, Prof-school,1.3439059744957311, Widowed, Prof-specialty, Unmarried,-0.2644126153749733,1.5269141945106874,-0.5946475955869621,PVT,5.0,-0.09087726520149393,R,1.4386852314081315,-0.9458136746849936,2.386634496528121
Male, Private, Assoc-voc,0.18773308894193008, Married-civ-spouse, Craft-repair, Husband,3.836237464336967,-0.12055745733218053,-0.41409147438951266,NBF,189.0,-0.09087726520149393,I,1.4386852314081315,-0.9493791739679911,-0.11854252244261151
Male, Private, Some-college,-0.10131013244652015, Married-civ-spouse, Tech-support, Husband,-0.2644126153749733,-0.12055745733218053,-0.323813413790788,NBF,173.0,-0.09087726520149393,I,1.4386852314081315,-1.3433668447392284,0.36633044897107886
Male, Private, Some-college,-0.10131013244652015, Married-civ-spouse, Exec-managerial, Husband,-0.2644126153749733,1.5269141945106874,-0.41409147438951266,NBF,999.0,-0.09087726520149393,I,1.4386852314081315,1.3182783700184968,0.2047061251665154
Male, Private, Masters,1.0548627531072812, Married-civ-spouse, Exec-managerial, Husband,-0.2644126153749733,1.5269141945106874,2.173879596107263,PVT,5.0,-0.09087726520149393,R,1.4386852314081315,1.3753263585464588,-0.44179117005173796
Male, Private, Assoc-acdm,0.4767763103303807, Married-civ-spouse, Prof-specialty, Husband,-0.2644126153749733,0.7031783685892541,-0.323813413790788,NBF,173.0,-0.09087726520149393,I,1.4386852314081315,0.14166360662928143,0.7703912584824878
Male, Federal-gov, Bachelors,0.7658195317188305, Married-civ-spouse, Exec-managerial, Husband,3.649561436428988,-0.12055745733218053,-0.74511102991817,PVT,5.0,-0.09087726520149393,R,1.4386852314081315,1.5963873140923113,0.6895790965802056
Female, Local-gov, Bachelors,0.7658195317188305, Never-married, Prof-specialty, Not-in-family,-0.2644126153749733,0.20893687303639308,-0.5946475955869621,PVT,5.0,-0.09087726520149393,R,1.4386852314081315,1.2434028850755467,0.04308180136195194
Male, State-gov, Assoc-voc,0.18773308894193008, Married-civ-spouse, Protective-serv, Husband,-0.2644126153749733,-0.12055745733218053,-0.41409147438951266,NBF,121.0,-0.09087726520149393,I,1.4386852314081315,0.10779136344080405,0.9320155822870502
Male, Private, HS-grad,-0.3903533538349704, Married-civ-spouse, Craft-repair, Husband,-0.2644126153749733,-0.12055745733218053,-0.5946475955869621,PVT,47.0,-0.09087726520149393,I,1.4386852314081315,-0.40029228438635733,-1.0882884652699918
Male, Private, Bachelors,0.7658195317188305, Never-married, Exec-managerial, Not-in-family,-0.2644126153749733,-0.12055745733218053,-0.5946475955869621,PVT,5.0,-0.09087726520149393,R,1.4386852314081315,-1.4752903182101407,-0.5226033319540196
Male, Private, Assoc-voc,0.18773308894193008, Married-civ-spouse, Prof-specialty, Husband,-0.2644126153749733,0.20893687303639308,2.173879596107263,HFC,123.0,-0.09087726520149393,I,1.4386852314081315,0.5873510170039841,-0.9266641414654283
Male, Private, 7th-8th,-1.835569460777222, Married-civ-spouse, Transport-moving, Husband,-0.2644126153749733,0.20893687303639308,-0.323813413790788,NBF,5.0,-0.09087726520149393,R,1.4386852314081315,-0.3682027908393788,1.4977007156030229
Male, Private, Masters,1.0548627531072812, Married-civ-spouse, Sales, Husband,-0.2644126153749733,0.7031783685892541,-0.5946475955869621,PVT,181.0,-0.09087726520149393,I,1.4386852314081315,-1.1650918805893473,0.04308180136195194
Male, Private, Assoc-acdm,0.4767763103303807, Married-civ-spouse, Prof-specialty, Husband,2.815741845106682,-0.12055745733218053,-0.41409147438951266,PVT,5.0,-0.09087726520149393,R,1.4386852314081315,1.2237926390190599,-0.11854252244261151
Male, Local-gov, Masters,1.0548627531072812, Married-civ-spouse, Prof-specialty, Husband,-0.2644126153749733,0.7031783685892541,-0.3839987875232711,HFC,58.0,-0.09087726520149393,M,1.4386852314081315,-1.368325339720212,0.2855182870687971
Male, Private, HS-grad,-0.3903533538349704, Married-civ-spouse, Sales, Husband,-0.2644126153749733,-0.12055745733218053,-0.41409147438951266,PVT,5.0,-0.09087726520149393,R,1.4386852314081315,-0.008087363256618777,1.174452067993896
Male, Private, Some-college,-0.10131013244652015, Married-civ-spouse, Exec-managerial, Husband,-0.2644126153749733,1.5269141945106874,2.173879596107263,PVT,5.0,-0.09087726520149393,R,1.4386852314081315,-1.0527786531749224,0.2047061251665154
Female, Private, Some-college,-0.10131013244652015, Married-civ-spouse, Exec-managerial, Wife,-0.2644126153749733,-0.532425370292898,-0.5946475955869621,PVT,189.0,-0.09087726520149393,I,1.4386852314081315,0.44116554640108147,0.04308180136195194
Male, Private, Some-college,-0.10131013244652015, Married-civ-spouse, Craft-repair, Husband,-0.2644126153749733,-0.12055745733218053,-0.41409147438951266,PVT,5.0,-0.09087726520149393,R,1.4386852314081315,-1.1989641237778248,1.4977007156030229
Male, Private, HS-grad,-0.3903533538349704, Married-civ-spouse, Sales, Husband,-0.2644126153749733,-0.12055745733218053,-0.41409147438951266,NBF,189.0,-0.09087726520149393,I,1.4386852314081315,0.571306270230495,1.4977007156030229
Female, Private, Bachelors,0.7658195317188305, Married-civ-spouse, Prof-specialty, Wife,-0.2644126153749733,-0.12055745733218053,-0.323813413790788,NBF,189.0,-0.09087726520149393,I,1.4386852314081315,0.6996642444184092,-0.19935468434489326
Female, Private, Prof-school,1.3439059744957311, Married-civ-spouse, Prof-specialty, Wife,3.6806741077469844,1.5269141945106874,2.173879596107263,PVT,5.0,-0.09087726520149393,R,1.4386852314081315,1.3681953599804637,0.6895790965802056
Male, Private, Some-college,-0.10131013244652015, Married-civ-spouse, Transport-moving, Husband,4.744727466822466,2.3506500204321217,-0.41409147438951266,PVT,189.0,-0.09087726520149393,I,1.4386852314081315,-1.5341210563796013,0.12389396326423367
Male, Private, Bachelors,0.7658195317188305, Married-civ-spouse, Exec-managerial, Wife,-0.2644126153749733,-0.12055745733218053,-0.41409147438951266,NBF,5.0,-0.09087726520149393,R,1.4386852314081315,-0.9743376689489746,-0.7650398176608648
Male, Private, HS-grad,-0.3903533538349704, Married-civ-spouse, Tech-support, Husband,-0.2644126153749733,-0.12055745733218053,-0.41409147438951266,NBF,173.0,-0.09087726520149393,I,1.4386852314081315,1.6356078062052855,-0.6842276557585831
Male, Private, HS-grad,-0.3903533538349704, Married-civ-spouse, Adm-clerical, Husband,-0.2644126153749733,0.5384312034049671,-0.323813413790788,PVT,5.0,-0.09087726520149393,R,1.4386852314081315,0.9100287021152691,-0.7650398176608648
Male, Private, Some-college,-0.10131013244652015, Married-civ-spouse, Sales, Husband,-0.2644126153749733,0.2913104556285366,-0.3839987875232711,HFC,58.0,1.3392439082325422,M,1.4386852314081315,0.808411972549837,0.9320155822870502
Male, State-gov, Masters,1.0548627531072812, Married-civ-spouse, Prof-specialty, Husband,-0.2644126153749733,0.7031783685892541,-0.6548329693194453,NBF,189.0,-0.09087726520149393,I,1.4386852314081315,1.279057877905523,0.5279547727756421
Male, State-gov, HS-grad,-0.3903533538349704, Married-civ-spouse, Exec-managerial, Husband,-0.2644126153749733,1.5269141945106874,-0.41409147438951266,NBF,189.0,-0.09087726520149393,I,1.4386852314081315,-0.2897618066134311,-0.5226033319540196
Male, Federal-gov, Bachelors,0.7658195317188305, Divorced, Exec-managerial, Not-in-family,-0.2644126153749733,1.1150462815499709,-0.3839987875232711,HFC,58.0,1.3392439082325422,M,1.4386852314081315,-1.215008870551314,0.9320155822870502
Male, Private, Some-college,-0.10131013244652015, Married-civ-spouse, Exec-managerial, Husband,3.6806741077469844,0.7031783685892541,-0.41409147438951266,NBF,5.0,-0.09087726520149393,R,1.4386852314081315,1.550035823413342,0.6087669346779243
Male, Self-emp-not-inc, HS-grad,-0.3903533538349704, Married-civ-spouse, Craft-repair, Husband,-0.2644126153749733,-0.12055745733218053,-0.41409147438951266,PVT,5.0,-0.09087726520149393,R,1.4386852314081315,-1.3861528361352,0.8512034203847689
Male, Private, HS-grad,-0.3903533538349704, Married-civ-spouse, Craft-repair, Husband,-0.2644126153749733,-0.12055745733218053,-0.5946475955869621,PVT,5.0,-0.09087726520149393,R,1.4386852314081315,-0.9565101725339866,1.4977007156030229
Male, Self-emp-inc, 7th-8th,-1.835569460777222, Married-civ-spouse, Machine-op-inspct, Husband,-0.2644126153749733,-0.12055745733218053,-0.323813413790788,NBF,5.0,-0.09087726520149393,R,1.4386852314081315,1.3895883556784494,1.2552642298961771
Male, Private, Bachelors,0.7658195317188305, Married-civ-spouse, Adm-clerical, Husband,-0.2644126153749733,0.2913104556285366,-0.323813413790788,NBF,5.0,-0.09087726520149393,R,1.4386852314081315,-1.5876035456245658,-0.037730360540329785
Female, Private, Bachelors,0.7658195317188305, Divorced, Sales, Not-in-family,-0.2644126153749733,0.7031783685892541,2.173879596107263,PVT,5.0,-0.09087726520149393,R,1.4386852314081315,1.0865209166236516,0.8512034203847689
Male, Self-emp-not-inc, Prof-school,1.3439059744957311, Married-civ-spouse, Prof-specialty, Husband,-0.2644126153749733,0.7031783685892541,-0.41409147438951266,NBF,189.0,-0.09087726520149393,I,1.4386852314081315,-0.847762444402559,0.6895790965802056
Male, Private, Prof-school,1.3439059744957311, Divorced, Prof-specialty, Not-in-family,-0.2644126153749733,0.2913104556285366,-0.74511102991817,NBF,5.0,-0.09087726520149393,R,1.4386852314081315,0.37342106002412667,0.04308180136195194
Male, Private, Masters,1.0548627531072812, Married-civ-spouse, Exec-managerial, Husband,-0.2644126153749733,0.7031783685892541,-0.74511102991817,NBF,173.0,-0.09087726520149393,I,1.4386852314081315,0.2789353290246897,1.4168885537007405
Female, Private, Assoc-acdm,0.4767763103303807, Married-civ-spouse, Prof-specialty, Wife,-0.2644126153749733,-0.12055745733218053,-0.3839987875232711,PVT,5.0,-0.09087726520149393,R,1.4386852314081315,-0.507257262876286,-1.00747630336771
Male, Private, Bachelors,0.7658195317188305, Divorced, Exec-managerial, Unmarried,-0.2644126153749733,0.2913104556285366,-0.3839987875232711,PVT,58.0,-0.09087726520149393,M,1.4386852314081315,1.3200611196599956,0.9320155822870502
Male, Private, Bachelors,0.7658195317188305, Never-married, Exec-managerial, Not-in-family,-0.2644126153749733,1.5269141945106874,-0.41409147438951266,PVT,5.0,-0.09087726520149393,R,1.4386852314081315,1.3681953599804637,-0.11854252244261151
Male, Private, HS-grad,-0.3903533538349704, Married-civ-spouse, Handlers-cleaners, Husband,-0.2644126153749733,-0.12055745733218053,-0.3839987875232711,HFC,58.0,1.3392439082325422,M,1.4386852314081315,1.0865209166236516,1.0936399060916138
Male, Self-emp-inc, Assoc-acdm,0.4767763103303807, Married-civ-spouse, Exec-managerial, Husband,-0.2644126153749733,0.7031783685892541,-0.323813413790788,NBF,5.0,-0.09087726520149393,R,1.4386852314081315,0.2539768340437063,0.04308180136195194
Male, Private, HS-grad,-0.3903533538349704, Married-civ-spouse, Adm-clerical, Husband,-0.2644126153749733,-0.12055745733218053,-0.41409147438951266,NBF,189.0,-0.09087726520149393,I,1.4386852314081315,0.32528681970365897,0.8512034203847689
Male, Self-emp-not-inc, Some-college,-0.10131013244652015, Married-civ-spouse, Other-service, Husband,-0.2644126153749733,-1.3561611962143318,2.173879596107263,PVT,5.0,-0.09087726520149393,R,1.4386852314081315,-1.557296801719086,0.9320155822870502
Male, Private, HS-grad,-0.3903533538349704, Married-civ-spouse, Sales, Husband,-0.2644126153749733,0.6208047859971102,-0.3839987875232711,HFC,121.0,-0.09087726520149393,I,1.4386852314081315,0.7157089911918983,0.2047061251665154
Male, Private, Bachelors,0.7658195317188305, Married-civ-spouse, Prof-specialty, Husband,-0.2644126153749733,0.2913104556285366,-0.3839987875232711,HFC,47.0,-0.09087726520149393,I,1.4386852314081315,-0.06870085106757837,0.2855182870687971
Male, Private, Assoc-voc,0.18773308894193008, Married-civ-spouse, Tech-support, Husband,-0.2644126153749733,-0.12055745733218053,-0.323813413790788,PVT,189.0,-0.09087726520149393,I,1.4386852314081315,-0.8709381897420436,0.12389396326423367
Male, Federal-gov, Bachelors,0.7658195317188305, Married-civ-spouse, Prof-specialty, Husband,-0.2644126153749733,-0.12055745733218053,-0.41409147438951266,PVT,5.0,-0.09087726520149393,R,1.4386852314081315,-1.3041463526262547,1.4168885537007405
Male, Self-emp-inc, Bachelors,0.7658195317188305, Married-civ-spouse, Exec-managerial, Husband,4.744727466822466,0.7031783685892541,-0.41409147438951266,PVT,5.0,-0.09087726520149393,R,1.4386852314081315,-0.7693214601766113,1.3360763917984593
Female, Local-gov, Bachelors,0.7658195317188305, Divorced, Prof-specialty, Not-in-family,-0.2644126153749733,-0.532425370292898,-0.6247402824532038,PVT,189.0,-0.09087726520149393,I,1.4386852314081315,-0.16496933170851433,0.6895790965802056
Male, State-gov, HS-grad,-0.3903533538349704, Married-civ-spouse, Prof-specialty, Husband,-0.2644126153749733,1.5269141945106874,-0.5946475955869621,PVT,5.0,-0.09087726520149393,R,1.4386852314081315,0.41798980106159717,1.0128277441893325
Male, Private, Bachelors,0.7658195317188305, Married-civ-spouse, Exec-managerial, Husband,-0.2644126153749733,-0.12055745733218053,2.173879596107263,PVT,5.0,-0.09087726520149393,R,1.4386852314081315,0.47147229030656124,-0.44179117005173796
Male, Federal-gov, HS-grad,-0.3903533538349704, Married-civ-spouse, Adm-clerical, Husband,-0.2644126153749733,-0.12055745733218053,-0.323813413790788,PVT,5.0,-0.09087726520149393,R,1.4386852314081315,0.3199385707791626,-0.037730360540329785
Male, Private, HS-grad,-0.3903533538349704, Married-civ-spouse, Transport-moving, Husband,-0.2644126153749733,-0.12055745733218053,-0.41409147438951266,PVT,5.0,-0.09087726520149393,R,1.4386852314081315,-1.6196930391715445,1.4977007156030229
Male, Private, Bachelors,0.7658195317188305, Married-civ-spouse, Exec-managerial, Husband,-0.2644126153749733,-0.12055745733218053,-0.5645549087207206,PUB,130.0,-0.09087726520149393,I,1.4386852314081315,-1.272056859079276,-0.44179117005173796
Male, Private, Assoc-voc,0.18773308894193008, Married-civ-spouse, Tech-support, Husband,-0.2644126153749733,-0.12055745733218053,-0.41409147438951266,PVT,5.0,-0.09087726520149393,R,1.4386852314081315,-0.6160049910077136,0.2047061251665154
Male, Private, Assoc-voc,0.18773308894193008, Married-civ-spouse, Craft-repair, Husband,-0.2644126153749733,0.7031783685892541,2.173879596107263,NBF,189.0,-0.09087726520149393,I,1.4386852314081315,-0.8335004472705684,-0.44179117005173796
Male, Private, HS-grad,-0.3903533538349704, Married-civ-spouse, Craft-repair, Husband,-0.2644126153749733,-0.12055745733218053,-0.323813413790788,NBF,130.0,1.3392439082325422,I,1.4386852314081315,0.7281882386823904,-0.11854252244261151
Male, Private, HS-grad,-0.3903533538349704, Married-civ-spouse, Craft-repair, Husband,-0.2644126153749733,1.5269141945106874,-0.5946475955869621,PVT,5.0,-0.09087726520149393,R,1.4386852314081315,0.0008263849508751716,-1.1691006271722735
Male, Private, 1st-4th,-2.4136559035541225, Married-civ-spouse, Machine-op-inspct, Husband,-0.2644126153749733,1.5269141945106874,-0.3839987875232711,HFC,58.0,-0.09087726520149393,M,1.4386852314081315,0.03826412742235013,1.8209493632121487
Male, Self-emp-not-inc, Doctorate,1.6329491958841817, Married-civ-spouse, Exec-managerial, Husband,-0.2644126153749733,-1.3561611962143318,-0.5946475955869621,PVT,5.0,-0.09087726520149393,R,1.4386852314081315,1.1132621612461338,2.0633858489189945
Male, Private, Doctorate,1.6329491958841817, Married-civ-spouse, Prof-specialty, Husband,-0.2644126153749733,1.1150462815499709,-0.5946475955869621,PVT,5.0,-0.09087726520149393,R,1.4386852314081315,0.776322479002858,0.6087669346779243
Female, Private, Bachelors,0.7658195317188305, Married-civ-spouse, Sales, Wife,-0.2644126153749733,-0.9442932832536152,-0.41409147438951266,PUB,123.0,4.199486255100615,I,1.4386852314081315,1.1667446504910979,-0.28016684624717497
Male, Federal-gov, HS-grad,-0.3903533538349704, Never-married, Adm-clerical, Not-in-family,-0.2644126153749733,-0.12055745733218053,-0.41409147438951266,PVT,5.0,-0.09087726520149393,R,1.4386852314081315,1.3771091081879576,2.305822334625839
Male, Private, Bachelors,0.7658195317188305, Married-civ-spouse, Sales, Husband,-0.2644126153749733,2.3506500204321217,-0.41409147438951266,PVT,123.0,-0.09087726520149393,I,1.4386852314081315,0.18088409874225517,2.5482588203326846
Female, Private, Bachelors,0.7658195317188305, Divorced, Exec-managerial, Not-in-family,-0.2644126153749733,0.7031783685892541,-0.5946475955869621,PVT,179.0,-0.09087726520149393,I,1.4386852314081315,-1.4057630821916869,0.2855182870687971
Male, Private, HS-grad,-0.3903533538349704, Married-civ-spouse, Craft-repair, Husband,-0.2644126153749733,1.9387821074714051,-0.41409147438951266,PVT,5.0,-0.09087726520149393,R,1.4386852314081315,0.24328033619471354,0.4471426108733606
Male, Private, Bachelors,0.7658195317188305, Married-civ-spouse, Prof-specialty, Husband,-0.2644126153749733,-0.12055745733218053,-0.41409147438951266,NBF,5.0,-0.09087726520149393,R,1.4386852314081315,0.9652939410017323,0.9320155822870502
Male, Private, Some-college,-0.10131013244652015, Married-civ-spouse, Farming-fishing, Husband,-0.2644126153749733,-0.12055745733218053,-0.41409147438951266,PVT,5.0,-0.09087726520149393,R,1.4386852314081315,0.7424502358143806,0.9320155822870502
Male, Federal-gov, Some-college,-0.10131013244652015, Married-civ-spouse, Prof-specialty, Husband,-0.2644126153749733,-0.12055745733218053,-0.41409147438951266,PVT,5.0,-0.09087726520149393,R,1.4386852314081315,0.6033957637774735,0.4471426108733606
Female, Private, HS-grad,-0.3903533538349704, Widowed, Craft-repair, Not-in-family,-0.2644126153749733,1.5269141945106874,-0.41409147438951266,PVT,5.0,-0.09087726520149393,R,1.4386852314081315,-1.0402994056844306,0.7703912584824878
Male, Self-emp-not-inc, 10th,-1.2574830180003211, Divorced, Exec-managerial, Own-child,-0.2644126153749733,1.5269141945106874,-0.41409147438951266,NBF,5.0,-0.09087726520149393,R,1.4386852314081315,-0.38424753761286806,1.4977007156030229
Male, Private, 10th,-1.2574830180003211, Married-civ-spouse, Sales, Husband,3.836237464336967,-0.12055745733218053,-0.74511102991817,PUB,173.0,-0.09087726520149393,I,1.4386852314081315,0.7299709883238891,1.0128277441893325
Male, Private, Some-college,-0.10131013244652015, Married-civ-spouse, Craft-repair, Husband,-0.2644126153749733,0.7031783685892541,-0.41409147438951266,NBF,5.0,-0.09087726520149393,R,1.4386852314081315,-1.3041463526262547,-0.19935468434489326
Male, Private, Assoc-voc,0.18773308894193008, Married-civ-spouse, Tech-support, Husband,-0.2644126153749733,0.8679255337735403,-0.41409147438951266,NBF,191.0,1.3392439082325422,I,1.4386852314081315,0.3145903218546659,-0.28016684624717497
Male, Private, 10th,-1.2574830180003211, Married-civ-spouse, Handlers-cleaners, Husband,2.815741845106682,-0.12055745733218053,-0.41409147438951266,PVT,5.0,-0.09087726520149393,R,1.4386852314081315,0.9385526963792501,0.8512034203847689
Male, Private, HS-grad,-0.3903533538349704, Married-civ-spouse, Craft-repair, Husband,-0.2644126153749733,0.7031783685892541,-0.41409147438951266,NBF,5.0,-0.09087726520149393,R,1.4386852314081315,-0.1400108367275311,-0.7650398176608648
Female, Local-gov, Masters,1.0548627531072812, Married-civ-spouse, Prof-specialty, Wife,-0.2644126153749733,-1.7680291091750493,-0.5946475955869621,PVT,5.0,-0.09087726520149393,R,1.4386852314081315,0.6854022472864186,-0.8458519795631466
Male, Private, Some-college,-0.10131013244652015, Married-civ-spouse, Transport-moving, Husband,-0.2644126153749733,1.5269141945106874,-0.41409147438951266,NBF,5.0,-0.09087726520149393,R,1.4386852314081315,-0.7586249623276186,0.5279547727756421
Male, Private, HS-grad,-0.3903533538349704, Married-civ-spouse, Protective-serv, Husband,-0.2644126153749733,-0.12055745733218053,2.173879596107263,PVT,123.0,-0.09087726520149393,I,1.4386852314081315,1.5928218148093138,-0.11854252244261151
Male, Private, Masters,1.0548627531072812, Married-civ-spouse, Exec-managerial, Husband,3.836237464336967,-0.12055745733218053,-0.5946475955869621,PVT,5.0,-0.09087726520149393,R,1.4386852314081315,-0.21666907131197977,-0.5226033319540196
Male, Private, HS-grad,-0.3903533538349704, Married-civ-spouse, Craft-repair, Husband,-0.2644126153749733,0.7031783685892541,2.173879596107263,PVT,5.0,-0.09087726520149393,R,1.4386852314081315,0.03291587849785376,-0.3609790081494562
Male, Private, Assoc-acdm,0.4767763103303807, Married-civ-spouse, Exec-managerial, Husband,3.836237464336967,0.7031783685892541,-0.41409147438951266,NBF,58.0,-0.09087726520149393,M,1.4386852314081315,1.0651279209256657,0.4471426108733606
Male, Private, Some-college,-0.10131013244652015, Married-civ-spouse, Machine-op-inspct, Husband,4.744727466822466,-0.12055745733218053,-0.5946475955869621,PVT,5.0,-0.09087726520149393,R,1.4386852314081315,1.6819592968842547,-0.7650398176608648
Male, Private, Bachelors,0.7658195317188305, Married-civ-spouse, Other-service, Husband,-0.2644126153749733,-0.12055745733218053,-0.5946475955869621,PVT,5.0,-0.09087726520149393,R,1.4386852314081315,-0.5215192600082765,-0.19935468434489326
Male, Private, HS-grad,-0.3903533538349704, Married-civ-spouse, Craft-repair, Husband,-0.2644126153749733,0.2913104556285366,-0.5946475955869621,PVT,5.0,-0.09087726520149393,R,1.4386852314081315,-1.575124298134074,0.7703912584824878
Male, Private, Bachelors,0.7658195317188305, Married-civ-spouse, Sales, Husband,-0.2644126153749733,0.7031783685892541,2.173879596107263,PVT,5.0,-0.09087726520149393,R,1.4386852314081315,-1.3255393483242404,-0.19935468434489326
Male, Private, Some-college,-0.10131013244652015, Married-civ-spouse, Sales, Husband,3.836237464336967,0.7031783685892541,-0.41409147438951266,NBF,123.0,-0.09087726520149393,I,1.4386852314081315,1.1417861555101143,0.8512034203847689
Male, Federal-gov, Some-college,-0.10131013244652015, Married-civ-spouse, Adm-clerical, Husband,2.815741845106682,-0.12055745733218053,-0.41409147438951266,NBF,184.0,-0.09087726520149393,I,1.4386852314081315,0.0008263849508751716,0.4471426108733606
Male, Self-emp-not-inc, Some-college,-0.10131013244652015, Married-civ-spouse, Exec-managerial, Husband,-0.2644126153749733,1.5269141945106874,-0.323813413790788,NBF,189.0,-0.09087726520149393,I,1.4386852314081315,-1.3522805929467225,1.5785128775053041
Female, State-gov, Assoc-voc,0.18773308894193008, Divorced, Prof-specialty, Unmarried,-0.2644126153749733,1.1974198641421143,2.173879596107263,PVT,58.0,-0.09087726520149393,M,1.4386852314081315,-0.630266988139704,0.7703912584824878
Female, Local-gov, Assoc-voc,0.18773308894193008, Never-married, Tech-support, Not-in-family,2.9796019140481302,2.5153971856164086,2.173879596107263,PVT,5.0,-0.09087726520149393,R,1.4386852314081315,0.6426162558904472,-0.9266641414654283
Male, Private, Bachelors,0.7658195317188305, Married-civ-spouse, Exec-managerial, Husband,-0.2644126153749733,0.7031783685892541,-0.5946475955869621,PVT,5.0,-0.09087726520149393,R,1.4386852314081315,1.0811726676991547,0.12389396326423367
Male, Self-emp-not-inc, HS-grad,-0.3903533538349704, Married-civ-spouse, Sales, Husband,-0.2644126153749733,0.7031783685892541,-0.5946475955869621,PVT,5.0,-0.09087726520149393,R,1.4386852314081315,0.6604437523054355,0.04308180136195194
Male, Private, Bachelors,0.7658195317188305, Married-civ-spouse, Prof-specialty, Husband,-0.2644126153749733,-0.12055745733218053,-0.41409147438951266,PVT,5.0,-0.09087726520149393,R,1.4386852314081315,-0.9226379293455089,-0.7650398176608648
Male, State-gov, Bachelors,0.7658195317188305, Never-married, Prof-specialty, Not-in-family,-0.2644126153749733,1.9387821074714051,2.173879596107263,PVT,5.0,-0.09087726520149393,R,1.4386852314081315,-1.5965172938320598,-0.8458519795631466
Male, Private, Bachelors,0.7658195317188305, Married-civ-spouse, Exec-managerial, Husband,-0.2644126153749733,1.5269141945106874,-0.5946475955869621,PVT,5.0,-0.09087726520149393,R,1.4386852314081315,-0.24697581521745957,-0.28016684624717497
Male, Federal-gov, Some-college,-0.10131013244652015, Married-civ-spouse, Adm-clerical, Husband,-0.2644126153749733,0.0441897078521065,-0.41409147438951266,NBF,173.0,-0.09087726520149393,I,1.4386852314081315,1.4323743470744208,-0.11854252244261151
Male, Private, Masters,1.0548627531072812, Married-civ-spouse, Prof-specialty, Husband,-0.2644126153749733,-0.532425370292898,2.173879596107263,PVT,5.0,-0.09087726520149393,R,1.4386852314081315,1.5322083269983542,-0.037730360540329785
Male, Private, Masters,1.0548627531072812, Married-civ-spouse, Prof-specialty, Husband,-0.2644126153749733,-0.12055745733218053,-0.5946475955869621,PVT,5.0,-0.09087726520149393,R,1.4386852314081315,0.5445650256080127,0.6895790965802056
Male, Local-gov, Bachelors,0.7658195317188305, Married-civ-spouse, Prof-specialty, Husband,-0.2644126153749733,0.7031783685892541,2.173879596107263,PVT,5.0,-0.09087726520149393,R,1.4386852314081315,-1.0010789135714568,0.12389396326423367
Male, Private, HS-grad,-0.3903533538349704, Married-civ-spouse, Handlers-cleaners, Husband,-0.2644126153749733,-0.12055745733218053,2.173879596107263,PVT,189.0,-0.09087726520149393,I,1.4386852314081315,-1.045647654608927,0.4471426108733606
Female, Private, Bachelors,0.7658195317188305, Married-civ-spouse, Exec-managerial, Wife,-0.2644126153749733,-0.12055745733218053,2.173879596107263,PVT,5.0,-0.09087726520149393,R,1.4386852314081315,-0.9885996660809651,-0.44179117005173796
Male, Private, Masters,1.0548627531072812, Married-civ-spouse, Prof-specialty, Husband,-0.2644126153749733,1.1150462815499709,-0.5946475955869621,PVT,5.0,-0.09087726520149393,R,1.4386852314081315,1.3539333628484729,0.2855182870687971
Male, State-gov, Assoc-voc,0.18773308894193008, Married-civ-spouse, Machine-op-inspct, Husband,-0.2644126153749733,-0.2853046225164671,-0.41409147438951266,PVT,5.0,-0.09087726520149393,R,1.4386852314081315,-0.1685348309915119,0.12389396326423367
Male, Private, Some-college,-0.10131013244652015, Married-civ-spouse, Craft-repair, Husband,-0.2644126153749733,-0.12055745733218053,-0.41409147438951266,NBF,5.0,-0.09087726520149393,R,1.4386852314081315,1.2844061268300193,-0.19935468434489326
Male, Private, Bachelors,0.7658195317188305, Never-married, Prof-specialty, Not-in-family,-0.2644126153749733,-0.12055745733218053,2.173879596107263,PVT,5.0,-0.09087726520149393,R,1.4386852314081315,0.7281882386823904,0.5279547727756421
Male, Private, HS-grad,-0.3903533538349704, Married-civ-spouse, Craft-repair, Husband,-0.2644126153749733,0.2913104556285366,-0.41409147438951266,PVT,5.0,-0.09087726520149393,R,1.4386852314081315,-1.6535652823600218,1.0128277441893325
Male, Private, Bachelors,0.7658195317188305, Married-civ-spouse, Transport-moving, Husband,4.697021370801537,-1.4385347788064753,-0.5946475955869621,PVT,5.0,-0.09087726520149393,R,1.4386852314081315,0.6693575005129295,2.305822334625839
Male, State-gov, Doctorate,1.6329491958841817, Married-civ-spouse, Prof-specialty, Husband,-0.2644126153749733,-3.3331271784257743,-0.41409147438951266,PVT,5.0,-0.09087726520149393,R,1.4386852314081315,0.05252612455434082,1.5785128775053041
Female, Local-gov, HS-grad,-0.3903533538349704, Married-civ-spouse, Exec-managerial, Wife,-0.2644126153749733,0.7031783685892541,2.173879596107263,PVT,5.0,-0.09087726520149393,R,1.4386852314081315,1.0473004245106774,1.174452067993896
Female, Private, Assoc-voc,0.18773308894193008, Married-civ-spouse, Adm-clerical, Wife,-0.2644126153749733,-0.12055745733218053,-0.5946475955869621,PVT,5.0,-0.09087726520149393,R,1.4386852314081315,0.9456836949452453,-0.28016684624717497
Male, Private, Bachelors,0.7658195317188305, Married-civ-spouse, Sales, Husband,-0.2644126153749733,-0.12055745733218053,-0.41409147438951266,PVT,5.0,-0.09087726520149393,R,1.4386852314081315,-1.375456338286207,0.12389396326423367
Male, Private, HS-grad,-0.3903533538349704, Married-civ-spouse, Craft-repair, Husband,-0.2644126153749733,-0.12055745733218053,2.173879596107263,PVT,5.0,-0.09087726520149393,R,1.4386852314081315,-0.9083759322135185,1.5785128775053041
Male, Private, 7th-8th,-1.835569460777222, Married-civ-spouse, Machine-op-inspct, Husband,-0.2644126153749733,-0.12055745733218053,2.173879596107263,PVT,5.0,-0.09087726520149393,R,1.4386852314081315,-0.0651353517845808,0.12389396326423367
Female, Private, Some-college,-0.10131013244652015, Married-civ-spouse, Machine-op-inspct, Wife,-0.2644126153749733,-0.36767820510861104,-0.5946475955869621,PVT,5.0,-0.09087726520149393,R,1.4386852314081315,-0.5108227621592836,0.2855182870687971
Male, Private, Assoc-acdm,0.4767763103303807, Married-civ-spouse, Craft-repair, Husband,-0.2644126153749733,-0.12055745733218053,-0.5946475955869621,PVT,5.0,-0.09087726520149393,R,1.4386852314081315,-0.2754998094814406,0.9320155822870502
Male, State-gov, HS-grad,-0.3903533538349704, Married-civ-spouse, Protective-serv, Husband,-0.2644126153749733,-0.12055745733218053,-0.41409147438951266,PVT,189.0,-0.09087726520149393,I,1.4386852314081315,0.6836194976449198,1.7401372013098675
Male, Private, HS-grad,-0.3903533538349704, Married-civ-spouse, Transport-moving, Husband,-0.2644126153749733,1.5269141945106874,-0.41409147438951266,PVT,5.0,-0.09087726520149393,R,1.4386852314081315,0.6443990055319461,0.04308180136195194
Male, Self-emp-inc, HS-grad,-0.3903533538349704, Married-civ-spouse, Craft-repair, Husband,-0.2644126153749733,0.3736840382206801,-0.41409147438951266,PVT,5.0,-0.09087726520149393,R,1.4386852314081315,-1.3487150936637249,-0.19935468434489326
Male, Private, Bachelors,0.7658195317188305, Married-civ-spouse, Transport-moving, Husband,-0.2644126153749733,0.5384312034049671,-0.41409147438951266,PVT,5.0,-0.09087726520149393,R,1.4386852314081315,1.2237926390190599,0.2047061251665154
Male, Self-emp-not-inc, HS-grad,-0.3903533538349704, Married-civ-spouse, Craft-repair, Husband,-0.2644126153749733,-0.12055745733218053,-0.41409147438951266,PVT,58.0,-0.09087726520149393,M,1.4386852314081315,0.8761564589267917,-0.8458519795631466
Male, Self-emp-inc, Bachelors,0.7658195317188305, Married-civ-spouse, Sales, Husband,-0.2644126153749733,1.5269141945106874,2.173879596107263,PVT,5.0,-0.09087726520149393,R,1.4386852314081315,-1.339801345456231,1.3360763917984593
Male, Federal-gov, Assoc-acdm,0.4767763103303807, Married-civ-spouse, Prof-specialty, Husband,-0.2644126153749733,-0.12055745733218053,-0.323813413790788,PVT,173.0,-0.09087726520149393,I,1.4386852314081315,-1.4200250793236775,0.6087669346779243
Male, Self-emp-inc, Prof-school,1.3439059744957311, Married-civ-spouse, Prof-specialty, Husband,4.744727466822466,1.5269141945106874,-0.41409147438951266,NBF,5.0,-0.09087726520149393,R,1.4386852314081315,-1.46102832107815,0.2855182870687971
Female, Local-gov, Bachelors,0.7658195317188305, Married-civ-spouse, Prof-specialty, Wife,-0.2644126153749733,-0.45005178770075455,-0.5946475955869621,PVT,5.0,-0.09087726520149393,R,1.4386852314081315,1.2772751282640242,0.4471426108733606
Male, Local-gov, Some-college,-0.10131013244652015, Married-civ-spouse, Exec-managerial, Husband,-0.2644126153749733,-0.2853046225164671,-0.41409147438951266,PVT,5.0,-0.09087726520149393,R,1.4386852314081315,1.6908730450917482,0.4471426108733606
Male, Private, Bachelors,0.7658195317188305, Married-civ-spouse, Sales, Husband,-0.2644126153749733,2.3506500204321217,-0.41409147438951266,NBF,5.0,-0.09087726520149393,R,1.4386852314081315,-1.4770730678516393,0.2855182870687971
Male, Private, Bachelors,0.7658195317188305, Married-civ-spouse, Exec-managerial, Husband,-0.2644126153749733,2.3506500204321217,-0.41409147438951266,PVT,123.0,-0.09087726520149393,I,1.4386852314081315,-1.4628110707196489,-0.6034154938563014
Male, Self-emp-not-inc, Bachelors,0.7658195317188305, Married-civ-spouse, Exec-managerial, Husband,3.836237464336967,2.3506500204321217,-0.41409147438951266,NBF,184.0,-0.09087726520149393,I,1.4386852314081315,0.5677407709474974,0.2855182870687971
Male, Self-emp-not-inc, Bachelors,0.7658195317188305, Married-civ-spouse, Sales, Husband,-0.2644126153749733,1.5269141945106874,-0.41409147438951266,PVT,5.0,-0.09087726520149393,R,1.4386852314081315,0.21119084264773497,0.8512034203847689
Male, Private, Masters,1.0548627531072812, Married-civ-spouse, Sales, Husband,-0.2644126153749733,0.20893687303639308,2.173879596107263,PUB,47.0,-0.09087726520149393,I,1.4386852314081315,-1.601865542756556,0.4471426108733606
Male, Private, Prof-school,1.3439059744957311, Married-civ-spouse, Prof-specialty, Husband,-0.2644126153749733,1.5269141945106874,2.173879596107263,PVT,5.0,-0.09087726520149393,R,1.4386852314081315,-0.7390147162711315,0.9320155822870502
Male, Private, Doctorate,1.6329491958841817, Married-civ-spouse, Sales, Husband,-0.2644126153749733,-0.12055745733218053,-0.5946475955869621,PVT,5.0,-0.09087726520149393,R,1.4386852314081315,-0.6516599838376899,0.6087669346779243
Male, Private, Some-college,-0.10131013244652015, Married-civ-spouse, Craft-repair, Husband,-0.2644126153749733,2.7625179333928402,2.173879596107263,PVT,5.0,-0.09087726520149393,R,1.4386852314081315,0.5267375291930244,0.6895790965802056
Male, Self-emp-not-inc, 7th-8th,-1.835569460777222, Married-civ-spouse, Exec-managerial, Husband,-0.2644126153749733,1.1150462815499709,-0.323813413790788,PVT,191.0,-0.09087726520149393,I,1.4386852314081315,-0.38424753761286806,0.5279547727756421
Female, Private, HS-grad,-0.3903533538349704, Married-civ-spouse, Adm-clerical, Wife,-0.2644126153749733,-0.12055745733218053,-0.5946475955869621,PVT,5.0,-0.09087726520149393,R,1.4386852314081315,-0.9939479150054615,0.6895790965802056
Male, Private, HS-grad,-0.3903533538349704, Married-civ-spouse, Exec-managerial, Husband,-0.2644126153749733,0.7031783685892541,2.173879596107263,PVT,5.0,-0.09087726520149393,R,1.4386852314081315,-0.5215192600082765,1.5785128775053041
Male, Private, Bachelors,0.7658195317188305, Married-civ-spouse, Exec-managerial, Husband,-0.2644126153749733,0.7031783685892541,-0.41409147438951266,PVT,5.0,-0.09087726520149393,R,1.4386852314081315,-0.15070733457652383,1.0128277441893325
Male, Private, Masters,1.0548627531072812, Married-civ-spouse, Sales, Husband,-0.2644126153749733,0.2913104556285366,-0.5946475955869621,PVT,130.0,-0.09087726520149393,I,1.4386852314081315,0.09174661666731457,0.2855182870687971
Male, Private, 7th-8th,-1.835569460777222, Married-civ-spouse, Craft-repair, Husband,-0.2644126153749733,-0.12055745733218053,-0.323813413790788,PVT,173.0,-0.09087726520149393,I,1.4386852314081315,-0.7140562212901482,-0.7650398176608648
Male, Private, Bachelors,0.7658195317188305, Married-civ-spouse, Sales, Husband,-0.2644126153749733,1.9387821074714051,-0.5946475955869621,PVT,5.0,-0.09087726520149393,R,1.4386852314081315,-1.177571128079839,0.36633044897107886
Male, Federal-gov, Some-college,-0.10131013244652015, Married-civ-spouse, Adm-clerical, Husband,-0.2644126153749733,-0.03818387474003701,-0.323813413790788,NBF,189.0,-0.09087726520149393,I,1.4386852314081315,1.65878355154477,0.8512034203847689
Male, Private, Masters,1.0548627531072812, Married-civ-spouse, Prof-specialty, Husband,-0.2644126153749733,-0.12055745733218053,-0.5946475955869621,PVT,5.0,-0.09087726520149393,R,1.4386852314081315,0.40729330321260404,1.9017615251144309
Male, Private, Bachelors,0.7658195317188305, Married-civ-spouse, Tech-support, Husband,-0.2644126153749733,0.5384312034049671,2.173879596107263,PVT,5.0,-0.09087726520149393,R,1.4386852314081315,-1.0830853970804022,-0.3609790081494562
Male, Private, HS-grad,-0.3903533538349704, Married-civ-spouse, Transport-moving, Husband,-0.2644126153749733,0.7031783685892541,2.173879596107263,PVT,5.0,-0.09087726520149393,R,1.4386852314081315,-1.4966833139081264,0.04308180136195194
Male, Private, Some-college,-0.10131013244652015, Married-civ-spouse, Other-service, Husband,3.836237464336967,-0.532425370292898,-0.5946475955869621,PVT,5.0,-0.09087726520149393,R,1.4386852314081315,-0.9761204185904733,1.3360763917984593
Male, Private, Bachelors,0.7658195317188305, Married-civ-spouse, Sales, Husband,3.836237464336967,1.9387821074714051,-0.41409147438951266,PVT,5.0,-0.09087726520149393,R,1.4386852314081315,1.4145468506594325,-0.28016684624717497
Female, Local-gov, Prof-school,1.3439059744957311, Never-married, Exec-managerial, Not-in-family,-0.2644126153749733,0.8679255337735403,2.173879596107263,NBF,5.0,-0.09087726520149393,R,1.4386852314081315,-0.43059902829183716,0.9320155822870502
Male, Private, Assoc-voc,0.18773308894193008, Married-civ-spouse, Craft-repair, Husband,-0.2644126153749733,-0.12055745733218053,-0.5946475955869621,PVT,5.0,-0.09087726520149393,R,1.4386852314081315,0.48038603851405554,-1.0882884652699918
Male, Private, Bachelors,0.7658195317188305, Married-civ-spouse, Prof-specialty, Husband,-0.2644126153749733,-0.12055745733218053,2.173879596107263,NBF,189.0,-0.09087726520149393,I,1.4386852314081315,-1.31127735119225,-0.3609790081494562
Male, State-gov, Masters,1.0548627531072812, Married-civ-spouse, Exec-managerial, Husband,-0.2644126153749733,-0.12055745733218053,2.173879596107263,PVT,5.0,-0.09087726520149393,R,1.4386852314081315,-1.5448175542285942,1.4977007156030229
Male, Self-emp-not-inc, Some-college,-0.10131013244652015, Married-civ-spouse, Sales, Husband,-0.2644126153749733,1.5269141945106874,-0.41409147438951266,PVT,5.0,-0.09087726520149393,R,1.4386852314081315,0.2700215808171958,0.6087669346779243
Male, Private, Prof-school,1.3439059744957311, Never-married, Prof-specialty, Own-child,-0.2644126153749733,0.0441897078521065,-0.74511102991817,PVT,58.0,1.3392439082325422,M,1.4386852314081315,-1.2881016058527655,-0.44179117005173796
Female, Private, Masters,1.0548627531072812, Never-married, Exec-managerial, Not-in-family,-0.2644126153749733,0.7031783685892541,2.173879596107263,PVT,5.0,-0.09087726520149393,R,1.4386852314081315,-0.8691554401005448,-0.7650398176608648
Female, Local-gov, Some-college,-0.10131013244652015, Married-civ-spouse, Exec-managerial, Wife,-0.2644126153749733,-0.12055745733218053,2.173879596107263,PVT,5.0,-0.09087726520149393,R,1.4386852314081315,-0.9636411710999818,1.2552642298961771
Male, Private, Masters,1.0548627531072812, Married-civ-spouse, Sales, Husband,-0.2644126153749733,1.5269141945106874,-0.5946475955869621,PVT,5.0,-0.09087726520149393,R,1.4386852314081315,0.5570442730985042,1.8209493632121487
Female, Private, Bachelors,0.7658195317188305, Divorced, Exec-managerial, Not-in-family,-0.2644126153749733,0.2913104556285366,-0.5946475955869621,PVT,5.0,-0.09087726520149393,R,1.4386852314081315,0.17018760089326243,1.4977007156030229
Male, Self-emp-inc, Masters,1.0548627531072812, Married-civ-spouse, Sales, Husband,3.6806741077469844,-0.12055745733218053,-0.5946475955869621,PVT,5.0,-0.09087726520149393,R,1.4386852314081315,-0.48764701681979916,0.5279547727756421
Male, Private, Masters,1.0548627531072812, Married-civ-spouse, Prof-specialty, Husband,-0.2644126153749733,-2.8388856828729137,-0.3839987875232711,PVT,5.0,-0.09087726520149393,R,1.4386852314081315,0.6194405105509626,1.6593250394075854
Male, Private, HS-grad,-0.3903533538349704, Married-civ-spouse, Exec-managerial, Husband,-0.2644126153749733,0.7031783685892541,2.173879596107263,PVT,5.0,-0.09087726520149393,R,1.4386852314081315,0.41798980106159717,0.7703912584824878
Male, Private, Some-college,-0.10131013244652015, Married-civ-spouse, Prof-specialty, Husband,-0.2644126153749733,-0.12055745733218053,2.173879596107263,PVT,5.0,-0.09087726520149393,R,1.4386852314081315,0.5534787738155067,0.36633044897107886
Male, Private, Bachelors,0.7658195317188305, Married-civ-spouse, Exec-managerial, Husband,-0.2644126153749733,0.7031783685892541,2.173879596107263,PVT,5.0,-0.09087726520149393,R,1.4386852314081315,0.5641752716644998,-0.44179117005173796
Male, Private, Some-college,-0.10131013244652015, Married-civ-spouse, Craft-repair, Husband,-0.2644126153749733,0.2913104556285366,-0.5946475955869621,PVT,5.0,-0.09087726520149393,R,1.4386852314081315,-0.7372319666296328,0.6087669346779243
Male, Self-emp-not-inc, Some-college,-0.10131013244652015, Married-civ-spouse, Prof-specialty, Husband,-0.2644126153749733,-0.12055745733218053,2.173879596107263,PVT,5.0,-0.09087726520149393,R,1.4386852314081315,0.6800539983619223,0.8512034203847689
Male, Private, Assoc-voc,0.18773308894193008, Married-civ-spouse, Exec-managerial, Husband,-0.2644126153749733,-0.12055745733218053,-0.5946475955869621,PVT,189.0,-0.09087726520149393,I,1.4386852314081315,-0.017001111464113098,1.5785128775053041
Male, Self-emp-inc, 10th,-1.2574830180003211, Never-married, Transport-moving, Not-in-family,5.043409111475232,0.7031783685892541,-0.5946475955869621,PVT,189.0,-0.09087726520149393,I,1.4386852314081315,-1.557296801719086,-0.11854252244261151
Male, Local-gov, Masters,1.0548627531072812, Married-civ-spouse, Exec-managerial, Husband,3.836237464336967,1.5269141945106874,-0.3839987875232711,PVT,181.0,-0.09087726520149393,I,1.4386852314081315,-0.1257488395955404,0.36633044897107886
Male, Private, Some-college,-0.10131013244652015, Married-civ-spouse, Exec-managerial, Husband,-0.2644126153749733,-0.532425370292898,-0.41409147438951266,PVT,5.0,-0.09087726520149393,R,1.4386852314081315,0.0721363706108275,1.982573687016712
Male, Private, Bachelors,0.7658195317188305, Married-civ-spouse, Exec-managerial, Husband,-0.2644126153749733,0.7031783685892541,-0.5946475955869621,PVT,5.0,-0.09087726520149393,R,1.4386852314081315,-0.5411295060647634,-0.037730360540329785
Female, Private, Bachelors,0.7658195317188305, Married-civ-spouse, Prof-specialty, Wife,3.649561436428988,-0.12055745733218053,2.173879596107263,PVT,5.0,-0.09087726520149393,R,1.4386852314081315,-1.5448175542285942,-1.0882884652699918
Male, Private, Bachelors,0.7658195317188305, Divorced, Exec-managerial, Not-in-family,2.9796019140481302,0.2913104556285366,-0.41409147438951266,PVT,123.0,-0.09087726520149393,I,1.4386852314081315,-1.1633091309478485,0.36633044897107886
Male, Private, HS-grad,-0.3903533538349704, Married-civ-spouse, Transport-moving, Husband,-0.2644126153749733,-0.12055745733218053,2.173879596107263,NBF,173.0,1.3392439082325422,I,1.4386852314081315,0.7335364876068867,0.6087669346779243
Male, Self-emp-inc, Some-college,-0.10131013244652015, Married-civ-spouse, Sales, Husband,3.649561436428988,0.5384312034049671,-0.5946475955869621,PVT,5.0,-0.09087726520149393,R,1.4386852314081315,-0.006304613615119987,1.174452067993896
Male, Private, HS-grad,-0.3903533538349704, Married-civ-spouse, Exec-managerial, Husband,-0.2644126153749733,1.5269141945106874,-0.323813413790788,PVT,130.0,-0.09087726520149393,I,1.4386852314081315,-1.546600303870093,1.0936399060916138
Male, Federal-gov, Bachelors,0.7658195317188305, Married-civ-spouse, Prof-specialty, Husband,-0.2644126153749733,0.20893687303639308,-0.41409147438951266,PVT,5.0,-0.09087726520149393,R,1.4386852314081315,0.09352936630881335,0.7703912584824878
Male, Private, Masters,1.0548627531072812, Married-civ-spouse, Exec-managerial, Husband,-0.2644126153749733,1.5269141945106874,2.173879596107263,PVT,5.0,-0.09087726520149393,R,1.4386852314081315,0.3413315664771481,-0.037730360540329785
Male, Private, Bachelors,0.7658195317188305, Married-civ-spouse, Exec-managerial, Husband,-0.2644126153749733,0.7031783685892541,-0.74511102991817,PVT,5.0,-0.09087726520149393,R,1.4386852314081315,0.3431143161186469,0.6087669346779243
Female, Local-gov, Bachelors,0.7658195317188305, Married-civ-spouse, Prof-specialty, Wife,3.6806741077469844,-0.12055745733218053,2.173879596107263,PVT,5.0,-0.09087726520149393,R,1.4386852314081315,-1.6072137916810527,0.6087669346779243
Male, Private, Doctorate,1.6329491958841817, Divorced, Prof-specialty, Not-in-family,-0.2644126153749733,-0.12055745733218053,2.173879596107263,PVT,5.0,-0.09087726520149393,R,1.4386852314081315,-1.5983000434735586,-0.5226033319540196
Male, Private, Bachelors,0.7658195317188305, Married-civ-spouse, Exec-managerial, Husband,-0.2644126153749733,-0.12055745733218053,-0.323813413790788,NBF,999.0,-0.09087726520149393,I,1.4386852314081315,1.3949366046029459,-0.28016684624717497
Male, Local-gov, Bachelors,0.7658195317188305, Married-civ-spouse, Exec-managerial, Husband,3.836237464336967,0.5384312034049671,2.173879596107263,PVT,5.0,-0.09087726520149393,R,1.4386852314081315,-0.2291483188024715,0.2855182870687971
Female, Private, 11th,-0.9684397966118709, Never-married, Sales, Unmarried,-0.2644126153749733,-2.0151498569514796,-0.5946475955869621,PVT,5.0,-0.09087726520149393,R,-0.6950790750950001,-0.8192384501385781,-0.44179117005173796
Male, Self-emp-not-inc, Some-college,-0.10131013244652015, Married-civ-spouse, Craft-repair, Husband,-0.2644126153749733,0.5384312034049671,-0.41409147438951266,NBF,5.0,-0.09087726520149393,R,-0.6950790750950001,-0.8584589422515517,0.9320155822870502
Male, Private, HS-grad,-0.3903533538349704, Divorced, Sales, Not-in-family,-0.2644126153749733,0.7031783685892541,-0.41409147438951266,NBF,5.0,-0.09087726520149393,R,-0.6950790750950001,0.8975494546247772,0.6895790965802056
Female, Private, 11th,-0.9684397966118709, Never-married, Sales, Own-child,-0.2644126153749733,-2.1798970221357665,-0.41409147438951266,NBF,5.0,-0.09087726520149393,R,-0.6950790750950001,0.5089100327780366,-1.6539735985859636
Male, Private, Some-college,-0.10131013244652015, Married-civ-spouse, Handlers-cleaners, Husband,-0.2644126153749733,0.7031783685892541,-0.41409147438951266,PVT,47.0,-0.09087726520149393,I,-0.6950790750950001,-1.4360698260971667,-0.3609790081494562
Female, Private, HS-grad,-0.3903533538349704, Widowed, Adm-clerical, Unmarried,-0.2644126153749733,-2.75651210028077,2.173879596107263,NBF,5.0,-0.09087726520149393,R,-0.6950790750950001,-0.25945506270795127,2.0633858489189945
Female, Private, HS-grad,-0.3903533538349704, Never-married, Sales, Own-child,-0.2644126153749733,-1.4385347788064753,-0.3839987875232711,HFC,5.0,-0.09087726520149393,R,-0.6950790750950001,-1.6107792909640504,-1.6539735985859636
Female, Private, Some-college,-0.10131013244652015, Never-married, Farming-fishing, Not-in-family,-0.2644126153749733,0.7031783685892541,-0.41409147438951266,PVT,5.0,-0.09087726520149393,R,-0.6950790750950001,0.2040598440817398,-1.2499127890745552
Male, Private, Masters,1.0548627531072812, Married-civ-spouse, Exec-managerial, Husband,-0.2644126153749733,0.2913104556285366,-0.5043695349882374,PVT,5.0,-0.09087726520149393,R,-0.6950790750950001,1.0918691655481478,0.36633044897107886
Female, State-gov, 12th,-0.6793965752234207, Divorced, Other-service, Unmarried,-0.2644126153749733,-0.12055745733218053,-0.5946475955869621,PVT,5.0,-0.09087726520149393,R,-0.6950790750950001,0.48395153779705313,1.4977007156030229
Male, Private, Bachelors,0.7658195317188305, Never-married, Sales, Not-in-family,-0.2644126153749733,0.2913104556285366,-0.5946475955869621,PVT,5.0,-0.09087726520149393,R,-0.6950790750950001,-0.4199025304428442,-1.3307249509768369
Male, Private, Bachelors,0.7658195317188305, Never-married, Machine-op-inspct, Own-child,-0.2644126153749733,-0.12055745733218053,-0.5043695349882374,PVT,5.0,-0.09087726520149393,R,-0.6950790750950001,1.033038427378687,-1.2499127890745552
Male, Self-emp-not-inc, Masters,1.0548627531072812, Never-married, Prof-specialty, Not-in-family,-0.2644126153749733,-0.12055745733218053,-0.41409147438951266,NBF,5.0,-0.09087726520149393,R,-0.6950790750950001,0.30567657364717193,-0.5226033319540196
Male, Private, Some-college,-0.10131013244652015, Never-married, Tech-support, Own-child,-0.2644126153749733,-2.1798970221357665,-0.323813413790788,NBF,5.0,-0.09087726520149393,R,-0.6950790750950001,-0.6338324874227016,-1.4923492747814002
Male, Private, Some-college,-0.10131013244652015, Married-civ-spouse, Transport-moving, Husband,-0.2644126153749733,-0.12055745733218053,-0.41409147438951266,NBF,5.0,-0.09087726520149393,R,-0.6950790750950001,-1.3077118519092523,-0.44179117005173796
Female, Private, Assoc-voc,0.18773308894193008, Never-married, Tech-support, Other-relative,-0.2644126153749733,-0.45005178770075455,-0.41409147438951266,NBF,5.0,-0.09087726520149393,R,-0.6950790750950001,-1.4735075685686418,-0.9266641414654283
Male, Private, HS-grad,-0.3903533538349704, Never-married, Handlers-cleaners, Own-child,-0.2644126153749733,0.7031783685892541,-0.74511102991817,NBF,5.0,-0.09087726520149393,R,-0.6950790750950001,1.090086415906649,-1.2499127890745552
Female, State-gov, Assoc-acdm,0.4767763103303807, Never-married, Adm-clerical, Not-in-family,-0.2644126153749733,-1.3561611962143318,2.173879596107263,PVT,47.0,-0.09087726520149393,I,-0.6950790750950001,-1.3915010850596965,-1.2499127890745552
Female, Self-emp-not-inc, Some-college,-0.10131013244652015, Divorced, Exec-managerial, Unmarried,-0.2644126153749733,-0.12055745733218053,-0.74511102991817,PVT,5.0,-0.09087726520149393,R,-0.6950790750950001,1.4805085873948889,-0.11854252244261151
Female, Private, Some-college,-0.10131013244652015, Divorced, Exec-managerial, Unmarried,-0.2644126153749733,-0.12055745733218053,-0.41409147438951266,PVT,5.0,-0.09087726520149393,R,-0.6950790750950001,0.8440669653798131,1.0936399060916138
Female, Private, Some-college,-0.10131013244652015, Divorced, Exec-managerial, Not-in-family,-0.2644126153749733,-0.12055745733218053,2.173879596107263,PVT,5.0,-0.09087726520149393,R,-0.6950790750950001,-0.8958966847230271,0.04308180136195194
Female, Private, 12th,-0.6793965752234207, Divorced, Machine-op-inspct, Not-in-family,-0.2644126153749733,-0.12055745733218053,-0.41409147438951266,PVT,5.0,-0.09087726520149393,R,-0.6950790750950001,1.5393393255643493,-0.8458519795631466
Male, Private, Bachelors,0.7658195317188305, Divorced, Tech-support, Other-relative,-0.2644126153749733,-0.12055745733218053,2.173879596107263,PVT,5.0,-0.09087726520149393,R,-0.6950790750950001,-0.18814507704799877,-0.037730360540329785
Male, Private, Some-college,-0.10131013244652015, Separated, Craft-repair, Not-in-family,3.6267454774624572,1.1150462815499709,-0.41409147438951266,PVT,5.0,-0.09087726520149393,R,-0.6950790750950001,-0.23984481665146443,0.4471426108733606
Male, Self-emp-not-inc, HS-grad,-0.3903533538349704, Never-married, Sales, Not-in-family,-0.2644126153749733,-0.12055745733218053,-0.41409147438951266,NBF,5.0,-0.09087726520149393,R,-0.6950790750950001,-0.8121074515725827,1.0128277441893325
Male, Private, Some-college,-0.10131013244652015, Never-married, Other-service, Own-child,3.3010995176674274,-0.45005178770075455,-0.41409147438951266,NBF,5.0,-0.09087726520149393,R,-0.6950790750950001,1.6373905558467838,-1.4923492747814002
Female, Private, Some-college,-0.10131013244652015, Never-married, Transport-moving, Not-in-family,-0.2644126153749733,0.2913104556285366,-0.5946475955869621,PVT,123.0,-0.09087726520149393,I,-0.6950790750950001,1.0080799323977037,-1.0882884652699918
Female, Private, HS-grad,-0.3903533538349704, Widowed, Craft-repair, Not-in-family,-0.2644126153749733,-0.12055745733218053,-0.5946475955869621,PVT,5.0,-0.09087726520149393,R,-0.6950790750950001,-0.6088739924417184,0.5279547727756421
Female, Private, 11th,-0.9684397966118709, Never-married, Adm-clerical, Own-child,-0.2644126153749733,-2.4270177699121964,-0.41409147438951266,PVT,5.0,-0.09087726520149393,R,-0.6950790750950001,-1.368325339720212,-1.7347857604882453
Male, Local-gov, Masters,1.0548627531072812, Married-civ-spouse, Prof-specialty, Husband,-0.2644126153749733,-1.3561611962143318,-0.41409147438951266,NBF,5.0,-0.09087726520149393,R,-0.6950790750950001,-1.0438649049674282,2.0633858489189945
Male, Private, HS-grad,-0.3903533538349704, Married-civ-spouse, Adm-clerical, Husband,2.815741845106682,-0.12055745733218053,-0.41409147438951266,PVT,121.0,-0.09087726520149393,I,-0.6950790750950001,-0.1827968281235024,-0.3609790081494562
Male, Private, Some-college,-0.10131013244652015, Never-married, Exec-managerial, Not-in-family,-0.2644126153749733,0.8679255337735403,-0.41409147438951266,NBF,123.0,-0.09087726520149393,I,-0.6950790750950001,-1.1543953827403546,-0.6842276557585831
Male, Self-emp-not-inc, HS-grad,-0.3903533538349704, Married-civ-spouse, Farming-fishing, Husband,-0.2644126153749733,0.2913104556285366,-0.5043695349882374,PVT,189.0,-0.09087726520149393,I,-0.6950790750950001,1.487639585960884,1.4168885537007405
Male, Private, HS-grad,-0.3903533538349704, Married-civ-spouse, Handlers-cleaners, Husband,-0.2644126153749733,-0.12055745733218053,-0.41409147438951266,PVT,5.0,-0.09087726520149393,R,-0.6950790750950001,-1.557296801719086,-0.3609790081494562
Male, Private, HS-grad,-0.3903533538349704, Never-married, Craft-repair, Unmarried,-0.2644126153749733,-0.12055745733218053,-0.323813413790788,NBF,5.0,-0.09087726520149393,R,-0.6950790750950001,-0.6320497377812028,-0.5226033319540196
Male, Private, 9th,-1.5465262393887718, Married-civ-spouse, Transport-moving, Husband,-0.2644126153749733,0.2913104556285366,-0.5946475955869621,FOR,5.0,-0.09087726520149393,R,-0.6950790750950001,-1.2791878576452713,-1.0882884652699918
Male, Private, Some-college,-0.10131013244652015, Never-married, Transport-moving, Not-in-family,-0.2644126153749733,-0.12055745733218053,-0.41409147438951266,NBF,5.0,-0.09087726520149393,R,-0.6950790750950001,0.4001623046466089,-1.3307249509768369
Male, Private, HS-grad,-0.3903533538349704, Married-civ-spouse, Sales, Own-child,-0.2644126153749733,-0.12055745733218053,-0.41409147438951266,NBF,5.0,-0.09087726520149393,R,-0.6950790750950001,-1.425373328248174,-1.4923492747814002
Male, Private, 7th-8th,-1.835569460777222, Divorced, Craft-repair, Unmarried,-0.2644126153749733,-0.12055745733218053,2.173879596107263,NBF,5.0,-0.09087726520149393,R,-0.6950790750950001,-1.4414180750216632,0.2855182870687971
Male, Private, HS-grad,-0.3903533538349704, Never-married, Machine-op-inspct, Own-child,-0.2644126153749733,-1.7680291091750493,-0.41409147438951266,NBF,5.0,-0.09087726520149393,R,-0.6950790750950001,-0.11861784102954523,-1.6539735985859636
Female, Private, 10th,-1.2574830180003211, Married-civ-spouse, Machine-op-inspct, Own-child,-0.2644126153749733,-0.12055745733218053,-0.41409147438951266,NBF,5.0,-0.09087726520149393,R,-0.6950790750950001,0.4572102931745709,-1.2499127890745552
Male, Private, HS-grad,-0.3903533538349704, Divorced, Machine-op-inspct, Not-in-family,-0.2644126153749733,-0.12055745733218053,2.173879596107263,NBF,5.0,-0.09087726520149393,R,-0.6950790750950001,-0.46090577219731693,0.12389396326423367
Male, Private, Some-college,-0.10131013244652015, Divorced, Sales, Not-in-family,-0.2644126153749733,0.7031783685892541,-0.41409147438951266,PVT,5.0,-0.09087726520149393,R,-0.6950790750950001,1.6356078062052855,1.0936399060916138
Female, Private, Some-college,-0.10131013244652015, Never-married, Sales, Own-child,3.0584206813870547,-1.6032819439907624,2.173879596107263,NBF,191.0,-0.09087726520149393,I,-0.6950790750950001,-0.7639732112521149,-1.4115371128791185
Male, Private, Assoc-voc,0.18773308894193008, Never-married, Other-service, Not-in-family,-0.2644126153749733,1.5269141945106874,-0.41409147438951266,PVT,5.0,-0.09087726520149393,R,-0.6950790750950001,-1.027820158193939,-0.28016684624717497
Male, Private, Some-college,-0.10131013244652015, Divorced, Machine-op-inspct, Unmarried,-0.2644126153749733,0.5384312034049671,-0.7752037167844117,PVT,5.0,-0.09087726520149393,R,-0.6950790750950001,-1.3094946015507511,0.5279547727756421
Female, Private, HS-grad,-0.3903533538349704, Divorced, Adm-clerical, Unmarried,-0.2644126153749733,-0.12055745733218053,-0.323813413790788,PVT,5.0,-0.09087726520149393,R,-0.6950790750950001,-1.2364018662493,0.04308180136195194
Male, Private, HS-grad,-0.3903533538349704, Married-civ-spouse, Craft-repair, Husband,-0.2644126153749733,0.20893687303639308,-0.41409147438951266,NBF,5.0,-0.09087726520149393,R,-0.6950790750950001,0.5926992659284804,1.2552642298961771
Female, Private, 7th-8th,-1.835569460777222, Divorced, Sales, Not-in-family,-0.2644126153749733,-0.12055745733218053,2.173879596107263,PVT,5.0,-0.09087726520149393,R,-0.6950790750950001,0.9991661841902096,0.2855182870687971
Male, Self-emp-inc, Assoc-acdm,0.4767763103303807, Married-civ-spouse, Craft-repair, Husband,-0.2644126153749733,-0.12055745733218053,-0.41409147438951266,PVT,5.0,-0.09087726520149393,R,-0.6950790750950001,1.079389918057656,1.6593250394075854
Female, State-gov, Some-college,-0.10131013244652015, Divorced, Adm-clerical, Not-in-family,-0.2644126153749733,-0.12055745733218053,-0.41409147438951266,PVT,5.0,-0.09087726520149393,R,-0.6950790750950001,-1.2791878576452713,1.0128277441893325
Male, Self-emp-not-inc, HS-grad,-0.3903533538349704, Married-civ-spouse, Sales, Husband,-0.2644126153749733,-0.12055745733218053,-0.5946475955869621,PVT,5.0,-0.09087726520149393,R,-0.6950790750950001,-0.14714183529352623,1.4168885537007405
Male, Private, Some-college,-0.10131013244652015, Married-civ-spouse, Craft-repair, Husband,-0.2644126153749733,0.2913104556285366,-0.41409147438951266,PVT,5.0,-0.09087726520149393,R,-0.6950790750950001,1.061562421642668,-0.5226033319540196
Female, Private, Bachelors,0.7658195317188305, Never-married, Exec-managerial, Own-child,-0.2644126153749733,-0.12055745733218053,-0.74511102991817,NBF,5.0,-0.09087726520149393,R,-0.6950790750950001,1.5429048248473471,-1.1691006271722735
Male, Private, Some-college,-0.10131013244652015, Never-married, Prof-specialty, Own-child,-0.2644126153749733,-2.5093913525043403,-0.41409147438951266,NBF,123.0,-0.09087726520149393,I,-0.6950790750950001,0.6836194976449198,-1.573161436683682
Male, Private, HS-grad,-0.3903533538349704, Married-civ-spouse, Handlers-cleaners, Husband,-0.2644126153749733,0.0441897078521065,-0.41409147438951266,PVT,5.0,-0.09087726520149393,R,-0.6950790750950001,-0.025914859671607046,-0.7650398176608648
Male, Private, Some-college,-0.10131013244652015, Married-civ-spouse, Craft-repair, Husband,-0.2644126153749733,1.5269141945106874,-0.41409147438951266,NBF,5.0,-0.09087726520149393,R,-0.6950790750950001,1.4038503528104398,-1.1691006271722735
Male, State-gov, Masters,1.0548627531072812, Divorced, Prof-specialty, Not-in-family,-0.2644126153749733,-0.532425370292898,-0.41409147438951266,PVT,123.0,-0.09087726520149393,I,-0.6950790750950001,0.5124755320610341,0.2047061251665154
Female, Private, 7th-8th,-1.835569460777222, Married-civ-spouse, Handlers-cleaners, Other-relative,-0.2644126153749733,-0.9442932832536152,-0.5946475955869621,PVT,58.0,-0.09087726520149393,M,-0.6950790750950001,0.0436123763468465,-1.2499127890745552
Male, Private, HS-grad,-0.3903533538349704, Never-married, Sales, Own-child,-0.2644126153749733,-2.5917649350964838,-0.74511102991817,PVT,5.0,-0.09087726520149393,R,-0.6950790750950001,-0.573218999611742,-1.6539735985859636
Female, Private, HS-grad,-0.3903533538349704, Separated, Transport-moving, Unmarried,-0.2644126153749733,-0.9442932832536152,-0.41409147438951266,PVT,5.0,-0.09087726520149393,R,-0.6950790750950001,1.7122660407897343,-0.037730360540329785
Male, Private, Bachelors,0.7658195317188305, Never-married, Prof-specialty, Not-in-family,-0.2644126153749733,0.7031783685892541,-0.5946475955869621,PVT,191.0,-0.09087726520149393,I,-0.6950790750950001,-1.093781894929395,-0.7650398176608648
Male, Private, HS-grad,-0.3903533538349704, Married-civ-spouse, Transport-moving, Husband,-0.2644126153749733,0.2913104556285366,-0.41409147438951266,NBF,5.0,-0.09087726520149393,R,-0.6950790750950001,-1.234619116607801,-1.0882884652699918
Male, Private, Prof-school,1.3439059744957311, Never-married, Tech-support, Not-in-family,-0.2644126153749733,1.1150462815499709,-0.323813413790788,PVT,5.0,-0.09087726520149393,R,-0.6950790750950001,0.7941499754178463,-0.6034154938563014
Female, Private, Bachelors,0.7658195317188305, Married-spouse-absent, Adm-clerical, Not-in-family,-0.2644126153749733,-1.3561611962143318,-0.41409147438951266,NBF,5.0,-0.09087726520149393,R,-0.6950790750950001,-1.5323383067381027,-0.3609790081494562
Male, Private, 5th-6th,-2.1246126821656723, Married-civ-spouse, Handlers-cleaners, Husband,-0.2644126153749733,-0.12055745733218053,-0.41409147438951266,NBF,5.0,-0.09087726520149393,R,-0.6950790750950001,-0.47873326861230503,0.2047061251665154
Male, Private, 7th-8th,-1.835569460777222, Married-civ-spouse, Prof-specialty, Husband,-0.2644126153749733,-1.7680291091750493,2.173879596107263,PVT,5.0,-0.09087726520149393,R,-0.6950790750950001,1.4644638406213994,1.9017615251144309
Male, Private, HS-grad,-0.3903533538349704, Married-civ-spouse, Craft-repair, Husband,-0.2644126153749733,-0.12055745733218053,-0.41409147438951266,PVT,5.0,-0.09087726520149393,R,-0.6950790750950001,0.8440669653798131,1.5785128775053041
Female, Private, HS-grad,-0.3903533538349704, Separated, Exec-managerial, Unmarried,-0.2644126153749733,-0.12055745733218053,-0.323813413790788,NBF,189.0,-0.09087726520149393,I,-0.6950790750950001,-1.3237565986827415,0.12389396326423367
Male, Private, HS-grad,-0.3903533538349704, Never-married, Other-service, Own-child,-0.2644126153749733,-1.3561611962143318,-0.41409147438951266,NBF,5.0,-0.09087726520149393,R,-0.6950790750950001,1.6249113083562927,-1.573161436683682
Male, Self-emp-not-inc, Assoc-voc,0.18773308894193008, Married-civ-spouse, Farming-fishing, Husband,-0.2644126153749733,-0.12055745733218053,-0.5946475955869621,FOR,5.0,-0.09087726520149393,R,-0.6950790750950001,0.2076253433647374,-1.4115371128791185
Male, Private, Some-college,-0.10131013244652015, Married-civ-spouse, Machine-op-inspct, Husband,-0.2644126153749733,-0.9442932832536152,-0.41409147438951266,PVT,5.0,-0.09087726520149393,R,-0.6950790750950001,0.26110783260970183,-0.6842276557585831
Female, Private, HS-grad,-0.3903533538349704, Never-married, Adm-clerical, Not-in-family,-0.2644126153749733,-0.12055745733218053,-0.41409147438951266,NBF,5.0,-0.09087726520149393,R,-0.6950790750950001,0.9956006849072121,-1.00747630336771
Male, Private, HS-grad,-0.3903533538349704, Divorced, Sales, Not-in-family,-0.2644126153749733,-1.7680291091750493,-0.41409147438951266,PVT,5.0,-0.09087726520149393,R,-0.6950790750950001,1.0954346648311455,0.36633044897107886
Female, Private, Some-college,-0.10131013244652015, Never-married, Adm-clerical, Not-in-family,-0.2644126153749733,-1.3561611962143318,-0.41409147438951266,PVT,5.0,-0.09087726520149393,R,-0.6950790750950001,1.5232945787908603,-1.4115371128791185
Female, Federal-gov, Some-college,-0.10131013244652015, Widowed, Protective-serv, Not-in-family,-0.2644126153749733,-0.12055745733218053,2.173879596107263,PVT,5.0,-0.09087726520149393,R,-0.6950790750950001,1.4751603384703922,1.9017615251144309
Male, Private, HS-grad,-0.3903533538349704, Married-civ-spouse, Craft-repair, Husband,-0.2644126153749733,-0.12055745733218053,-0.41409147438951266,PVT,5.0,-0.09087726520149393,R,-0.6950790750950001,-1.215008870551314,-1.00747630336771
Female, Private, 11th,-0.9684397966118709, Never-married, Sales, Own-child,-0.2644126153749733,-1.7680291091750493,-0.323813413790788,NBF,5.0,-0.09087726520149393,R,-0.6950790750950001,1.4662465902628983,-1.6539735985859636
Male, Self-emp-not-inc, HS-grad,-0.3903533538349704, Married-civ-spouse, Sales, Husband,-0.2644126153749733,1.1150462815499709,-0.323813413790788,NBF,47.0,4.199486255100615,I,-0.6950790750950001,-0.9368999264774995,2.1441980108212757
Female, Private, 9th,-1.5465262393887718, Never-married, Other-service, Unmarried,-0.2644126153749733,-1.7680291091750493,-0.41409147438951266,NBF,5.0,-0.09087726520149393,R,-0.6950790750950001,-1.0420821553259292,-0.6034154938563014
Female, Private, 9th,-1.5465262393887718, Divorced, Sales, Unmarried,-0.2644126153749733,-0.12055745733218053,-0.41409147438951266,PVT,5.0,-0.09087726520149393,R,-0.6950790750950001,-1.4396353253801644,1.4168885537007405
Female, Private, Bachelors,0.7658195317188305, Never-married, Adm-clerical, Own-child,-0.2644126153749733,-0.532425370292898,-0.7752037167844117,NBF,5.0,-0.09087726520149393,R,-0.6950790750950001,-0.3503752944243907,-1.3307249509768369
Male, Local-gov, Some-college,-0.10131013244652015, Married-civ-spouse, Protective-serv, Husband,-0.2644126153749733,0.5384312034049671,2.173879596107263,PVT,130.0,1.3392439082325422,I,-0.6950790750950001,0.02221938064886102,-0.19935468434489326
Female, Private, HS-grad,-0.3903533538349704, Married-civ-spouse, Other-service, Wife,-0.2644126153749733,-0.9442932832536152,-0.41409147438951266,PVT,5.0,-0.09087726520149393,R,-0.6950790750950001,-1.5822552967000691,-0.6842276557585831
Male, Private, Some-college,-0.10131013244652015, Married-civ-spouse, Tech-support, Husband,-0.2644126153749733,0.2913104556285366,2.173879596107263,NBF,227.0,-0.09087726520149393,I,-0.6950790750950001,-0.20775532310448583,-0.28016684624717497
Male, Self-emp-not-inc, HS-grad,-0.3903533538349704, Married-civ-spouse, Transport-moving, Husband,-0.2644126153749733,-0.9442932832536152,-0.41409147438951266,NBF,5.0,-0.09087726520149393,R,-0.6950790750950001,1.1596136519251026,-0.11854252244261151
Male, Private, 11th,-0.9684397966118709, Never-married, Other-service, Own-child,-0.2644126153749733,-1.7680291091750493,2.173879596107263,NBF,5.0,-0.09087726520149393,R,-0.6950790750950001,1.1685274001325965,-1.6539735985859636
Female, Private, Masters,1.0548627531072812, Married-civ-spouse, Exec-managerial, Wife,-0.2644126153749733,0.7031783685892541,-0.323813413790788,NBF,5.0,-0.09087726520149393,R,-0.6950790750950001,0.3270695693451578,1.4168885537007405
Female, Private, Some-college,-0.10131013244652015, Never-married, Craft-repair, Other-relative,-0.2644126153749733,-0.12055745733218053,-0.41409147438951266,PVT,5.0,-0.09087726520149393,R,-0.6950790750950001,-1.5983000434735586,-1.3307249509768369
Male, Private, HS-grad,-0.3903533538349704, Divorced, Exec-managerial, Not-in-family,-0.2644126153749733,-0.12055745733218053,-0.323813413790788,NBF,189.0,-0.09087726520149393,I,-0.6950790750950001,-0.8531106933270554,-0.037730360540329785
Male, Private, HS-grad,-0.3903533538349704, Never-married, Handlers-cleaners, Own-child,-0.2644126153749733,-0.12055745733218053,2.173879596107263,NBF,176.0,-0.09087726520149393,I,-0.6950790750950001,0.7959327250593451,-0.44179117005173796
Male, Private, 5th-6th,-2.1246126821656723, Married-spouse-absent, Machine-op-inspct, Other-relative,-0.2644126153749733,-0.12055745733218053,-0.41409147438951266,PVT,5.0,-0.09087726520149393,R,-0.6950790750950001,0.5124755320610341,0.6895790965802056
Female, Private, HS-grad,-0.3903533538349704, Divorced, Adm-clerical, Unmarried,-0.2644126153749733,-0.2853046225164671,-0.41409147438951266,NBF,5.0,-0.09087726520149393,R,-0.6950790750950001,0.5873510170039841,0.12389396326423367
Male, Private, HS-grad,-0.3903533538349704, Married-civ-spouse, Machine-op-inspct, Husband,-0.2644126153749733,-0.12055745733218053,-0.41409147438951266,NBF,5.0,-0.09087726520149393,R,-0.6950790750950001,-1.4735075685686418,0.2855182870687971
Male, Private, 11th,-0.9684397966118709, Married-civ-spouse, Handlers-cleaners, Husband,-0.2644126153749733,-0.12055745733218053,-0.5043695349882374,NBF,5.0,-0.09087726520149393,R,-0.6950790750950001,0.7050124933429056,1.0128277441893325
Female, Private, Some-college,-0.10131013244652015, Divorced, Adm-clerical, Unmarried,-0.2644126153749733,1.2797934467342578,-0.5946475955869621,PVT,5.0,-0.09087726520149393,R,-0.6950790750950001,0.6925332458524142,0.4471426108733606
Female, Private, HS-grad,-0.3903533538349704, Separated, Tech-support, Unmarried,-0.2644126153749733,-0.12055745733218053,-0.41409147438951266,PVT,5.0,-0.09087726520149393,R,-0.6950790750950001,0.1309671087802883,-0.11854252244261151
Female, Private, 11th,-0.9684397966118709, Never-married, Machine-op-inspct, Own-child,-0.2644126153749733,-0.12055745733218053,-0.41409147438951266,NBF,176.0,-0.09087726520149393,I,-0.6950790750950001,-0.44307827578232883,-1.0882884652699918
Male, Private, HS-grad,-0.3903533538349704, Divorced, Sales, Not-in-family,-0.2644126153749733,0.2913104556285366,-0.323813413790788,NBF,5.0,-0.09087726520149393,R,-0.6950790750950001,0.36629006145813153,1.0936399060916138
Female, Private, HS-grad,-0.3903533538349704, Never-married, Adm-clerical, Not-in-family,-0.2644126153749733,-0.12055745733218053,-0.41409147438951266,NBF,123.0,-0.09087726520149393,I,-0.6950790750950001,1.3985021038859433,-0.8458519795631466
Male, Private, Bachelors,0.7658195317188305, Married-civ-spouse, Sales, Husband,-0.2644126153749733,0.7031783685892541,-0.41409147438951266,NBF,5.0,-0.09087726520149393,R,-0.6950790750950001,-0.008087363256618777,-0.3609790081494562
Male, Private, HS-grad,-0.3903533538349704, Married-civ-spouse, Machine-op-inspct, Husband,-0.2644126153749733,0.2913104556285366,-0.41409147438951266,NBF,191.0,-0.09087726520149393,I,-0.6950790750950001,0.39481405572211253,-0.6034154938563014
Female, Private, Some-college,-0.10131013244652015, Divorced, Sales, Not-in-family,-0.2644126153749733,-0.532425370292898,-0.41409147438951266,NBF,5.0,-0.09087726520149393,R,-0.6950790750950001,0.6212232601924614,-0.28016684624717497
Female, Private, Some-college,-0.10131013244652015, Never-married, Adm-clerical, Own-child,-0.2644126153749733,-0.12055745733218053,2.173879596107263,PVT,5.0,-0.09087726520149393,R,-0.6950790750950001,1.3681953599804637,-1.0882884652699918
Male, Self-emp-not-inc, HS-grad,-0.3903533538349704, Never-married, Farming-fishing, Not-in-family,-0.2644126153749733,1.5269141945106874,-0.41409147438951266,NBF,5.0,-0.09087726520149393,R,-0.6950790750950001,0.6747057494374259,0.36633044897107886
Female, Private, Some-college,-0.10131013244652015, Never-married, Protective-serv, Own-child,-0.2644126153749733,-1.7680291091750493,-0.41409147438951266,PVT,123.0,-0.09087726520149393,I,-0.6950790750950001,1.6142148105072993,-1.3307249509768369
Male, Private, Assoc-acdm,0.4767763103303807, Divorced, Sales, Unmarried,-0.2644126153749733,-0.12055745733218053,-0.41409147438951266,PVT,5.0,-0.09087726520149393,R,-0.6950790750950001,1.1792238979815897,0.2047061251665154
Female, Private, 9th,-1.5465262393887718, Separated, Machine-op-inspct, Unmarried,-0.2644126153749733,-0.532425370292898,-0.41409147438951266,NBF,123.0,-0.09087726520149393,I,-0.6950790750950001,-1.1062611424198867,-0.3609790081494562
Male, Private, 11th,-0.9684397966118709, Married-civ-spouse, Handlers-cleaners, Husband,-0.2644126153749733,-0.12055745733218053,-0.41409147438951266,NBF,5.0,-0.09087726520149393,R,-0.6950790750950001,1.594604564450813,0.36633044897107886
Male, Private, 11th,-0.9684397966118709, Married-civ-spouse, Other-service, Husband,-0.2644126153749733,-0.12055745733218053,2.173879596107263,PVT,5.0,-0.09087726520149393,R,-0.6950790750950001,-0.08118009855807028,-1.2499127890745552
Female, Private, HS-grad,-0.3903533538349704, Separated, Machine-op-inspct, Unmarried,-0.2644126153749733,-0.12055745733218053,-0.41409147438951266,PVT,5.0,-0.09087726520149393,R,-0.6950790750950001,0.02400213029035981,-0.44179117005173796
Female, Private, Bachelors,0.7658195317188305, Never-married, Sales, Unmarried,-0.2644126153749733,-0.12055745733218053,-0.41409147438951266,NBF,5.0,-0.09087726520149393,R,-0.6950790750950001,-0.5892637463852315,2.0633858489189945
Male, Private, Some-college,-0.10131013244652015, Never-married, Exec-managerial, Not-in-family,-0.2644126153749733,0.7031783685892541,-0.41409147438951266,NBF,5.0,-0.09087726520149393,R,-0.6950790750950001,-1.5697760492095776,-0.28016684624717497
Female, Private, Some-college,-0.10131013244652015, Never-married, Other-service, Own-child,-0.2644126153749733,-0.12055745733218053,-0.323813413790788,NBF,5.0,-0.09087726520149393,R,-0.6950790750950001,0.6301370083999558,-1.4923492747814002
Male, Private, Some-college,-0.10131013244652015, Never-married, Craft-repair, Not-in-family,-0.2644126153749733,-0.12055745733218053,-0.41409147438951266,PVT,5.0,-0.09087726520149393,R,-0.6950790750950001,-1.3558460922297202,-0.6034154938563014
Female, Private, Some-college,-0.10131013244652015, Never-married, Other-service, Own-child,-0.2644126153749733,-1.4385347788064753,2.173879596107263,NBF,5.0,-0.09087726520149393,R,-0.6950790750950001,-0.5981774945927254,-1.3307249509768369
Male, Private, Prof-school,1.3439059744957311, Never-married, Prof-specialty, Not-in-family,-0.2644126153749733,-0.12055745733218053,-0.74511102991817,NBF,5.0,-0.09087726520149393,R,-0.6950790750950001,0.8066292229083378,-0.5226033319540196
Female, Private, Assoc-acdm,0.4767763103303807, Never-married, Sales, Own-child,-0.2644126153749733,-0.12055745733218053,-0.5043695349882374,PVT,5.0,-0.09087726520149393,R,-0.6950790750950001,-0.7318837177051364,-1.2499127890745552
Male, Private, Some-college,-0.10131013244652015, Never-married, Adm-clerical, Own-child,-0.2644126153749733,-0.12055745733218053,-0.74511102991817,NBF,5.0,-0.09087726520149393,R,-0.6950790750950001,-1.1650918805893473,-1.4115371128791185
Female, Private, HS-grad,-0.3903533538349704, Married-civ-spouse, Other-service, Wife,-0.2644126153749733,-3.250753595833631,-0.323813413790788,NBF,5.0,-0.09087726520149393,R,-0.6950790750950001,-0.2273655691609727,-0.19935468434489326
Male, Private, HS-grad,-0.3903533538349704, Never-married, Handlers-cleaners, Not-in-family,-0.2644126153749733,-0.12055745733218053,2.173879596107263,PVT,5.0,-0.09087726520149393,R,-0.6950790750950001,1.4662465902628983,-1.1691006271722735
Female, Private, Some-college,-0.10131013244652015, Never-married, Prof-specialty, Not-in-family,-0.2644126153749733,-0.12055745733218053,-0.41409147438951266,NBF,5.0,-0.09087726520149393,R,-0.6950790750950001,-0.5019090139517897,-1.0882884652699918
Male, State-gov, HS-grad,-0.3903533538349704, Never-married, Other-service, Not-in-family,-0.2644126153749733,-0.12055745733218053,2.173879596107263,PVT,5.0,-0.09087726520149393,R,-0.6950790750950001,1.0062971827562048,-0.037730360540329785
Female, Private, Some-college,-0.10131013244652015, Divorced, Machine-op-inspct, Unmarried,-0.2644126153749733,-0.2853046225164671,-0.6247402824532038,NBF,5.0,-0.09087726520149393,R,-0.6950790750950001,-1.375456338286207,0.36633044897107886
Male, Private, Some-college,-0.10131013244652015, Married-civ-spouse, Transport-moving, Husband,-0.2644126153749733,0.2913104556285366,-0.5946475955869621,PVT,5.0,1.3392439082325422,R,-0.6950790750950001,0.33063506862815534,-0.11854252244261151
Female, Private, Assoc-voc,0.18773308894193008, Divorced, Prof-specialty, Not-in-family,-0.2644126153749733,-0.12055745733218053,-0.6548329693194453,NBF,5.0,-0.09087726520149393,R,-0.6950790750950001,-0.031263108596103414,0.2855182870687971
Male, Private, HS-grad,-0.3903533538349704, Married-civ-spouse, Farming-fishing, Husband,-0.2644126153749733,0.7031783685892541,-0.7752037167844117,PVT,176.0,-0.09087726520149393,I,-0.6950790750950001,-0.13644533744453313,-0.44179117005173796
Female, Private, HS-grad,-0.3903533538349704, Never-married, Prof-specialty, Own-child,-0.2644126153749733,-0.9442932832536152,2.173879596107263,PVT,5.0,-0.09087726520149393,R,-0.6950790750950001,-1.5198590592476109,-1.4115371128791185
Male, Local-gov, 10th,-1.2574830180003211, Married-civ-spouse, Transport-moving, Husband,-0.2644126153749733,-2.5917649350964838,-0.41409147438951266,NBF,5.0,-0.09087726520149393,R,-0.6950790750950001,0.6230060098339603,2.4674466584304025
Female, Private, Assoc-acdm,0.4767763103303807, Never-married, Sales, Not-in-family,-0.2644126153749733,0.3736840382206801,-0.41409147438951266,NBF,5.0,-0.09087726520149393,R,-0.6950790750950001,-0.8727209393835423,-0.5226033319540196
Male, Private, HS-grad,-0.3903533538349704, Married-civ-spouse, Craft-repair, Husband,-0.2644126153749733,-0.12055745733218053,2.173879596107263,PVT,5.0,-0.09087726520149393,R,-0.6950790750950001,-1.3077118519092523,0.9320155822870502
Female, Private, HS-grad,-0.3903533538349704, Divorced, Other-service, Not-in-family,-0.2644126153749733,-0.12055745733218053,-0.41409147438951266,NBF,5.0,-0.09087726520149393,R,-0.6950790750950001,-0.4252507793673408,0.5279547727756421
Male, Private, HS-grad,-0.3903533538349704, Married-civ-spouse, Adm-clerical, Husband,-0.2644126153749733,-0.532425370292898,-0.5946475955869621,PVT,5.0,-0.09087726520149393,R,-0.6950790750950001,-0.6570082327621862,-0.6034154938563014
Female, Private, Bachelors,0.7658195317188305, Married-civ-spouse, Prof-specialty, Wife,-0.2644126153749733,-0.12055745733218053,-0.74511102991817,NBF,5.0,-0.09087726520149393,R,-0.6950790750950001,-1.5162935599646132,-1.1691006271722735
Female, Private, Assoc-acdm,0.4767763103303807, Never-married, Other-service, Own-child,-0.2644126153749733,-3.0036328480572005,-0.323813413790788,NBF,5.0,-0.09087726520149393,R,-0.6950790750950001,1.4947705845268793,-1.4115371128791185
Male, Self-emp-not-inc, Assoc-voc,0.18773308894193008, Divorced, Exec-managerial, Not-in-family,-0.2644126153749733,-1.3561611962143318,2.173879596107263,PVT,5.0,-0.09087726520149393,R,-0.6950790750950001,0.42690354926909113,0.36633044897107886
Female, Private, HS-grad,-0.3903533538349704, Never-married, Sales, Not-in-family,-0.2644126153749733,-1.3561611962143318,2.173879596107263,PVT,5.0,-0.09087726520149393,R,-0.6950790750950001,-0.9190724300625113,-1.3307249509768369
Male, Self-emp-not-inc, HS-grad,-0.3903533538349704, Married-civ-spouse, Craft-repair, Husband,3.3446572575126226,-0.12055745733218053,2.173879596107263,PVT,5.0,-0.09087726520149393,R,-0.6950790750950001,0.7709742300783616,1.9017615251144309
Male, Self-emp-not-inc, Some-college,-0.10131013244652015, Never-married, Tech-support, Not-in-family,-0.2644126153749733,-1.3561611962143318,-0.41409147438951266,PVT,5.0,-0.09087726520149393,R,-0.6950790750950001,-1.564427800285081,-1.4115371128791185
Female, Private, Some-college,-0.10131013244652015, Divorced, Other-service, Unmarried,-0.2644126153749733,-0.12055745733218053,-0.41409147438951266,PVT,5.0,-0.09087726520149393,R,-0.6950790750950001,-1.368325339720212,-0.3609790081494562
Female, Private, Bachelors,0.7658195317188305, Never-married, Prof-specialty, Not-in-family,-0.2644126153749733,-0.12055745733218053,2.173879596107263,HFC,5.0,-0.09087726520149393,R,-0.6950790750950001,1.5143808305833661,-0.44179117005173796
Male, Self-emp-inc, 11th,-0.9684397966118709, Never-married, Farming-fishing, Own-child,-0.2644126153749733,2.3506500204321217,2.173879596107263,NBF,5.0,-0.09087726520149393,R,-0.6950790750950001,-0.6231359895737089,-1.6539735985859636
Male, Private, Bachelors,0.7658195317188305, Never-married, Other-service, Not-in-family,-0.2644126153749733,-0.12055745733218053,-0.74511102991817,PVT,123.0,-0.09087726520149393,I,-0.6950790750950001,-1.150829883457357,-1.1691006271722735
Male, Private, Some-college,-0.10131013244652015, Married-civ-spouse, Machine-op-inspct, Husband,-0.2644126153749733,-0.12055745733218053,-0.41409147438951266,PVT,5.0,-0.09087726520149393,R,-0.6950790750950001,-0.6195704902907111,-0.5226033319540196
Male, Local-gov, Bachelors,0.7658195317188305, Never-married, Prof-specialty, Not-in-family,-0.2644126153749733,-0.12055745733218053,-0.41409147438951266,PVT,5.0,-0.09087726520149393,R,-0.6950790750950001,1.024124679171193,0.36633044897107886
Male, Private, HS-grad,-0.3903533538349704, Married-civ-spouse, Craft-repair, Husband,-0.2644126153749733,-0.12055745733218053,-0.41409147438951266,NBF,5.0,-0.09087726520149393,R,-0.6950790750950001,-0.23271381808546907,1.0128277441893325
Male, Private, 5th-6th,-2.1246126821656723, Married-civ-spouse, Craft-repair, Husband,-0.2644126153749733,1.5269141945106874,-0.4742768481219959,NBF,5.0,-0.09087726520149393,R,-0.6950790750950001,-1.4521145728706562,0.2855182870687971
Female, State-gov, 12th,-0.6793965752234207, Never-married, Adm-clerical, Unmarried,-0.2644126153749733,-0.12055745733218053,-0.5946475955869621,PVT,5.0,-0.09087726520149393,R,-0.6950790750950001,-1.5359038060211,-0.5226033319540196
Male, Private, Some-college,-0.10131013244652015, Never-married, Adm-clerical, Own-child,-0.2644126153749733,-0.12055745733218053,-0.3839987875232711,HFC,5.0,-0.09087726520149393,R,-0.6950790750950001,0.410858802495602,-0.3609790081494562
Male, Private, Assoc-voc,0.18773308894193008, Married-civ-spouse, Craft-repair, Husband,-0.2644126153749733,1.2797934467342578,-0.41409147438951266,NBF,5.0,-0.09087726520149393,R,-0.6950790750950001,-1.6393032852280314,1.0128277441893325
Male, Private, Bachelors,0.7658195317188305, Married-civ-spouse, Sales, Husband,-0.2644126153749733,0.20893687303639308,-0.41409147438951266,NBF,5.0,-0.09087726520149393,R,-0.6950790750950001,-0.008087363256618777,-0.037730360540329785
Male, Private, HS-grad,-0.3903533538349704, Never-married, Handlers-cleaners, Own-child,-0.2644126153749733,-1.7680291091750493,-0.41409147438951266,NBF,5.0,-0.09087726520149393,R,-0.6950790750950001,-1.0117754114204496,-1.4115371128791185
Female, Self-emp-not-inc, Bachelors,0.7658195317188305, Never-married, Other-service, Not-in-family,-0.2644126153749733,-2.1798970221357665,2.173879596107263,PVT,5.0,-0.09087726520149393,R,-0.6950790750950001,0.899332204266276,-0.44179117005173796
Male, Private, HS-grad,-0.3903533538349704, Married-civ-spouse, Craft-repair, Husband,-0.2644126153749733,-0.12055745733218053,-0.5946475955869621,PVT,5.0,-0.09087726520149393,R,-0.6950790750950001,-1.4699420692856442,-0.3609790081494562
Male, Private, HS-grad,-0.3903533538349704, Married-civ-spouse, Exec-managerial, Husband,-0.2644126153749733,-0.12055745733218053,-0.41409147438951266,NBF,5.0,-0.09087726520149393,R,-0.6950790750950001,-0.6427462356301957,-0.5226033319540196
Male, State-gov, Bachelors,0.7658195317188305, Never-married, Prof-specialty, Not-in-family,-0.2644126153749733,0.7031783685892541,-0.74511102991817,NBF,5.0,-0.09087726520149393,R,-0.6950790750950001,-1.5876035456245658,-0.7650398176608648
Male, Private, HS-grad,-0.3903533538349704, Married-civ-spouse, Craft-repair, Husband,-0.2644126153749733,-0.12055745733218053,-0.41409147438951266,NBF,5.0,-0.09087726520149393,R,-0.6950790750950001,0.22901833906272323,0.12389396326423367
Male, Private, 7th-8th,-1.835569460777222, Married-civ-spouse, Farming-fishing, Husband,-0.2644126153749733,-0.9442932832536152,-0.74511102991817,PVT,5.0,-0.09087726520149393,R,-0.6950790750950001,1.0383866763031835,0.6087669346779243
Male, Private, HS-grad,-0.3903533538349704, Never-married, Craft-repair, Own-child,-0.2644126153749733,-0.9442932832536152,-0.6247402824532038,PVT,189.0,-0.09087726520149393,I,-0.6950790750950001,-1.5983000434735586,-0.19935468434489326
Female, Private, HS-grad,-0.3903533538349704, Never-married, Other-service, Unmarried,-0.2644126153749733,-0.9442932832536152,-0.41409147438951266,NBF,5.0,-0.09087726520149393,R,-0.6950790750950001,1.5928218148093138,-0.11854252244261151
Male, Private, Some-college,-0.10131013244652015, Never-married, Transport-moving, Own-child,-0.2644126153749733,-0.12055745733218053,-0.323813413790788,NBF,189.0,1.3392439082325422,I,-0.6950790750950001,1.054431423076673,-1.3307249509768369
Female, Federal-gov, Some-college,-0.10131013244652015, Divorced, Exec-managerial, Unmarried,-0.2644126153749733,-0.12055745733218053,-0.41409147438951266,PVT,5.0,-0.09087726520149393,R,-0.6950790750950001,0.9688594402847299,0.04308180136195194
Male, Private, Bachelors,0.7658195317188305, Divorced, Prof-specialty, Not-in-family,2.514986022366049,-0.12055745733218053,-0.7752037167844117,NBF,5.0,-0.09087726520149393,R,-0.6950790750950001,-1.6286067873790384,1.2552642298961771
Male, Private, HS-grad,-0.3903533538349704, Married-civ-spouse, Transport-moving, Husband,-0.2644126153749733,-0.12055745733218053,-0.41409147438951266,NBF,5.0,-0.09087726520149393,R,-0.6950790750950001,-1.5786897974170717,-0.7650398176608648
Male, Federal-gov, Bachelors,0.7658195317188305, Never-married, Exec-managerial, Own-child,-0.2644126153749733,-0.12055745733218053,2.173879596107263,PVT,5.0,-0.09087726520149393,R,-0.6950790750950001,0.6711402501544282,-0.28016684624717497
Female, Private, HS-grad,-0.3903533538349704, Separated, Exec-managerial, Unmarried,-0.2644126153749733,-0.36767820510861104,2.173879596107263,PVT,5.0,1.3392439082325422,R,-0.6950790750950001,-0.029480358954604626,0.6895790965802056
Female, Private, Assoc-voc,0.18773308894193008, Never-married, Exec-managerial, Not-in-family,-0.2644126153749733,0.12656329044425002,2.173879596107263,PVT,5.0,-0.09087726520149393,R,-0.6950790750950001,-1.2167916201928128,1.0128277441893325
Male, Private, HS-grad,-0.3903533538349704, Never-married, Other-service, Other-relative,-0.2644126153749733,-0.12055745733218053,-0.41409147438951266,NBF,5.0,-0.09087726520149393,R,-0.6950790750950001,-0.7586249623276186,-0.8458519795631466
Female, Private, HS-grad,-0.3903533538349704, Never-married, Machine-op-inspct, Own-child,-0.2644126153749733,-1.3561611962143318,-0.41409147438951266,PVT,5.0,-0.09087726520149393,R,-0.6950790750950001,1.2861888764715181,-1.1691006271722735
Male, State-gov, HS-grad,-0.3903533538349704, Divorced, Exec-managerial, Not-in-family,-0.2644126153749733,-0.12055745733218053,-0.41409147438951266,NBF,5.0,-0.09087726520149393,R,-0.6950790750950001,-0.9511619236094899,0.6087669346779243
Male, Private, 10th,-1.2574830180003211, Married-civ-spouse, Machine-op-inspct, Husband,-0.2644126153749733,0.5384312034049671,-0.41409147438951266,PVT,5.0,-0.09087726520149393,R,-0.6950790750950001,0.28071807866618853,1.4977007156030229
Male, Private, HS-grad,-0.3903533538349704, Never-married, Handlers-cleaners, Other-relative,-0.2644126153749733,-1.7680291091750493,-0.41409147438951266,PVT,5.0,-0.09087726520149393,R,-0.6950790750950001,0.32885231898665657,-1.3307249509768369
Male, Private, Bachelors,0.7658195317188305, Never-married, Tech-support, Not-in-family,-0.2644126153749733,-0.9442932832536152,-0.5946475955869621,FOR,5.0,-0.09087726520149393,R,-0.6950790750950001,0.12561885985579194,-0.8458519795631466
Male, Private, HS-grad,-0.3903533538349704, Never-married, Sales, Own-child,-0.2644126153749733,1.5269141945106874,-0.41409147438951266,NBF,5.0,-0.09087726520149393,R,-0.6950790750950001,-0.8584589422515517,-1.2499127890745552
Male, Private, HS-grad,-0.3903533538349704, Never-married, Handlers-cleaners, Not-in-family,-0.2644126153749733,-0.12055745733218053,-0.41409147438951266,NBF,173.0,-0.09087726520149393,I,-0.6950790750950001,-1.1615263813063497,-1.573161436683682
Female, State-gov, HS-grad,-0.3903533538349704, Widowed, Prof-specialty, Unmarried,-0.2644126153749733,-0.532425370292898,-0.323813413790788,NBF,5.0,-0.09087726520149393,R,-0.6950790750950001,-1.4128940807576822,2.225010172723558
Male, Private, Some-college,-0.10131013244652015, Married-civ-spouse, Exec-managerial, Husband,-0.2644126153749733,1.1150462815499709,-0.41409147438951266,PVT,5.0,-0.09087726520149393,R,-0.6950790750950001,0.7495812343803762,-0.037730360540329785
Male, Private, HS-grad,-0.3903533538349704, Divorced, Transport-moving, Own-child,-0.2644126153749733,1.5269141945106874,-0.41409147438951266,NBF,5.0,-0.09087726520149393,R,-0.6950790750950001,-1.3576288418712192,0.04308180136195194
Male, Self-emp-inc, Bachelors,0.7658195317188305, Married-civ-spouse, Exec-managerial, Husband,-0.2644126153749733,1.5269141945106874,-0.41409147438951266,NBF,177.0,-0.09087726520149393,I,-0.6950790750950001,0.5909165162869816,0.5279547727756421
Male, Private, HS-grad,-0.3903533538349704, Never-married, Sales, Unmarried,-0.2644126153749733,0.0441897078521065,2.173879596107263,PVT,5.0,-0.09087726520149393,R,-0.6950790750950001,0.1327498584217871,-0.037730360540329785
Male, Local-gov, HS-grad,-0.3903533538349704, Never-married, Handlers-cleaners, Other-relative,-0.2644126153749733,-0.12055745733218053,-0.41409147438951266,NBF,5.0,-0.09087726520149393,R,-0.6950790750950001,-0.904810432930521,-1.0882884652699918
Female, Private, HS-grad,-0.3903533538349704, Divorced, Other-service, Unmarried,-0.2644126153749733,-0.7795461180693282,2.173879596107263,PVT,5.0,-0.09087726520149393,R,-0.6950790750950001,-0.3218513001604097,-0.037730360540329785
Male, Private, HS-grad,-0.3903533538349704, Married-civ-spouse, Craft-repair, Husband,-0.2644126153749733,-0.532425370292898,-0.41409147438951266,PVT,5.0,-0.09087726520149393,R,-0.6950790750950001,-0.7907144558745971,-1.3307249509768369
Male, Private, 5th-6th,-2.1246126821656723, Never-married, Craft-repair, Not-in-family,-0.2644126153749733,-0.12055745733218053,-0.41409147438951266,NBF,5.0,-0.09087726520149393,R,-0.6950790750950001,0.9064632028322716,-1.2499127890745552
Female, Self-emp-not-inc, HS-grad,-0.3903533538349704, Never-married, Sales, Not-in-family,-0.2644126153749733,0.20893687303639308,2.173879596107263,INS,5.0,-0.09087726520149393,R,-0.6950790750950001,1.2059651426040718,1.8209493632121487
Male, Private, Some-college,-0.10131013244652015, Divorced, Craft-repair, Not-in-family,-0.2644126153749733,0.3736840382206801,-0.41409147438951266,PVT,5.0,-0.09087726520149393,R,-0.6950790750950001,0.7246227393993927,-0.8458519795631466
Female, Private, Some-college,-0.10131013244652015, Never-married, Other-service, Own-child,-0.2644126153749733,-1.3561611962143318,-0.5043695349882374,NBF,5.0,-0.09087726520149393,R,-0.6950790750950001,0.7032297437014069,-1.4115371128791185
Male, Private, Masters,1.0548627531072812, Married-civ-spouse, Prof-specialty, Husband,-0.2644126153749733,-0.12055745733218053,-0.41409147438951266,NBF,5.0,-0.09087726520149393,R,-0.6950790750950001,0.9688594402847299,0.8512034203847689
Male, Private, 12th,-0.6793965752234207, Divorced, Craft-repair, Own-child,-0.2644126153749733,-0.532425370292898,-0.41409147438951266,PVT,5.0,-0.09087726520149393,R,-0.6950790750950001,0.40551055357110527,-0.11854252244261151
Female, Private, Some-college,-0.10131013244652015, Never-married, Other-service, Own-child,-0.2644126153749733,-0.12055745733218053,-0.41409147438951266,NBF,5.0,-0.09087726520149393,R,-0.6950790750950001,0.7816707279273547,-1.2499127890745552
Female, Private, HS-grad,-0.3903533538349704, Never-married, Machine-op-inspct, Own-child,-0.2644126153749733,-0.12055745733218053,-0.323813413790788,NBF,5.0,-0.09087726520149393,R,-0.6950790750950001,-1.414676830399181,-1.4115371128791185
Male, Private, HS-grad,-0.3903533538349704, Never-married, Handlers-cleaners, Own-child,-0.2644126153749733,-1.3561611962143318,-0.41409147438951266,NBF,5.0,-0.09087726520149393,R,-0.6950790750950001,1.4983360838098767,-1.3307249509768369
Female, Private, Some-college,-0.10131013244652015, Never-married, Adm-clerical, Not-in-family,-0.2644126153749733,-0.532425370292898,-0.74511102991817,PVT,5.0,-0.09087726520149393,R,-0.6950790750950001,-1.2025296230608225,-1.4923492747814002
Male, Private, HS-grad,-0.3903533538349704, Married-civ-spouse, Craft-repair, Husband,-0.2644126153749733,-0.12055745733218053,-0.41409147438951266,NBF,123.0,-0.09087726520149393,I,-0.6950790750950001,-0.047307855369592894,-0.037730360540329785
Female, Private, Some-college,-0.10131013244652015, Never-married, Other-service, Unmarried,-0.2644126153749733,0.5384312034049671,-0.41409147438951266,PVT,5.0,-0.09087726520149393,R,-0.6950790750950001,0.10779136344080405,-1.2499127890745552
Male, Private, Masters,1.0548627531072812, Never-married, Prof-specialty, Not-in-family,-0.2644126153749733,-0.9442932832536152,-0.74511102991817,PUB,5.0,-0.09087726520149393,R,-0.6950790750950001,-0.8156729508555803,-1.0882884652699918
Male, Private, Some-college,-0.10131013244652015, Never-married, Handlers-cleaners, Not-in-family,-0.2644126153749733,-0.12055745733218053,-0.41409147438951266,PVT,5.0,-0.09087726520149393,R,-0.6950790750950001,0.6497472544564424,0.36633044897107886
Male, Private, 11th,-0.9684397966118709, Never-married, Other-service, Own-child,-0.2644126153749733,0.0441897078521065,-0.41409147438951266,PVT,5.0,-0.09087726520149393,R,-0.6950790750950001,-0.4947780153857943,-1.4115371128791185
Female, Local-gov, Assoc-acdm,0.4767763103303807, Divorced, Adm-clerical, Unmarried,-0.2644126153749733,-2.5917649350964838,-0.74511102991817,NBF,123.0,-0.09087726520149393,I,-0.6950790750950001,0.15592560376127174,-0.3609790081494562
Male, Private, 5th-6th,-2.1246126821656723, Never-married, Handlers-cleaners, Unmarried,-0.2644126153749733,-0.9442932832536152,-0.74511102991817,PVT,999.0,-0.09087726520149393,I,-0.6950790750950001,1.676611047959758,-1.4923492747814002
Male, Private, Assoc-acdm,0.4767763103303807, Divorced, Sales, Not-in-family,-0.2644126153749733,-0.12055745733218053,-0.41409147438951266,NBF,123.0,-0.09087726520149393,I,-0.6950790750950001,-0.5375640067817659,-0.3609790081494562
Male, Private, HS-grad,-0.3903533538349704, Married-civ-spouse, Transport-moving, Husband,-0.2644126153749733,-0.12055745733218053,-0.5946475955869621,PVT,173.0,-0.09087726520149393,I,-0.6950790750950001,1.2576648822075371,1.8209493632121487
Female, State-gov, Some-college,-0.10131013244652015, Divorced, Prof-specialty, Not-in-family,-0.2644126153749733,-0.36767820510861104,-0.323813413790788,NBF,5.0,-0.09087726520149393,R,-0.6950790750950001,0.8315877178893212,1.3360763917984593
Male, Private, HS-grad,-0.3903533538349704, Never-married, Transport-moving, Not-in-family,-0.2644126153749733,-0.532425370292898,-0.41409147438951266,PVT,5.0,-0.09087726520149393,R,-0.6950790750950001,-1.1882676259288318,-0.19935468434489326
Male, Private, HS-grad,-0.3903533538349704, Never-married, Other-service, Not-in-family,-0.2644126153749733,-0.12055745733218053,-0.41409147438951266,NBF,5.0,-0.09087726520149393,R,-0.6950790750950001,1.6124320608658007,-1.3307249509768369
Female, Private, Some-college,-0.10131013244652015, Never-married, Sales, Own-child,-0.2644126153749733,-0.532425370292898,-0.41409147438951266,NBF,5.0,-0.09087726520149393,R,-0.6950790750950001,-1.2488811137397915,-0.3609790081494562
Male, Private, Some-college,-0.10131013244652015, Never-married, Machine-op-inspct, Not-in-family,-0.2644126153749733,-0.12055745733218053,2.173879596107263,PVT,5.0,-0.09087726520149393,R,-0.6950790750950001,-1.0331684071184353,-0.44179117005173796
Female, Private, HS-grad,-0.3903533538349704, Never-married, Other-service, Own-child,-0.2644126153749733,-0.7795461180693282,-0.41409147438951266,NBF,224.0,-0.09087726520149393,R,-0.6950790750950001,-1.649999783077024,-0.9266641414654283
Female, Self-emp-not-inc, 10th,-1.2574830180003211, Married-spouse-absent, Other-service, Not-in-family,3.30524787384316,-2.1798970221357665,-0.5946475955869621,PVT,5.0,-0.09087726520149393,R,-0.6950790750950001,0.8012809739838415,0.04308180136195194
Male, Private, Some-college,-0.10131013244652015, Never-married, Other-service, Own-child,-0.2644126153749733,-0.6971725354771846,-0.41409147438951266,PVT,5.0,-0.09087726520149393,R,-0.6950790750950001,-0.9939479150054615,-1.4923492747814002
Male, Private, HS-grad,-0.3903533538349704, Never-married, Handlers-cleaners, Not-in-family,-0.2644126153749733,-0.12055745733218053,-0.41409147438951266,PVT,5.0,-0.09087726520149393,R,-0.6950790750950001,1.4038503528104398,-0.037730360540329785
Male, Private, Some-college,-0.10131013244652015, Never-married, Craft-repair, Not-in-family,-0.2644126153749733,-0.12055745733218053,-0.41409147438951266,NBF,176.0,4.199486255100615,I,-0.6950790750950001,-1.3611943411542167,-0.6842276557585831
Male, Private, HS-grad,-0.3903533538349704, Married-civ-spouse, Prof-specialty, Husband,-0.2644126153749733,-0.9442932832536152,-0.41409147438951266,PVT,130.0,-0.09087726520149393,I,-0.6950790750950001,-1.537686555662599,1.7401372013098675
Male, Private, HS-grad,-0.3903533538349704, Married-civ-spouse, Transport-moving, Husband,-0.2644126153749733,-1.7680291091750493,2.173879596107263,PUB,999.0,-0.09087726520149393,I,-0.6950790750950001,-0.2612378123494501,-0.44179117005173796
Female, Private, HS-grad,-0.3903533538349704, Divorced, Exec-managerial, Unmarried,-0.2644126153749733,-0.12055745733218053,-0.41409147438951266,PVT,5.0,-0.09087726520149393,R,-0.6950790750950001,0.6836194976449198,0.2855182870687971
Female, Private, Some-college,-0.10131013244652015, Never-married, Adm-clerical, Not-in-family,3.30524787384316,-0.12055745733218053,-0.41409147438951266,NBF,123.0,-0.09087726520149393,I,-0.6950790750950001,0.8405014660968155,-1.2499127890745552
Male, Private, 5th-6th,-2.1246126821656723, Never-married, Handlers-cleaners, Own-child,-0.2644126153749733,-0.12055745733218053,-0.41409147438951266,PVT,189.0,-0.09087726520149393,I,-0.6950790750950001,0.5160410313440317,-1.6539735985859636
Male, Private, 7th-8th,-1.835569460777222, Married-civ-spouse, Craft-repair, Husband,-0.2644126153749733,-0.12055745733218053,-0.5946475955869621,FOR,5.0,-0.09087726520149393,R,-0.6950790750950001,0.6854022472864186,2.386634496528121
Male, Private, Assoc-acdm,0.4767763103303807, Married-civ-spouse, Tech-support, Husband,-0.2644126153749733,-0.12055745733218053,-0.7752037167844117,NBF,121.0,1.3392439082325422,I,-0.6950790750950001,-0.21666907131197977,0.36633044897107886
Male, Private, HS-grad,-0.3903533538349704, Married-civ-spouse, Craft-repair, Husband,-0.2644126153749733,-0.12055745733218053,-0.41409147438951266,NBF,5.0,-0.09087726520149393,R,-0.6950790750950001,-1.5911690449075633,-0.28016684624717497
Female, Private, HS-grad,-0.3903533538349704, Never-married, Adm-clerical, Own-child,-0.2644126153749733,-0.12055745733218053,2.173879596107263,NBF,5.0,-0.09087726520149393,R,-0.6950790750950001,1.1293069080196227,-1.4115371128791185
Male, State-gov, Some-college,-0.10131013244652015, Never-married, Handlers-cleaners, Own-child,-0.2644126153749733,-0.12055745733218053,-0.323813413790788,NBF,5.0,-0.09087726520149393,R,-0.6950790750950001,0.947466444586744,-1.4115371128791185
Female, Local-gov, Assoc-voc,0.18773308894193008, Divorced, Craft-repair, Unmarried,-0.2644126153749733,0.2913104556285366,-0.41409147438951266,NBF,5.0,-0.09087726520149393,R,-0.6950790750950001,-0.5161710110837802,0.2047061251665154
Male, Private, HS-grad,-0.3903533538349704, Married-civ-spouse, Transport-moving, Husband,-0.2644126153749733,-0.12055745733218053,-0.323813413790788,NBF,5.0,1.3392439082325422,R,-0.6950790750950001,-0.535781257140267,1.8209493632121487
Male, Private, HS-grad,-0.3903533538349704, Never-married, Craft-repair, Not-in-family,-0.2644126153749733,0.7031783685892541,-0.41409147438951266,NBF,123.0,-0.09087726520149393,I,-0.6950790750950001,-0.011652862539616355,-1.1691006271722735
Male, Private, HS-grad,-0.3903533538349704, Never-married, Protective-serv, Own-child,-0.2644126153749733,-0.12055745733218053,-0.74511102991817,NBF,5.0,-0.09087726520149393,R,-0.6950790750950001,1.4929878348853804,-1.4115371128791185
Male, State-gov, 5th-6th,-2.1246126821656723, Married-civ-spouse, Other-service, Husband,-0.2644126153749733,-0.12055745733218053,-0.41409147438951266,PVT,5.0,-0.09087726520149393,R,-0.6950790750950001,0.004391884233872751,-0.19935468434489326
Female, Local-gov, Assoc-voc,0.18773308894193008, Never-married, Protective-serv, Not-in-family,-0.2644126153749733,-0.12055745733218053,-0.41409147438951266,NBF,5.0,-0.09087726520149393,R,-0.6950790750950001,-1.3808045872107035,-0.11854252244261151
Female, Federal-gov, Some-college,-0.10131013244652015, Divorced, Exec-managerial, Not-in-family,-0.2644126153749733,0.7031783685892541,2.173879596107263,NBF,123.0,-0.09087726520149393,I,-0.6950790750950001,1.3468023642824778,0.8512034203847689
Male, Private, HS-grad,-0.3903533538349704, Married-civ-spouse, Machine-op-inspct, Husband,-0.2644126153749733,-0.12055745733218053,-0.4742768481219959,NBF,5.0,-0.09087726520149393,R,-0.6950790750950001,-0.09544209569006058,-1.4115371128791185
Male, Private, 10th,-1.2574830180003211, Never-married, Other-service, Own-child,-0.2644126153749733,-0.12055745733218053,-0.41409147438951266,PVT,5.0,-0.09087726520149393,R,-0.6950790750950001,0.8583289625118035,-1.6539735985859636
Male, Private, HS-grad,-0.3903533538349704, Married-civ-spouse, Machine-op-inspct, Husband,-0.2644126153749733,-0.12055745733218053,-0.41409147438951266,NBF,189.0,1.3392439082325422,I,-0.6950790750950001,0.2539768340437063,0.6087669346779243
Male, Private, HS-grad,-0.3903533538349704, Married-civ-spouse, Prof-specialty, Not-in-family,-0.2644126153749733,-0.12055745733218053,-0.41409147438951266,NBF,5.0,-0.09087726520149393,R,-0.6950790750950001,-0.13644533744453313,-1.00747630336771
Male, Self-emp-not-inc, Bachelors,0.7658195317188305, Married-civ-spouse, Exec-managerial, Husband,-0.2644126153749733,0.7031783685892541,-0.41409147438951266,PVT,5.0,-0.09087726520149393,R,-0.6950790750950001,1.4198950995839292,0.04308180136195194
Female, Private, Bachelors,0.7658195317188305, Never-married, Sales, Not-in-family,-0.2644126153749733,-0.12055745733218053,-0.41409147438951266,PVT,5.0,-0.09087726520149393,R,-0.6950790750950001,-1.3718908390032094,-1.2499127890745552
Female, Private, Assoc-voc,0.18773308894193008, Married-civ-spouse, Handlers-cleaners, Wife,-0.2644126153749733,-0.9442932832536152,-0.5946475955869621,PVT,5.0,-0.09087726520149393,R,-0.6950790750950001,-0.9672066703829794,-0.8458519795631466
Female, State-gov, HS-grad,-0.3903533538349704, Never-married, Adm-clerical, Own-child,-0.2644126153749733,0.12656329044425002,-0.5043695349882374,PVT,5.0,-0.09087726520149393,R,-0.6950790750950001,1.0152109309636987,-1.4115371128791185
Male, Private, 11th,-0.9684397966118709, Never-married, Craft-repair, Own-child,-0.2644126153749733,-0.9442932832536152,-0.41409147438951266,PVT,5.0,-0.09087726520149393,R,-0.6950790750950001,-0.10257309425605575,-1.3307249509768369
Male, Federal-gov, Some-college,-0.10131013244652015, Married-civ-spouse, Adm-clerical, Husband,-0.2644126153749733,-0.12055745733218053,-0.323813413790788,NBF,5.0,-0.09087726520149393,R,-0.6950790750950001,-0.62135323993221,1.4168885537007405
Female, Private, Some-college,-0.10131013244652015, Never-married, Sales, Own-child,-0.2644126153749733,-1.7680291091750493,-0.5946475955869621,PVT,5.0,-0.09087726520149393,R,-0.6950790750950001,1.2380546361510505,-1.4115371128791185
Male, Private, 10th,-1.2574830180003211, Never-married, Handlers-cleaners, Own-child,-0.2644126153749733,-1.2737876136221888,-0.74511102991817,NBF,5.0,-0.09087726520149393,R,-0.6950790750950001,0.7994982243423426,-1.7347857604882453
Female, Private, HS-grad,-0.3903533538349704, Widowed, Adm-clerical, Not-in-family,-0.2644126153749733,-0.2853046225164671,-0.3839987875232711,PVT,5.0,-0.09087726520149393,R,-0.6950790750950001,0.6194405105509626,1.9017615251144309
Male, Local-gov, HS-grad,-0.3903533538349704, Never-married, Protective-serv, Not-in-family,-0.2644126153749733,-0.12055745733218053,-0.41409147438951266,NBF,5.0,-0.09087726520149393,R,-0.6950790750950001,1.1382206562271169,-0.6842276557585831
Male, Local-gov, 11th,-0.9684397966118709, Never-married, Adm-clerical, Own-child,-0.2644126153749733,-2.4270177699121964,-0.5946475955869621,PVT,5.0,-0.09087726520149393,R,-0.6950790750950001,1.3824573571124539,-1.6539735985859636
Male, Private, HS-grad,-0.3903533538349704, Never-married, Handlers-cleaners, Own-child,-0.2644126153749733,-0.12055745733218053,-0.5946475955869621,PVT,123.0,-0.09087726520149393,I,-0.6950790750950001,1.2665786304150315,1.2552642298961771
Male, State-gov, Doctorate,1.6329491958841817, Married-civ-spouse, Prof-specialty, Husband,-0.2644126153749733,0.7031783685892541,-0.41409147438951266,PVT,5.0,-0.09087726520149393,R,-0.6950790750950001,0.8815047078512881,-0.44179117005173796
Male, Private, HS-grad,-0.3903533538349704, Married-civ-spouse, Other-service, Husband,-0.2644126153749733,3.0096386811692697,-0.41409147438951266,PVT,5.0,-0.09087726520149393,R,-0.6950790750950001,-0.6641392313281814,1.4977007156030229
Female, State-gov, HS-grad,-0.3903533538349704, Divorced, Adm-clerical, Own-child,-0.2644126153749733,-0.12055745733218053,-0.41409147438951266,PVT,5.0,-0.09087726520149393,R,-0.6950790750950001,-1.20609512234382,0.9320155822870502
Male, Private, HS-grad,-0.3903533538349704, Married-civ-spouse, Machine-op-inspct, Husband,-0.2644126153749733,0.5384312034049671,2.173879596107263,NBF,5.0,-0.09087726520149393,R,-0.6950790750950001,0.31637307149616467,-1.2499127890745552
Female, Private, HS-grad,-0.3903533538349704, Married-civ-spouse, Adm-clerical, Wife,-0.2644126153749733,-0.12055745733218053,-0.41409147438951266,PVT,5.0,-0.09087726520149393,R,-0.6950790750950001,-1.3915010850596965,0.6895790965802056
Male, State-gov, Masters,1.0548627531072812, Divorced, Prof-specialty, Not-in-family,-0.2644126153749733,-0.12055745733218053,-0.41409147438951266,NBF,5.0,-0.09087726520149393,R,-0.6950790750950001,1.2255753886605585,0.2855182870687971
Male, Self-emp-inc, Some-college,-0.10131013244652015, Married-civ-spouse, Machine-op-inspct, Husband,-0.2644126153749733,2.3506500204321217,-0.41409147438951266,NBF,5.0,-0.09087726520149393,R,-0.6950790750950001,-0.05265610429408926,0.9320155822870502
Female, Private, HS-grad,-0.3903533538349704, Married-civ-spouse, Sales, Wife,-0.2644126153749733,-3.086006430649344,-0.74511102991817,PVT,999.0,-0.09087726520149393,,-0.6950790750950001,-0.056221603577086846,1.4168885537007405
Female, Private, 11th,-0.9684397966118709, Divorced, Other-service, Unmarried,-0.2644126153749733,-0.12055745733218053,-0.323813413790788,NBF,5.0,-0.09087726520149393,R,-0.6950790750950001,-0.11861784102954523,-0.8458519795631466
Male, Private, Assoc-voc,0.18773308894193008, Married-civ-spouse, Tech-support, Husband,-0.2644126153749733,-0.12055745733218053,-0.6247402824532038,PVT,5.0,-0.09087726520149393,R,-0.6950790750950001,-0.5767844988947398,-0.3609790081494562
Female, Private, 10th,-1.2574830180003211, Never-married, Other-service, Own-child,-0.2644126153749733,-1.3561611962143318,-0.41409147438951266,PVT,5.0,-0.09087726520149393,R,-0.6950790750950001,0.35381081396764,-0.44179117005173796
Female, Private, Assoc-voc,0.18773308894193008, Divorced, Adm-clerical, Not-in-family,-0.2644126153749733,-0.532425370292898,-0.323813413790788,PVT,5.0,-0.09087726520149393,R,-0.6950790750950001,-1.1436988848913618,0.2855182870687971
Male, Private, Assoc-voc,0.18773308894193008, Married-civ-spouse, Craft-repair, Husband,-0.2644126153749733,0.5384312034049671,-0.41409147438951266,NBF,5.0,-0.09087726520149393,R,-0.6950790750950001,0.00795738351687033,2.0633858489189945
Male, Private, Some-college,-0.10131013244652015, Married-civ-spouse, Handlers-cleaners, Husband,-0.2644126153749733,-1.7680291091750493,2.173879596107263,PVT,5.0,-0.09087726520149393,R,-0.6950790750950001,-0.2006243245384905,-0.7650398176608648
Male, Private, Some-college,-0.10131013244652015, Married-civ-spouse, Transport-moving, Husband,-0.2644126153749733,-0.12055745733218053,-0.323813413790788,NBF,5.0,-0.09087726520149393,R,-0.6950790750950001,-1.3522805929467225,0.5279547727756421
Female, Private, Some-college,-0.10131013244652015, Separated, Tech-support, Not-in-family,-0.2644126153749733,-0.2853046225164671,-0.323813413790788,PVT,5.0,-0.09087726520149393,R,-0.6950790750950001,-1.2257053684003067,0.4471426108733606
Male, Federal-gov, Some-college,-0.10131013244652015, Never-married, Adm-clerical, Not-in-family,-0.2644126153749733,-0.12055745733218053,-0.41409147438951266,NBF,123.0,-0.09087726520149393,I,-0.6950790750950001,-1.0581269020994188,-0.3609790081494562
Male, Private, HS-grad,-0.3903533538349704, Never-married, Machine-op-inspct, Not-in-family,-0.2644126153749733,0.2913104556285366,-0.323813413790788,NBF,5.0,-0.09087726520149393,R,-0.6950790750950001,-1.3825873368522024,0.12389396326423367
Male, Private, HS-grad,-0.3903533538349704, Married-civ-spouse, Craft-repair, Husband,3.989726642839083,-0.12055745733218053,-0.41409147438951266,NBF,5.0,-0.09087726520149393,R,-0.6950790750950001,1.3824573571124539,0.5279547727756421
Female, Private, Some-college,-0.10131013244652015, Never-married, Other-service, Own-child,-0.2644126153749733,-1.7680291091750493,-0.41409147438951266,PVT,123.0,-0.09087726520149393,I,-0.6950790750950001,-0.07226635035057595,-1.2499127890745552
Male, Private, Some-college,-0.10131013244652015, Married-civ-spouse, Sales, Husband,-0.2644126153749733,-0.12055745733218053,-0.41409147438951266,NBF,176.0,1.3392439082325422,I,-0.6950790750950001,-1.2239226187588081,1.2552642298961771
Male, Private, 10th,-1.2574830180003211, Never-married, Craft-repair, Not-in-family,-0.2644126153749733,-0.12055745733218053,-0.41409147438951266,NBF,5.0,-0.09087726520149393,R,-0.6950790750950001,-0.6338324874227016,-1.2499127890745552
Male, Private, HS-grad,-0.3903533538349704, Married-civ-spouse, Craft-repair, Husband,-0.2644126153749733,-0.36767820510861104,-0.41409147438951266,PVT,5.0,-0.09087726520149393,R,-0.6950790750950001,0.448296544967077,1.8209493632121487
Male, Private, Some-college,-0.10131013244652015, Married-civ-spouse, Handlers-cleaners, Husband,-0.2644126153749733,-0.12055745733218053,2.173879596107263,PVT,5.0,-0.09087726520149393,R,-0.6950790750950001,1.6552180522617725,-0.8458519795631466
Female, Private, Assoc-acdm,0.4767763103303807, Widowed, Sales, Unmarried,-0.2644126153749733,-0.12055745733218053,-0.41409147438951266,NBF,189.0,-0.09087726520149393,I,-0.6950790750950001,1.0918691655481478,0.5279547727756421
Female, Local-gov, Bachelors,0.7658195317188305, Never-married, Prof-specialty, Own-child,-0.2644126153749733,-1.9327762743593362,2.173879596107263,NBF,5.0,-0.09087726520149393,R,-0.6950790750950001,-0.6231359895737089,-1.3307249509768369
Male, Private, HS-grad,-0.3903533538349704, Separated, Machine-op-inspct, Not-in-family,-0.2644126153749733,0.12656329044425002,-0.323813413790788,NBF,5.0,-0.09087726520149393,R,-0.6950790750950001,1.5856908162433185,-0.9266641414654283
Male, Private, HS-grad,-0.3903533538349704, Divorced, Exec-managerial, Not-in-family,-0.2644126153749733,-0.12055745733218053,-0.41409147438951266,PVT,5.0,-0.09087726520149393,R,-0.6950790750950001,-1.548383053511592,-0.19935468434489326
Male, Private, HS-grad,-0.3903533538349704, Married-civ-spouse, Transport-moving, Husband,-0.2644126153749733,0.8679255337735403,-0.41409147438951266,PVT,5.0,-0.09087726520149393,R,-0.6950790750950001,0.7870189768518511,-0.3609790081494562
Female, Private, HS-grad,-0.3903533538349704, Divorced, Sales, Unmarried,-0.2644126153749733,0.2913104556285366,2.173879596107263,PVT,5.0,-0.09087726520149393,R,-0.6950790750950001,-0.40207503402785616,0.6895790965802056
Male, Private, HS-grad,-0.3903533538349704, Married-civ-spouse, Craft-repair, Husband,-0.2644126153749733,0.7031783685892541,-0.74511102991817,NBF,5.0,-0.09087726520149393,R,-0.6950790750950001,1.6730455486767604,-1.4115371128791185
Male, Private, HS-grad,-0.3903533538349704, Never-married, Transport-moving, Not-in-family,-0.2644126153749733,-0.12055745733218053,-0.41409147438951266,PVT,5.0,-0.09087726520149393,R,-0.6950790750950001,1.5286428277153565,-0.44179117005173796
Male, Local-gov, Assoc-acdm,0.4767763103303807, Never-married, Protective-serv, Unmarried,-0.2644126153749733,-0.12055745733218053,-0.5946475955869621,SRC,5.0,-0.09087726520149393,R,-0.6950790750950001,0.39481405572211253,-0.6034154938563014
Male, Private, 12th,-0.6793965752234207, Married-civ-spouse, Craft-repair, Husband,-0.2644126153749733,-0.12055745733218053,-0.41409147438951266,NBF,189.0,-0.09087726520149393,I,-0.6950790750950001,0.2040598440817398,1.8209493632121487
Male, Private, 10th,-1.2574830180003211, Married-civ-spouse, Handlers-cleaners, Husband,-0.2644126153749733,0.2913104556285366,-0.7752037167844117,PVT,224.0,-0.09087726520149393,R,-0.6950790750950001,-0.8727209393835423,0.6087669346779243
Male, State-gov, Some-college,-0.10131013244652015, Never-married, Prof-specialty, Own-child,-0.2644126153749733,-0.12055745733218053,-0.41409147438951266,PVT,5.0,-0.09087726520149393,R,-0.6950790750950001,0.8226739696818273,-1.573161436683682
Male, Private, HS-grad,-0.3903533538349704, Married-civ-spouse, Other-service, Husband,-0.2644126153749733,-0.12055745733218053,-0.41409147438951266,NBF,5.0,-0.09087726520149393,R,-0.6950790750950001,-0.14535908565202726,1.8209493632121487
Male, Private, 10th,-1.2574830180003211, Married-civ-spouse, Transport-moving, Husband,-0.2644126153749733,-0.12055745733218053,-0.41409147438951266,NBF,5.0,-0.09087726520149393,R,-0.6950790750950001,-0.3824647879713693,-0.8458519795631466
Male, Private, Bachelors,0.7658195317188305, Married-civ-spouse, Tech-support, Husband,-0.2644126153749733,-0.12055745733218053,-0.41409147438951266,PVT,5.0,-0.09087726520149393,R,-0.6950790750950001,1.1221759094536277,0.12389396326423367
Male, Private, Assoc-voc,0.18773308894193008, Married-spouse-absent, Prof-specialty, Not-in-family,-0.2644126153749733,-0.12055745733218053,-0.41409147438951266,NBF,5.0,-0.09087726520149393,R,-0.6950790750950001,1.2344891368680526,0.7703912584824878
Male, Private, Some-college,-0.10131013244652015, Never-married, Exec-managerial, Not-in-family,-0.2644126153749733,1.5269141945106874,-0.41409147438951266,PVT,5.0,-0.09087726520149393,R,-0.6950790750950001,0.0257848799318586,-0.5226033319540196
Male, Private, HS-grad,-0.3903533538349704, Married-civ-spouse, Machine-op-inspct, Husband,-0.2644126153749733,-0.12055745733218053,-0.41409147438951266,NBF,5.0,-0.09087726520149393,R,-0.6950790750950001,1.054431423076673,0.2047061251665154
Female, Private, HS-grad,-0.3903533538349704, Divorced, Other-service, Unmarried,-0.2644126153749733,-0.12055745733218053,-0.41409147438951266,NBF,5.0,-0.09087726520149393,R,-0.6950790750950001,-0.9351171768360008,-1.1691006271722735
Male, Local-gov, Bachelors,0.7658195317188305, Married-civ-spouse, Prof-specialty, Husband,-0.2644126153749733,-0.12055745733218053,2.173879596107263,NBF,5.0,-0.09087726520149393,R,-0.6950790750950001,1.5553840723378387,0.7703912584824878
Female, Private, Some-college,-0.10131013244652015, Divorced, Prof-specialty, Not-in-family,-0.2644126153749733,-0.9442932832536152,2.173879596107263,NBF,5.0,-0.09087726520149393,R,-0.6950790750950001,1.2915371253960146,-0.5226033319540196
Female, Local-gov, HS-grad,-0.3903533538349704, Divorced, Adm-clerical, Unmarried,-0.2644126153749733,-0.532425370292898,-0.323813413790788,NBF,5.0,-0.09087726520149393,R,-0.6950790750950001,1.4056331024519386,0.6895790965802056
Female, Private, Prof-school,1.3439059744957311, Married-civ-spouse, Sales, Wife,-0.2644126153749733,-0.12055745733218053,-0.41409147438951266,NBF,5.0,-0.09087726520149393,R,-0.6950790750950001,0.18266684838375397,-0.037730360540329785
Male, Self-emp-inc, HS-grad,-0.3903533538349704, Never-married, Sales, Own-child,-0.2644126153749733,-0.12055745733218053,-0.41409147438951266,PVT,5.0,-0.09087726520149393,R,-0.6950790750950001,0.0846156181013194,-1.573161436683682
Male, Private, HS-grad,-0.3903533538349704, Never-married, Handlers-cleaners, Own-child,-0.2644126153749733,-0.12055745733218053,-0.41409147438951266,NBF,5.0,-0.09087726520149393,R,-0.6950790750950001,-1.1062611424198867,-1.6539735985859636
Female, Private, Assoc-voc,0.18773308894193008, Divorced, Prof-specialty, Not-in-family,-0.2644126153749733,-1.7680291091750493,-0.41409147438951266,NBF,5.0,-0.09087726520149393,R,-0.6950790750950001,-0.8210211997800768,0.12389396326423367
Male, Self-emp-not-inc, 11th,-0.9684397966118709, Married-civ-spouse, Craft-repair, Husband,-0.2644126153749733,-1.7680291091750493,-0.41409147438951266,NBF,173.0,-0.09087726520149393,I,-0.6950790750950001,0.7994982243423426,1.4168885537007405
Male, Local-gov, HS-grad,-0.3903533538349704, Married-civ-spouse, Protective-serv, Husband,-0.2644126153749733,-0.12055745733218053,-0.41409147438951266,NBF,5.0,-0.09087726520149393,R,-0.6950790750950001,0.6479645048149436,-0.5226033319540196
Female, Private, Some-college,-0.10131013244652015, Never-married, Adm-clerical, Not-in-family,-0.2644126153749733,0.8679255337735403,-0.41409147438951266,PVT,5.0,-0.09087726520149393,R,-0.6950790750950001,-0.24875856485895836,-0.8458519795631466
Male, Private, Some-college,-0.10131013244652015, Married-civ-spouse, Exec-managerial, Husband,-0.2644126153749733,1.1150462815499709,-0.41409147438951266,NBF,5.0,-0.09087726520149393,R,-0.6950790750950001,0.4251207996275923,1.174452067993896
Male, Private, HS-grad,-0.3903533538349704, Married-civ-spouse, Craft-repair, Husband,-0.2644126153749733,-0.12055745733218053,2.173879596107263,PVT,5.0,-0.09087726520149393,R,-0.6950790750950001,-1.1312196374008698,-1.0882884652699918
Male, Private, Some-college,-0.10131013244652015, Married-civ-spouse, Craft-repair, Husband,-0.2644126153749733,-0.12055745733218053,2.173879596107263,NBF,5.0,-0.09087726520149393,R,-0.6950790750950001,-1.3897183354181977,-0.5226033319540196
Female, Self-emp-inc, Bachelors,0.7658195317188305, Separated, Prof-specialty, Not-in-family,-0.2644126153749733,0.7031783685892541,-0.41409147438951266,PVT,191.0,-0.09087726520149393,I,-0.6950790750950001,-0.933334427194502,-0.28016684624717497
Female, Private, Assoc-voc,0.18773308894193008, Divorced, Adm-clerical, Unmarried,-0.2644126153749733,-0.12055745733218053,-0.41409147438951266,NBF,5.0,-0.09087726520149393,R,-0.6950790750950001,-0.008087363256618777,-1.0882884652699918
Male, Self-emp-not-inc, Some-college,-0.10131013244652015, Married-civ-spouse, Craft-repair, Husband,-0.2644126153749733,-0.12055745733218053,-0.323813413790788,NBF,5.0,-0.09087726520149393,R,-0.6950790750950001,-1.0206891596279437,0.7703912584824878
Female, Private, Some-college,-0.10131013244652015, Divorced, Adm-clerical, Not-in-family,-0.2644126153749733,-0.12055745733218053,-0.5043695349882374,NBF,5.0,-0.09087726520149393,R,-0.6950790750950001,0.2914145765151816,0.6895790965802056
Female, Private, 11th,-0.9684397966118709, Never-married, Other-service, Other-relative,-0.2644126153749733,-1.7680291091750493,-0.41409147438951266,NBF,5.0,-0.09087726520149393,R,-0.6950790750950001,1.1239586590951265,-1.7347857604882453
Male, Private, 5th-6th,-2.1246126821656723, Married-civ-spouse, Machine-op-inspct, Husband,-0.2644126153749733,-0.12055745733218053,-0.41409147438951266,NBF,130.0,-0.09087726520149393,I,-0.6950790750950001,-1.072388899231409,0.4471426108733606
Female, Local-gov, Some-college,-0.10131013244652015, Divorced, Transport-moving, Not-in-family,-0.2644126153749733,-0.12055745733218053,-0.41409147438951266,NBF,5.0,-0.09087726520149393,R,-0.6950790750950001,-1.5252073081721071,0.6087669346779243
Male, Federal-gov, Some-college,-0.10131013244652015, Married-civ-spouse, Transport-moving, Husband,-0.2644126153749733,-0.12055745733218053,2.173879596107263,PVT,5.0,-0.09087726520149393,R,-0.6950790750950001,-0.7265354687806398,0.2855182870687971
Female, Private, HS-grad,-0.3903533538349704, Divorced, Other-service, Not-in-family,-0.2644126153749733,-0.12055745733218053,2.173879596107263,PVT,5.0,-0.09087726520149393,R,-0.6950790750950001,1.1310896576611216,1.8209493632121487
Male, Private, Bachelors,0.7658195317188305, Married-civ-spouse, Craft-repair, Husband,-0.2644126153749733,-0.12055745733218053,-0.74511102991817,PUB,5.0,-0.09087726520149393,R,-0.6950790750950001,0.410858802495602,0.6895790965802056
Male, Private, 10th,-1.2574830180003211, Married-civ-spouse, Craft-repair, Husband,-0.2644126153749733,-0.12055745733218053,-0.41409147438951266,PVT,5.0,-0.09087726520149393,R,-0.6950790750950001,1.0811726676991547,1.9017615251144309
Male, Self-emp-not-inc, Bachelors,0.7658195317188305, Married-civ-spouse, Exec-managerial, Husband,-0.2644126153749733,-0.12055745733218053,-0.41409147438951266,NBF,5.0,-0.09087726520149393,R,-0.6950790750950001,0.7656259811538653,1.9017615251144309
Male, Private, Bachelors,0.7658195317188305, Married-civ-spouse, Prof-specialty, Husband,-0.2644126153749733,-0.12055745733218053,-0.41409147438951266,PVT,5.0,-0.09087726520149393,R,-0.6950790750950001,-1.500248813191124,-0.44179117005173796
Female, Local-gov, Bachelors,0.7658195317188305, Married-civ-spouse, Prof-specialty, Wife,-0.2644126153749733,0.0441897078521065,-0.41409147438951266,PVT,5.0,-0.09087726520149393,R,-0.6950790750950001,-0.48942976646129793,0.04308180136195194
Male, Private, 11th,-0.9684397966118709, Never-married, Handlers-cleaners, Own-child,-0.2644126153749733,-2.5917649350964838,-0.41409147438951266,NBF,5.0,-0.09087726520149393,R,-0.6950790750950001,0.05965712312033598,-1.7347857604882453
Male, Private, Some-college,-0.10131013244652015, Married-civ-spouse, Exec-managerial, Husband,-0.2644126153749733,-0.12055745733218053,-0.41409147438951266,PVT,5.0,-0.09087726520149393,R,-0.6950790750950001,0.34667981540164444,1.5785128775053041
Male, Private, Some-college,-0.10131013244652015, Never-married, Other-service, Own-child,-0.2644126153749733,-1.7680291091750493,2.173879596107263,NBF,5.0,-0.09087726520149393,R,-0.6950790750950001,0.47503778958955917,-1.4115371128791185
Male, Private, HS-grad,-0.3903533538349704, Married-civ-spouse, Transport-moving, Husband,-0.2644126153749733,-0.12055745733218053,-0.41409147438951266,PVT,5.0,-0.09087726520149393,R,-0.6950790750950001,1.2469683843585444,-0.7650398176608648
Male, Private, Some-college,-0.10131013244652015, Married-civ-spouse, Sales, Husband,-0.2644126153749733,0.2913104556285366,-0.41409147438951266,PVT,5.0,-0.09087726520149393,R,-0.6950790750950001,1.3271921182259911,0.5279547727756421
Female, Private, HS-grad,-0.3903533538349704, Never-married, Sales, Other-relative,-0.2644126153749733,0.7031783685892541,2.173879596107263,BRO,5.0,-0.09087726520149393,R,-0.6950790750950001,0.7406674861728818,-1.0882884652699918
Male, Local-gov, Bachelors,0.7658195317188305, Married-civ-spouse, Transport-moving, Husband,-0.2644126153749733,-0.12055745733218053,-0.5946475955869621,PVT,5.0,-0.09087726520149393,R,-0.6950790750950001,-1.1383506359668651,1.982573687016712
Female, Private, 11th,-0.9684397966118709, Never-married, Other-service, Own-child,-0.2644126153749733,-1.7680291091750493,2.173879596107263,PVT,5.0,-0.09087726520149393,R,-0.6950790750950001,1.5518185730548413,-1.6539735985859636
Male, Private, 1st-4th,-2.4136559035541225, Never-married, Machine-op-inspct, Other-relative,-0.2644126153749733,-0.12055745733218053,-0.323813413790788,NBF,123.0,-0.09087726520149393,I,-0.6950790750950001,-1.3094946015507511,-1.573161436683682
Male, Self-emp-not-inc, HS-grad,-0.3903533538349704, Married-civ-spouse, Exec-managerial, Husband,-0.2644126153749733,0.2913104556285366,-0.41409147438951266,NBF,5.0,-0.09087726520149393,R,-0.6950790750950001,0.5374340270420176,0.8512034203847689
Female, Local-gov, Masters,1.0548627531072812, Divorced, Exec-managerial, Not-in-family,-0.2644126153749733,-0.12055745733218053,-0.41409147438951266,PVT,5.0,-0.09087726520149393,R,-0.6950790750950001,1.5143808305833661,0.8512034203847689
Male, Private, HS-grad,-0.3903533538349704, Married-civ-spouse, Craft-repair, Husband,-0.2644126153749733,0.7031783685892541,-0.323813413790788,NBF,5.0,-0.09087726520149393,R,-0.6950790750950001,-0.9208551797040101,1.7401372013098675
Male, Private, HS-grad,-0.3903533538349704, Married-civ-spouse, Transport-moving, Husband,-0.2644126153749733,-0.12055745733218053,-0.323813413790788,NBF,5.0,-0.09087726520149393,R,-0.6950790750950001,1.1952686447550789,-0.3609790081494562
Male, Private, Some-college,-0.10131013244652015, Married-civ-spouse, Sales, Husband,-0.2644126153749733,0.20893687303639308,-0.41409147438951266,PVT,189.0,-0.09087726520149393,I,-0.6950790750950001,1.3254093685844919,-0.6842276557585831
Male, Private, HS-grad,-0.3903533538349704, Never-married, Handlers-cleaners, Own-child,-0.2644126153749733,-2.0151498569514796,-0.41409147438951266,NBF,5.0,-0.09087726520149393,R,-0.6950790750950001,0.145229105912279,0.6087669346779243
Male, Self-emp-not-inc, Assoc-voc,0.18773308894193008, Married-civ-spouse, Craft-repair, Husband,-0.2644126153749733,-0.12055745733218053,-0.41409147438951266,PVT,5.0,-0.09087726520149393,R,-0.6950790750950001,-0.9885996660809651,-0.5226033319540196
Male, Private, HS-grad,-0.3903533538349704, Never-married, Craft-repair, Not-in-family,-0.2644126153749733,2.7625179333928402,-0.41409147438951266,NBF,5.0,-0.09087726520149393,R,-0.6950790750950001,0.2486285851192099,-1.0882884652699918
Male, Private, Some-college,-0.10131013244652015, Married-civ-spouse, Transport-moving, Husband,-0.2644126153749733,0.7031783685892541,-0.41409147438951266,NBF,5.0,-0.09087726520149393,R,-0.6950790750950001,0.9742076892092263,-0.5226033319540196
Male, Private, HS-grad,-0.3903533538349704, Never-married, Craft-repair, Own-child,-0.2644126153749733,-0.9442932832536152,-0.4742768481219959,NBF,5.0,-0.09087726520149393,R,-0.6950790750950001,-0.3040238037454216,-1.4923492747814002
Female, Private, HS-grad,-0.3903533538349704, Divorced, Exec-managerial, Not-in-family,-0.2644126153749733,0.5384312034049671,-0.5043695349882374,NBF,189.0,-0.09087726520149393,I,-0.6950790750950001,-0.54647775498926,-0.3609790081494562
Male, Private, Some-college,-0.10131013244652015, Never-married, Exec-managerial, Not-in-family,-0.2644126153749733,0.7031783685892541,2.173879596107263,NBF,123.0,-0.09087726520149393,I,-0.6950790750950001,0.6016130141359748,0.12389396326423367
Female, Private, HS-grad,-0.3903533538349704, Divorced, Craft-repair, Not-in-family,-0.2644126153749733,-0.12055745733218053,-0.41409147438951266,NBF,58.0,-0.09087726520149393,M,-0.6950790750950001,0.5249547795515257,0.12389396326423367
Male, Private, Assoc-acdm,0.4767763103303807, Married-civ-spouse, Craft-repair, Husband,-0.2644126153749733,1.9387821074714051,2.173879596107263,PVT,5.0,-0.09087726520149393,R,-0.6950790750950001,-1.3041463526262547,-0.3609790081494562
Female, Private, Some-college,-0.10131013244652015, Never-married, Sales, Not-in-family,-0.2644126153749733,-0.9442932832536152,-0.41409147438951266,NBF,5.0,-0.09087726520149393,R,-0.6950790750950001,0.09174661666731457,-1.573161436683682
Female, Private, Some-college,-0.10131013244652015, Never-married, Craft-repair, Own-child,-0.2644126153749733,-0.532425370292898,-0.41409147438951266,NBF,177.0,-0.09087726520149393,I,-0.6950790750950001,-1.1312196374008698,-1.3307249509768369
Male, Private, Some-college,-0.10131013244652015, Married-civ-spouse, Handlers-cleaners, Husband,-0.2644126153749733,-0.12055745733218053,-0.5946475955869621,FOR,5.0,-0.09087726520149393,R,-0.6950790750950001,-1.3291048476072382,-0.037730360540329785
Female, Local-gov, Some-college,-0.10131013244652015, Divorced, Adm-clerical, Unmarried,-0.2644126153749733,-0.12055745733218053,-0.41409147438951266,NBF,5.0,-0.09087726520149393,R,-0.6950790750950001,-1.4521145728706562,-0.6842276557585831
Male, Local-gov, HS-grad,-0.3903533538349704, Married-civ-spouse, Craft-repair, Husband,-0.2644126153749733,-0.12055745733218053,-0.41409147438951266,NBF,5.0,-0.09087726520149393,R,-0.6950790750950001,-1.3291048476072382,0.2047061251665154
Male, Private, Some-college,-0.10131013244652015, Married-civ-spouse, Exec-managerial, Husband,-0.2644126153749733,-0.12055745733218053,-0.41409147438951266,NBF,5.0,-0.09087726520149393,R,-0.6950790750950001,-1.4931178146251287,-0.9266641414654283
Male, Private, Some-college,-0.10131013244652015, Married-civ-spouse, Exec-managerial, Husband,-0.2644126153749733,-1.7680291091750493,-0.41409147438951266,NBF,130.0,-0.09087726520149393,I,-0.6950790750950001,-1.3362358461732333,2.0633858489189945
Male, Self-emp-not-inc, HS-grad,-0.3903533538349704, Married-civ-spouse, Transport-moving, Husband,-0.2644126153749733,0.2913104556285366,-0.323813413790788,NBF,5.0,-0.09087726520149393,R,-0.6950790750950001,1.0383866763031835,0.2047061251665154
Female, Private, 5th-6th,-2.1246126821656723, Separated, Machine-op-inspct, Unmarried,-0.2644126153749733,-0.12055745733218053,-0.41409147438951266,NBF,5.0,-0.09087726520149393,R,-0.6950790750950001,-0.8976794343645258,1.0128277441893325
Male, Local-gov, 1st-4th,-2.4136559035541225, Married-civ-spouse, Other-service, Husband,-0.2644126153749733,-0.12055745733218053,-0.41409147438951266,PVT,5.0,-0.09087726520149393,R,-0.6950790750950001,-1.3041463526262547,1.8209493632121487
Female, Private, 7th-8th,-1.835569460777222, Divorced, Priv-house-serv, Own-child,-0.2644126153749733,-2.097523439543623,-0.41409147438951266,PVT,5.0,-0.09087726520149393,R,-0.6950790750950001,-0.2612378123494501,1.0936399060916138
Male, Private, HS-grad,-0.3903533538349704, Never-married, Handlers-cleaners, Own-child,-0.2644126153749733,-0.12055745733218053,2.173879596107263,NBF,5.0,-0.09087726520149393,R,-0.6950790750950001,-1.129436887759371,-1.4923492747814002
Male, Local-gov, Masters,1.0548627531072812, Married-civ-spouse, Prof-specialty, Husband,-0.2644126153749733,-0.12055745733218053,-0.41409147438951266,PVT,47.0,-0.09087726520149393,I,-0.6950790750950001,1.3949366046029459,1.0936399060916138
Female, State-gov, Bachelors,0.7658195317188305, Never-married, Prof-specialty, Unmarried,-0.2644126153749733,-0.12055745733218053,-0.41409147438951266,NBF,5.0,-0.09087726520149393,R,-0.6950790750950001,-1.20609512234382,-0.19935468434489326
Male, Private, Masters,1.0548627531072812, Never-married, Exec-managerial, Unmarried,-0.2644126153749733,-0.12055745733218053,-0.5946475955869621,PVT,5.0,-0.09087726520149393,R,-0.6950790750950001,0.0721363706108275,-0.44179117005173796
Male, Private, HS-grad,-0.3903533538349704, Married-civ-spouse, Prof-specialty, Husband,-0.2644126153749733,0.7031783685892541,-0.41409147438951266,PVT,5.0,-0.09087726520149393,R,-0.6950790750950001,1.2826233771885207,0.12389396326423367
Male, Private, HS-grad,-0.3903533538349704, Never-married, Sales, Not-in-family,-0.2644126153749733,-0.9442932832536152,-0.41409147438951266,NBF,999.0,-0.09087726520149393,I,-0.6950790750950001,1.569646069469829,-1.1691006271722735
Female, Private, HS-grad,-0.3903533538349704, Never-married, Transport-moving, Not-in-family,-0.2644126153749733,-0.12055745733218053,2.173879596107263,PVT,189.0,-0.09087726520149393,I,-0.6950790750950001,-1.0385166560429318,-0.8458519795631466
Female, Private, HS-grad,-0.3903533538349704, Never-married, Prof-specialty, Not-in-family,-0.2644126153749733,0.2913104556285366,-0.41409147438951266,PVT,5.0,-0.09087726520149393,R,-0.6950790750950001,0.15057735483677537,1.4168885537007405
Female, Private, Bachelors,0.7658195317188305, Widowed, Other-service, Not-in-family,-0.2644126153749733,-0.9442932832536152,-0.41409147438951266,PVT,999.0,-0.09087726520149393,I,-0.6950790750950001,0.9439009453037465,-0.6034154938563014
Male, Private, HS-grad,-0.3903533538349704, Divorced, Transport-moving, Not-in-family,-0.2644126153749733,0.7031783685892541,-0.6247402824532038,PVT,5.0,-0.09087726520149393,R,-0.6950790750950001,1.516163580224865,-0.3609790081494562
Male, Private, Some-college,-0.10131013244652015, Never-married, Handlers-cleaners, Own-child,-0.2644126153749733,-0.12055745733218053,-0.41409147438951266,NBF,5.0,-0.09087726520149393,R,-0.6950790750950001,1.5393393255643493,-1.1691006271722735
Female, Private, HS-grad,-0.3903533538349704, Never-married, Adm-clerical, Not-in-family,-0.2644126153749733,-0.12055745733218053,-0.41409147438951266,NBF,5.0,-0.09087726520149393,R,-0.6950790750950001,0.7870189768518511,-1.0882884652699918
Male, Self-emp-inc, HS-grad,-0.3903533538349704, Never-married, Craft-repair, Not-in-family,-0.2644126153749733,0.2913104556285366,2.173879596107263,PVT,189.0,-0.09087726520149393,I,-0.6950790750950001,0.9652939410017323,-0.6034154938563014
Male, Private, Assoc-voc,0.18773308894193008, Married-civ-spouse, Craft-repair, Husband,-0.2644126153749733,-0.12055745733218053,-0.41409147438951266,PVT,5.0,-0.09087726520149393,R,-0.6950790750950001,-1.0527786531749224,-0.037730360540329785
Male, Private, HS-grad,-0.3903533538349704, Married-civ-spouse, Craft-repair, Husband,-0.2644126153749733,-0.7795461180693282,-0.41409147438951266,NBF,5.0,-0.09087726520149393,R,-0.6950790750950001,1.0740416691331596,-0.28016684624717497
Female, Private, Bachelors,0.7658195317188305, Married-civ-spouse, Prof-specialty, Wife,-0.2644126153749733,-0.12055745733218053,-0.5946475955869621,PVT,130.0,-0.09087726520149393,I,-0.6950790750950001,-1.548383053511592,-0.3609790081494562
Female, Private, HS-grad,-0.3903533538349704, Married-civ-spouse, Adm-clerical, Wife,-0.2644126153749733,-0.12055745733218053,-0.41409147438951266,PVT,5.0,-0.09087726520149393,R,-0.6950790750950001,-1.3005808533432572,0.6087669346779243
Female, Local-gov, Some-college,-0.10131013244652015, Never-married, Sales, Own-child,-0.2644126153749733,-2.097523439543623,-0.41409147438951266,NBF,189.0,-0.09087726520149393,I,-0.6950790750950001,1.0740416691331596,-1.573161436683682
Female, Private, Assoc-acdm,0.4767763103303807, Never-married, Other-service, Own-child,-0.2644126153749733,-2.1798970221357665,-0.41409147438951266,NBF,227.0,-0.09087726520149393,I,-0.6950790750950001,-0.43594727721633353,-1.00747630336771
Male, Private, Some-college,-0.10131013244652015, Never-married, Prof-specialty, Not-in-family,-0.2644126153749733,-0.12055745733218053,-0.41409147438951266,PVT,227.0,-0.09087726520149393,I,-0.6950790750950001,-0.1988415748969917,-0.8458519795631466
Male, Private, Some-college,-0.10131013244652015, Married-civ-spouse, Craft-repair, Husband,-0.2644126153749733,-0.12055745733218053,-0.41409147438951266,NBF,191.0,-0.09087726520149393,I,-0.6950790750950001,-0.05265610429408926,0.6895790965802056
Female, Private, HS-grad,-0.3903533538349704, Never-married, Priv-house-serv, Own-child,-0.2644126153749733,-0.12055745733218053,-0.41409147438951266,PVT,5.0,-0.09087726520149393,R,-0.6950790750950001,-0.3682027908393788,-0.6842276557585831
Male, Private, Some-college,-0.10131013244652015, Never-married, Other-service, Own-child,-0.2644126153749733,-2.097523439543623,-0.41409147438951266,NBF,189.0,-0.09087726520149393,I,-0.6950790750950001,0.37876930894862304,-1.6539735985859636
Female, State-gov, Some-college,-0.10131013244652015, Never-married, Other-service, Not-in-family,-0.2644126153749733,-0.12055745733218053,-0.41409147438951266,PVT,5.0,-0.09087726520149393,R,-0.6950790750950001,1.6730455486767604,0.36633044897107886
Female, Private, HS-grad,-0.3903533538349704, Married-civ-spouse, Sales, Wife,-0.2644126153749733,0.2913104556285366,2.173879596107263,PVT,5.0,-0.09087726520149393,R,-0.6950790750950001,0.5784372687964902,-0.44179117005173796
Male, Private, 12th,-0.6793965752234207, Never-married, Farming-fishing, Not-in-family,-0.2644126153749733,-1.7680291091750493,-0.41409147438951266,NBF,5.0,-0.09087726520149393,R,-0.6950790750950001,1.5678633198283307,-0.28016684624717497
Female, Private, 11th,-0.9684397966118709, Never-married, Other-service, Own-child,-0.2644126153749733,-2.1798970221357665,-0.41409147438951266,NBF,5.0,-0.09087726520149393,R,-0.6950790750950001,0.9920351856242146,-1.7347857604882453
Female, Self-emp-inc, Some-college,-0.10131013244652015, Never-married, Adm-clerical, Own-child,-0.2644126153749733,-1.7680291091750493,-0.41409147438951266,PVT,123.0,-0.09087726520149393,I,-0.6950790750950001,-1.4752903182101407,-1.4923492747814002
Male, Private, 7th-8th,-1.835569460777222, Divorced, Transport-moving, Not-in-family,-0.2644126153749733,-0.12055745733218053,-0.41409147438951266,PVT,5.0,-0.09087726520149393,R,-0.6950790750950001,1.5250773284323589,-0.6842276557585831
Male, Private, Bachelors,0.7658195317188305, Never-married, Prof-specialty, Not-in-family,-0.2644126153749733,-0.12055745733218053,-0.41409147438951266,PVT,5.0,-0.09087726520149393,R,-0.6950790750950001,0.4928652860045471,-1.3307249509768369
Female, Private, Assoc-acdm,0.4767763103303807, Never-married, Other-service, Not-in-family,-0.2644126153749733,-0.12055745733218053,-0.41409147438951266,NBF,123.0,-0.09087726520149393,I,-0.6950790750950001,-1.2381846158907988,-1.4923492747814002
Male, Private, 10th,-1.2574830180003211, Never-married, Other-service, Own-child,-0.2644126153749733,-1.7680291091750493,-0.41409147438951266,PVT,5.0,-0.09087726520149393,R,-0.6950790750950001,0.3591590628921364,-1.7347857604882453
Male, Private, 1st-4th,-2.4136559035541225, Married-civ-spouse, Machine-op-inspct, Husband,-0.2644126153749733,-0.12055745733218053,-0.41409147438951266,NBF,5.0,-0.09087726520149393,R,-0.6950790750950001,-0.5411295060647634,0.5279547727756421
Female, Private, Bachelors,0.7658195317188305, Never-married, Exec-managerial, Own-child,-0.2644126153749733,-0.12055745733218053,-0.41409147438951266,PVT,5.0,-0.09087726520149393,R,-0.6950790750950001,1.4680293399043969,-0.9266641414654283
Female, Self-emp-inc, Assoc-voc,0.18773308894193008, Divorced, Sales, Unmarried,-0.2644126153749733,-0.9442932832536152,-0.41409147438951266,PVT,5.0,-0.09087726520149393,R,-0.6950790750950001,0.5855682673624852,0.5279547727756421
Female, Private, Assoc-acdm,0.4767763103303807, Never-married, Adm-clerical, Own-child,3.830014930073368,-1.7680291091750493,-0.5043695349882374,PVT,121.0,-0.09087726520149393,I,-0.6950790750950001,1.6855247961672524,-1.2499127890745552
Male, Local-gov, Bachelors,0.7658195317188305, Divorced, Prof-specialty, Unmarried,-0.2644126153749733,0.2913104556285366,-0.41409147438951266,NBF,5.0,-0.09087726520149393,R,-0.6950790750950001,1.0455176748691786,0.4471426108733606
Male, Private, Bachelors,0.7658195317188305, Divorced, Exec-managerial, Not-in-family,3.346731435600489,-0.12055745733218053,2.173879596107263,NBF,5.0,-0.09087726520149393,R,-0.6950790750950001,-0.781800707667103,-0.19935468434489326
Female, Private, 9th,-1.5465262393887718, Never-married, Exec-managerial, Not-in-family,-0.2644126153749733,-0.12055745733218053,-0.74511102991817,NBF,47.0,-0.09087726520149393,I,-0.6950790750950001,0.9991661841902096,-0.28016684624717497
Female, Private, Bachelors,0.7658195317188305, Married-spouse-absent, Prof-specialty, Unmarried,-0.2644126153749733,-0.12055745733218053,-0.41409147438951266,NBF,173.0,1.3392439082325422,I,-0.6950790750950001,-0.11148684246355008,1.4168885537007405
Male, Private, Masters,1.0548627531072812, Divorced, Tech-support, Not-in-family,-0.2644126153749733,-0.12055745733218053,-0.41409147438951266,PVT,5.0,-0.09087726520149393,R,-0.6950790750950001,-1.555514052077587,0.6895790965802056
Male, Private, HS-grad,-0.3903533538349704, Married-civ-spouse, Craft-repair, Husband,-0.2644126153749733,2.1859028552478357,-0.41409147438951266,NBF,5.0,-0.09087726520149393,R,-0.6950790750950001,-0.9529446732509886,-0.11854252244261151
Female, State-gov, Assoc-voc,0.18773308894193008, Never-married, Adm-clerical, Unmarried,-0.2644126153749733,-0.12055745733218053,-0.41409147438951266,PVT,5.0,-0.09087726520149393,R,-0.6950790750950001,-1.3879355857766988,-0.3609790081494562
Male, Self-emp-not-inc, HS-grad,-0.3903533538349704, Married-civ-spouse, Farming-fishing, Husband,-0.2644126153749733,2.5153971856164086,-0.41409147438951266,NBF,189.0,-0.09087726520149393,I,-0.6950790750950001,0.36094181253363516,1.5785128775053041
Male, Private, HS-grad,-0.3903533538349704, Married-civ-spouse, Transport-moving, Husband,-0.2644126153749733,-0.532425370292898,-0.41409147438951266,NBF,5.0,-0.09087726520149393,R,-0.6950790750950001,-0.46268852183881576,0.12389396326423367
Female, Private, HS-grad,-0.3903533538349704, Never-married, Sales, Own-child,-0.2644126153749733,-0.12055745733218053,-0.41409147438951266,NBF,5.0,-0.09087726520149393,R,-0.6950790750950001,0.7781052286443572,0.2855182870687971
Female, State-gov, Some-college,-0.10131013244652015, Never-married, Adm-clerical, Own-child,-0.2644126153749733,-2.5917649350964838,-0.41409147438951266,PVT,5.0,-0.09087726520149393,R,-0.6950790750950001,-1.5733415484925752,-1.573161436683682
Male, Self-emp-not-inc, HS-grad,-0.3903533538349704, Married-civ-spouse, Sales, Husband,-0.2644126153749733,2.3506500204321217,-0.41409147438951266,PVT,5.0,-0.09087726520149393,R,-0.6950790750950001,0.9777731884922238,0.04308180136195194
Female, Private, Some-college,-0.10131013244652015, Divorced, Prof-specialty, Unmarried,-0.2644126153749733,0.2913104556285366,-0.41409147438951266,PVT,5.0,-0.09087726520149393,R,-0.6950790750950001,-1.0046444128544543,-0.19935468434489326
Male, Private, HS-grad,-0.3903533538349704, Never-married, Craft-repair, Unmarried,-0.2644126153749733,-0.532425370292898,-0.41409147438951266,NBF,58.0,1.3392439082325422,M,-0.6950790750950001,-0.1970588252554929,-1.4115371128791185
Female, Private, 11th,-0.9684397966118709, Never-married, Other-service, Own-child,-0.2644126153749733,-1.7680291091750493,-0.41409147438951266,PVT,5.0,-0.09087726520149393,R,-0.6950790750950001,-0.6516599838376899,-1.7347857604882453
Male, Private, HS-grad,-0.3903533538349704, Married-civ-spouse, Machine-op-inspct, Husband,-0.2644126153749733,-0.12055745733218053,-0.41409147438951266,PVT,191.0,-0.09087726520149393,I,-0.6950790750950001,-0.3931612858203622,-0.7650398176608648
Female, Private, Some-college,-0.10131013244652015, Divorced, Adm-clerical, Not-in-family,-0.2644126153749733,1.5269141945106874,-0.41409147438951266,NBF,5.0,-0.09087726520149393,R,-0.6950790750950001,0.5855682673624852,1.0936399060916138
Male, Private, Assoc-acdm,0.4767763103303807, Married-civ-spouse, Sales, Husband,-0.2644126153749733,-0.12055745733218053,-0.41409147438951266,NBF,5.0,-0.09087726520149393,R,-0.6950790750950001,-0.19527607561399413,-0.44179117005173796
Female, Private, Masters,1.0548627531072812, Never-married, Exec-managerial, Unmarried,-0.2644126153749733,-0.532425370292898,-0.5946475955869621,PVT,5.0,-0.09087726520149393,R,-0.6950790750950001,-0.4805160182538038,-0.037730360540329785
Male, State-gov, Assoc-acdm,0.4767763103303807, Married-civ-spouse, Adm-clerical, Husband,-0.2644126153749733,-0.9442932832536152,-0.41409147438951266,PVT,5.0,-0.09087726520149393,R,-0.6950790750950001,-0.6106567420832172,-1.1691006271722735
Male, Self-emp-not-inc, HS-grad,-0.3903533538349704, Married-civ-spouse, Transport-moving, Husband,-0.2644126153749733,4.492363167827852,-0.41409147438951266,NBF,5.0,-0.09087726520149393,R,-0.6950790750950001,-0.9511619236094899,0.2855182870687971
Male, Self-emp-not-inc, Bachelors,0.7658195317188305, Married-civ-spouse, Craft-repair, Husband,-0.2644126153749733,0.7031783685892541,-0.41409147438951266,PVT,189.0,-0.09087726520149393,I,-0.6950790750950001,-0.9511619236094899,1.2552642298961771
Male, Private, Assoc-voc,0.18773308894193008, Married-civ-spouse, Other-service, Husband,-0.2644126153749733,0.2913104556285366,-0.323813413790788,NBF,58.0,1.3392439082325422,M,-0.6950790750950001,0.2343665879872196,0.2855182870687971
Female, Private, Some-college,-0.10131013244652015, Divorced, Adm-clerical, Not-in-family,-0.2644126153749733,0.7031783685892541,-0.41409147438951266,PVT,189.0,-0.09087726520149393,I,-0.6950790750950001,0.3110248225716683,0.7703912584824878
Male, Private, Bachelors,0.7658195317188305, Married-civ-spouse, Prof-specialty, Husband,-0.2644126153749733,-0.12055745733218053,-0.41409147438951266,HFC,189.0,-0.09087726520149393,I,-0.6950790750950001,1.0027316834732072,-0.5226033319540196
Male, Self-emp-not-inc, Bachelors,0.7658195317188305, Married-civ-spouse, Prof-specialty, Husband,-0.2644126153749733,-0.9442932832536152,-0.41409147438951266,PVT,5.0,-0.09087726520149393,R,-0.6950790750950001,1.2683613800565303,0.5279547727756421
Female, Local-gov, Bachelors,0.7658195317188305, Divorced, Exec-managerial, Unmarried,-0.2644126153749733,1.5269141945106874,-0.41409147438951266,PVT,5.0,-0.09087726520149393,R,-0.6950790750950001,-0.7746697091011079,0.5279547727756421
Female, Private, HS-grad,-0.3903533538349704, Never-married, Other-service, Own-child,-0.2644126153749733,-0.12055745733218053,-0.41409147438951266,PVT,5.0,-0.09087726520149393,R,-0.6950790750950001,-0.38603028725436683,-0.5226033319540196
Female, Private, Some-college,-0.10131013244652015, Never-married, Adm-clerical, Own-child,3.30524787384316,-0.532425370292898,-0.5946475955869621,PVT,5.0,-0.09087726520149393,R,-0.6950790750950001,1.544687574488846,-1.4115371128791185
Male, Private, HS-grad,-0.3903533538349704, Married-civ-spouse, Other-service, Husband,-0.2644126153749733,-1.3561611962143318,-0.41409147438951266,NBF,5.0,-0.09087726520149393,R,-0.6950790750950001,-1.2827533569282688,0.4471426108733606
Female, Private, Some-college,-0.10131013244652015, Never-married, Sales, Own-child,-0.2644126153749733,-0.12055745733218053,-0.323813413790788,NBF,5.0,-0.09087726520149393,R,-0.6950790750950001,0.6943159954939129,-1.0882884652699918
Male, Private, HS-grad,-0.3903533538349704, Divorced, Machine-op-inspct, Not-in-family,-0.2644126153749733,-0.12055745733218053,-0.323813413790788,NBF,47.0,-0.09087726520149393,I,-0.6950790750950001,-0.7140562212901482,0.2855182870687971
Male, Private, HS-grad,-0.3903533538349704, Never-married, Transport-moving, Own-child,-0.2644126153749733,-0.12055745733218053,-0.6548329693194453,NBF,5.0,-0.09087726520149393,R,-0.6950790750950001,-1.3594115915127178,-0.9266641414654283
Female, State-gov, Bachelors,0.7658195317188305, Never-married, Prof-specialty, Other-relative,-0.2644126153749733,-0.12055745733218053,2.173879596107263,PVT,5.0,-0.09087726520149393,R,-0.6950790750950001,0.5267375291930244,-0.44179117005173796
Male, Self-emp-not-inc, Some-college,-0.10131013244652015, Married-civ-spouse, Craft-repair, Husband,-0.2644126153749733,1.1150462815499709,-0.5946475955869621,PVT,5.0,-0.09087726520149393,R,-0.6950790750950001,0.710360742267402,0.9320155822870502
Male, Private, Assoc-voc,0.18773308894193008, Married-civ-spouse, Prof-specialty, Husband,-0.2644126153749733,1.5269141945106874,-0.41409147438951266,PVT,189.0,-0.09087726520149393,I,-0.6950790750950001,1.557166821979338,0.6087669346779243
Female, Private, Assoc-acdm,0.4767763103303807, Never-married, Other-service, Unmarried,-0.2644126153749733,-0.532425370292898,-0.41409147438951266,NBF,189.0,1.3392439082325422,I,-0.6950790750950001,-1.2310536173248035,-1.3307249509768369
Female, Private, HS-grad,-0.3903533538349704, Never-married, Other-service, Unmarried,-0.2644126153749733,0.2913104556285366,-0.41409147438951266,NBF,121.0,-0.09087726520149393,I,-0.6950790750950001,-0.5518260039137564,1.0936399060916138
Female, Self-emp-not-inc, 1st-4th,-2.4136559035541225, Widowed, Craft-repair, Other-relative,3.0584206813870547,0.2913104556285366,-0.41409147438951266,PVT,123.0,-0.09087726520149393,I,-0.6950790750950001,1.4573328420554041,1.4977007156030229
Male, Self-emp-not-inc, Assoc-voc,0.18773308894193008, Divorced, Farming-fishing, Not-in-family,-0.2644126153749733,-0.12055745733218053,-0.74511102991817,NBF,5.0,-0.09087726520149393,R,-0.6950790750950001,0.6016130141359748,0.2047061251665154
Male, Private, HS-grad,-0.3903533538349704, Married-civ-spouse, Machine-op-inspct, Husband,3.0107145853661264,0.0441897078521065,-0.5645549087207206,PUB,5.0,-0.09087726520149393,R,-0.6950790750950001,-0.9422481754019959,0.2855182870687971
Female, Private, 12th,-0.6793965752234207, Never-married, Other-service, Other-relative,-0.2644126153749733,-0.9442932832536152,-0.41409147438951266,PVT,5.0,-0.09087726520149393,R,-0.6950790750950001,1.6159975601487984,-1.573161436683682
Male, Self-emp-not-inc, 12th,-0.6793965752234207, Married-civ-spouse, Other-service, Husband,-0.2644126153749733,4.739483915604281,-0.5946475955869621,PVT,5.0,-0.09087726520149393,R,-0.6950790750950001,1.2701441296980291,1.0128277441893325
Male, Private, 10th,-1.2574830180003211, Never-married, Handlers-cleaners, Own-child,-0.2644126153749733,-1.3561611962143318,-0.74511102991817,PVT,58.0,-0.09087726520149393,M,-0.6950790750950001,-1.3148428504752474,-1.573161436683682
Male, Private, 10th,-1.2574830180003211, Married-civ-spouse, Craft-repair, Husband,-0.2644126153749733,-0.12055745733218053,-0.41409147438951266,NBF,5.0,-0.09087726520149393,R,-0.6950790750950001,0.6604437523054355,1.174452067993896
Male, State-gov, Some-college,-0.10131013244652015, Never-married, Prof-specialty, Not-in-family,-0.2644126153749733,-0.12055745733218053,-0.41409147438951266,PVT,5.0,-0.09087726520149393,R,-0.6950790750950001,1.4466363442064112,-0.6842276557585831
Female, Private, Some-college,-0.10131013244652015, Never-married, Other-service, Own-child,-0.2644126153749733,-2.1798970221357665,-0.41409147438951266,NBF,5.0,-0.09087726520149393,R,-0.6950790750950001,1.5375565759228504,-1.573161436683682
Male, Private, HS-grad,-0.3903533538349704, Married-civ-spouse, Craft-repair, Husband,-0.2644126153749733,-0.12055745733218053,2.173879596107263,PVT,5.0,-0.09087726520149393,R,-0.6950790750950001,-1.4806385671346372,-0.11854252244261151
Female, Private, HS-grad,-0.3903533538349704, Widowed, Prof-specialty, Unmarried,-0.2644126153749733,-0.12055745733218053,-0.41409147438951266,PVT,5.0,-0.09087726520149393,R,-0.6950790750950001,1.6177803097902976,1.0128277441893325
Male, Private, Some-college,-0.10131013244652015, Never-married, Craft-repair, Own-child,-0.2644126153749733,1.5269141945106874,-0.41409147438951266,NBF,5.0,-0.09087726520149393,R,-0.6950790750950001,0.46790679102356364,-1.1691006271722735
Male, Private, Assoc-acdm,0.4767763103303807, Married-civ-spouse, Prof-specialty, Husband,-0.2644126153749733,-0.12055745733218053,-0.5946475955869621,PVT,130.0,1.3392439082325422,I,-0.6950790750950001,-1.291667105135763,-0.6034154938563014
Female, Private, HS-grad,-0.3903533538349704, Never-married, Other-service, Unmarried,-0.2644126153749733,-0.12055745733218053,-0.41409147438951266,PVT,5.0,-0.09087726520149393,R,-0.6950790750950001,-1.1276541381178722,-0.9266641414654283
Male, Self-emp-not-inc, HS-grad,-0.3903533538349704, Married-civ-spouse, Craft-repair, Husband,-0.2644126153749733,-0.12055745733218053,2.173879596107263,PVT,5.0,-0.09087726520149393,R,-0.6950790750950001,-0.08831109712406543,-0.6842276557585831
Male, Private, Assoc-acdm,0.4767763103303807, Never-married, Adm-clerical, Own-child,-0.2644126153749733,-0.7795461180693282,-0.41409147438951266,NBF,5.0,-0.09087726520149393,R,-0.6950790750950001,0.5249547795515257,-0.8458519795631466
Male, Private, HS-grad,-0.3903533538349704, Never-married, Craft-repair, Own-child,-0.2644126153749733,0.7031783685892541,-0.41409147438951266,NBF,5.0,-0.09087726520149393,R,-0.6950790750950001,0.42690354926909113,-1.0882884652699918
Female, Private, Bachelors,0.7658195317188305, Never-married, Sales, Not-in-family,-0.2644126153749733,-1.7680291091750493,2.173879596107263,PVT,5.0,-0.09087726520149393,R,-0.6950790750950001,-0.13287983816153554,-1.3307249509768369
Male, State-gov, Some-college,-0.10131013244652015, Never-married, Exec-managerial, Own-child,-0.2644126153749733,-0.12055745733218053,-0.323813413790788,NBF,5.0,-0.09087726520149393,R,-0.6950790750950001,-0.40920603259385147,-1.4115371128791185
Male, Local-gov, HS-grad,-0.3903533538349704, Married-civ-spouse, Exec-managerial, Husband,-0.2644126153749733,1.1974198641421143,-0.41409147438951266,PVT,5.0,-0.09087726520149393,R,-0.6950790750950001,-0.14892458493502503,1.2552642298961771
Male, Private, HS-grad,-0.3903533538349704, Married-civ-spouse, Machine-op-inspct, Husband,-0.2644126153749733,-0.12055745733218053,-0.41409147438951266,PVT,5.0,-0.09087726520149393,R,-0.6950790750950001,-0.38959578653736443,-0.19935468434489326
Male, Private, Bachelors,0.7658195317188305, Married-civ-spouse, Sales, Husband,-0.2644126153749733,-0.12055745733218053,-0.41409147438951266,PVT,130.0,1.3392439082325422,I,-0.6950790750950001,-0.7907144558745971,-0.7650398176608648
Female, Federal-gov, HS-grad,-0.3903533538349704, Never-married, Exec-managerial, Unmarried,2.597953145880706,-0.12055745733218053,-0.323813413790788,PVT,5.0,-0.09087726520149393,R,-0.6950790750950001,0.8779392085682906,-0.5226033319540196
Female, Private, 11th,-0.9684397966118709, Never-married, Other-service, Other-relative,-0.2644126153749733,-1.6032819439907624,-0.41409147438951266,PVT,5.0,-0.09087726520149393,R,-0.6950790750950001,-0.48408151753680156,-1.7347857604882453
Male, Private, HS-grad,-0.3903533538349704, Divorced, Transport-moving, Not-in-family,-0.2644126153749733,-0.12055745733218053,-0.41409147438951266,PVT,5.0,-0.09087726520149393,R,-0.6950790750950001,1.2434028850755467,1.3360763917984593
Male, Private, Some-college,-0.10131013244652015, Never-married, Transport-moving, Own-child,-0.2644126153749733,-0.532425370292898,-0.6247402824532038,NBF,5.0,-0.09087726520149393,R,-0.6950790750950001,0.42333804998609353,-1.4923492747814002
Female, Private, Some-college,-0.10131013244652015, Never-married, Adm-clerical, Own-child,-0.2644126153749733,-1.7680291091750493,2.173879596107263,PVT,5.0,-0.09087726520149393,R,-0.6950790750950001,-1.651782532718523,-1.573161436683682
Male, Private, HS-grad,-0.3903533538349704, Never-married, Adm-clerical, Own-child,-0.2644126153749733,-0.12055745733218053,-0.41409147438951266,PVT,5.0,-0.09087726520149393,R,-0.6950790750950001,-0.4822987678953026,-0.9266641414654283
Female, Private, 11th,-0.9684397966118709, Never-married, Prof-specialty, Own-child,-0.2644126153749733,-3.250753595833631,-0.41409147438951266,NBF,173.0,-0.09087726520149393,I,-0.6950790750950001,-0.9101586818550174,-1.6539735985859636
Female, Private, Some-college,-0.10131013244652015, Never-married, Prof-specialty, Own-child,-0.2644126153749733,-2.1798970221357665,-0.323813413790788,NBF,5.0,-0.09087726520149393,R,-0.6950790750950001,-1.3665425900787131,-1.4923492747814002
Male, Private, Some-college,-0.10131013244652015, Never-married, Other-service, Own-child,-0.2644126153749733,-2.4270177699121964,-0.41409147438951266,PVT,189.0,-0.09087726520149393,I,-0.6950790750950001,-0.3592890426318846,-1.6539735985859636
Male, Private, HS-grad,-0.3903533538349704, Married-civ-spouse, Craft-repair, Husband,-0.2644126153749733,-0.12055745733218053,2.173879596107263,PVT,5.0,-0.09087726520149393,R,-0.6950790750950001,0.6978814947769105,-1.2499127890745552
Female, State-gov, Some-college,-0.10131013244652015, Married-civ-spouse, Exec-managerial, Wife,-0.2644126153749733,-0.12055745733218053,-0.41409147438951266,NBF,191.0,-0.09087726520149393,I,-0.6950790750950001,-0.37176829012237633,-0.037730360540329785
Female, Private, Some-college,-0.10131013244652015, Divorced, Adm-clerical, Unmarried,-0.2644126153749733,-0.12055745733218053,-0.41409147438951266,PVT,5.0,-0.09087726520149393,R,-0.6950790750950001,1.1988341440380763,-0.19935468434489326
Male, Self-emp-not-inc, Bachelors,0.7658195317188305, Never-married, Exec-managerial, Not-in-family,-0.2644126153749733,0.7031783685892541,-0.41409147438951266,PVT,5.0,-0.09087726520149393,R,-0.6950790750950001,-0.44307827578232883,-0.8458519795631466
Male, State-gov, Bachelors,0.7658195317188305, Married-civ-spouse, Protective-serv, Husband,-0.2644126153749733,1.5269141945106874,-0.41409147438951266,PVT,5.0,-0.09087726520149393,R,-0.6950790750950001,-1.5537313024360881,-0.037730360540329785
Female, Private, 11th,-0.9684397966118709, Divorced, Craft-repair, Not-in-family,-0.2644126153749733,-0.12055745733218053,2.173879596107263,PVT,173.0,-0.09087726520149393,I,-0.6950790750950001,-0.9725549193074757,-1.00747630336771
Female, Private, Some-college,-0.10131013244652015, Divorced, Adm-clerical, Unmarried,-0.2644126153749733,-0.532425370292898,-0.41409147438951266,PVT,5.0,-0.09087726520149393,R,-0.6950790750950001,0.6782712487204234,0.6087669346779243
Female, Private, Some-college,-0.10131013244652015, Never-married, Exec-managerial, Unmarried,-0.2644126153749733,-0.12055745733218053,-0.41409147438951266,NBF,5.0,25.651303856611158,R,-0.6950790750950001,-0.8513279436855565,0.8512034203847689
Female, Private, HS-grad,-0.3903533538349704, Never-married, Sales, Own-child,-0.2644126153749733,-0.9442932832536152,-0.323813413790788,NBF,5.0,-0.09087726520149393,R,-0.6950790750950001,0.49821353492904347,-1.573161436683682
Male, Self-emp-inc, Some-college,-0.10131013244652015, Married-civ-spouse, Farming-fishing, Husband,-0.2644126153749733,0.7031783685892541,-0.74511102991817,PVT,5.0,-0.09087726520149393,R,-0.6950790750950001,-1.3576288418712192,0.5279547727756421
Male, Self-emp-not-inc, Some-college,-0.10131013244652015, Married-civ-spouse, Tech-support, Husband,-0.2644126153749733,-1.7680291091750493,-0.41409147438951266,NBF,191.0,-0.09087726520149393,I,-0.6950790750950001,-0.7996282040820911,2.5482588203326846
Male, Private, Assoc-voc,0.18773308894193008, Married-civ-spouse, Craft-repair, Husband,-0.2644126153749733,0.7031783685892541,-0.41409147438951266,NBF,5.0,-0.09087726520149393,R,-0.6950790750950001,0.32885231898665657,0.6087669346779243
Male, Local-gov, Some-college,-0.10131013244652015, Never-married, Protective-serv, Not-in-family,-0.2644126153749733,-0.12055745733218053,-0.74511102991817,PVT,5.0,-0.09087726520149393,R,-0.6950790750950001,-0.8317176976290696,-1.1691006271722735
Female, Federal-gov, Masters,1.0548627531072812, Divorced, Adm-clerical, Unmarried,-0.2644126153749733,-0.12055745733218053,-0.41409147438951266,PVT,47.0,-0.09087726520149393,I,-0.6950790750950001,1.1025656633971406,1.4168885537007405
Female, Private, HS-grad,-0.3903533538349704, Never-married, Other-service, Not-in-family,3.886017738445762,-0.12055745733218053,-0.323813413790788,NBF,5.0,-0.09087726520149393,R,-0.6950790750950001,0.02935037921485618,-0.19935468434489326
Female, Private, Some-college,-0.10131013244652015, Divorced, Exec-managerial, Not-in-family,-0.2644126153749733,0.7031783685892541,-0.41409147438951266,PVT,5.0,-0.09087726520149393,R,-0.6950790750950001,-1.0224719092694425,1.0936399060916138
Female, Private, HS-grad,-0.3903533538349704, Never-married, Sales, Own-child,-0.2644126153749733,-0.9442932832536152,-0.41409147438951266,PVT,5.0,-0.09087726520149393,R,-0.6950790750950001,0.02935037921485618,-1.0882884652699918
Female, Private, Bachelors,0.7658195317188305, Never-married, Adm-clerical, Not-in-family,-0.2644126153749733,-0.12055745733218053,-0.41409147438951266,NBF,5.0,-0.09087726520149393,R,-0.6950790750950001,-1.1044783927783877,-1.00747630336771
Male, Private, 10th,-1.2574830180003211, Married-civ-spouse, Craft-repair, Own-child,-0.2644126153749733,-0.12055745733218053,-0.41409147438951266,NBF,123.0,-0.09087726520149393,I,-0.6950790750950001,0.6390507566074497,-1.00747630336771
Female, State-gov, Bachelors,0.7658195317188305, Never-married, Exec-managerial, Not-in-family,-0.2644126153749733,-0.12055745733218053,-0.41409147438951266,PVT,5.0,-0.09087726520149393,R,-0.6950790750950001,0.9635111913602336,1.6593250394075854
Male, Private, HS-grad,-0.3903533538349704, Never-married, Farming-fishing, Other-relative,-0.2644126153749733,0.7031783685892541,-0.5946475955869621,PVT,5.0,-0.09087726520149393,R,-0.6950790750950001,0.36629006145813153,-1.4115371128791185
Male, Private, HS-grad,-0.3903533538349704, Married-civ-spouse, Craft-repair, Husband,-0.2644126153749733,-0.45005178770075455,-0.41409147438951266,NBF,999.0,-0.09087726520149393,I,-0.6950790750950001,0.1933633462327467,-1.00747630336771
Male, Self-emp-not-inc, 10th,-1.2574830180003211, Widowed, Farming-fishing, Unmarried,-0.2644126153749733,-1.7680291091750493,-0.74511102991817,PVT,5.0,-0.09087726520149393,R,-0.6950790750950001,-1.1419161352498628,2.386634496528121
Male, Private, HS-grad,-0.3903533538349704, Married-civ-spouse, Sales, Husband,-0.2644126153749733,-1.9327762743593362,-0.41409147438951266,NBF,130.0,-0.09087726520149393,I,-0.6950790750950001,-0.867372690459046,2.1441980108212757
Female, Private, Masters,1.0548627531072812, Divorced, Exec-managerial, Unmarried,-0.2644126153749733,0.2913104556285366,2.173879596107263,PVT,5.0,-0.09087726520149393,R,-0.6950790750950001,0.29676282543967797,0.2047061251665154
Male, Private, HS-grad,-0.3903533538349704, Married-civ-spouse, Transport-moving, Husband,-0.2644126153749733,0.7031783685892541,2.173879596107263,PVT,5.0,-0.09087726520149393,R,-0.6950790750950001,1.2915371253960146,-0.3609790081494562
Male, Private, HS-grad,-0.3903533538349704, Married-civ-spouse, Adm-clerical, Husband,-0.2644126153749733,-0.12055745733218053,-0.41409147438951266,PVT,5.0,-0.09087726520149393,R,-0.6950790750950001,0.6907504962109153,-0.8458519795631466
Female, Private, Assoc-voc,0.18773308894193008, Never-married, Adm-clerical, Not-in-family,-0.2644126153749733,-0.12055745733218053,-0.41409147438951266,PVT,5.0,-0.09087726520149393,R,-0.6950790750950001,0.26110783260970183,0.12389396326423367
Male, Private, 11th,-0.9684397966118709, Married-civ-spouse, Craft-repair, Husband,-0.2644126153749733,0.7031783685892541,-0.41409147438951266,NBF,5.0,-0.09087726520149393,R,-0.6950790750950001,-0.5339985074987682,-0.11854252244261151
Male, Private, 10th,-1.2574830180003211, Divorced, Machine-op-inspct, Not-in-family,-0.2644126153749733,1.5269141945106874,-0.41409147438951266,PVT,5.0,-0.09087726520149393,R,-0.6950790750950001,1.5660805701868314,-0.3609790081494562
Male, Private, HS-grad,-0.3903533538349704, Divorced, Prof-specialty, Unmarried,-0.2644126153749733,-0.12055745733218053,-0.41409147438951266,PVT,5.0,-0.09087726520149393,R,-0.6950790750950001,-1.3647598404372143,1.0128277441893325
Male, Private, Some-college,-0.10131013244652015, Never-married, Other-service, Own-child,-0.2644126153749733,-1.3561611962143318,-0.41409147438951266,NBF,130.0,-0.09087726520149393,I,-0.6950790750950001,0.8155429711158321,-1.573161436683682
Female, Local-gov, HS-grad,-0.3903533538349704, Widowed, Adm-clerical, Not-in-family,-0.2644126153749733,-0.2853046225164671,-0.41409147438951266,NBF,5.0,-0.09087726520149393,R,-0.6950790750950001,-1.1240886388348748,1.9017615251144309
Male, Private, 10th,-1.2574830180003211, Never-married, Other-service, Not-in-family,-0.2644126153749733,-0.12055745733218053,-0.41409147438951266,NBF,5.0,-0.09087726520149393,R,-0.6950790750950001,0.1773185994592576,1.5785128775053041
Female, Private, HS-grad,-0.3903533538349704, Divorced, Adm-clerical, Unmarried,-0.2644126153749733,-0.12055745733218053,-0.323813413790788,NBF,5.0,-0.09087726520149393,R,-0.6950790750950001,1.0936519151896467,-0.28016684624717497
Female, Private, 10th,-1.2574830180003211, Separated, Machine-op-inspct, Unmarried,-0.2644126153749733,-0.12055745733218053,-0.323813413790788,NBF,130.0,1.3392439082325422,I,-0.6950790750950001,1.3111473714525017,0.4471426108733606
Male, Self-emp-inc, HS-grad,-0.3903533538349704, Married-civ-spouse, Exec-managerial, Husband,-0.2644126153749733,-0.12055745733218053,-0.41409147438951266,NBF,5.0,-0.09087726520149393,R,-0.6950790750950001,-1.3166256001167462,0.12389396326423367
Female, Private, HS-grad,-0.3903533538349704, Never-married, Other-service, Own-child,-0.2644126153749733,-1.7680291091750493,2.173879596107263,PVT,5.0,-0.09087726520149393,R,-0.6950790750950001,0.7620604818708677,-1.6539735985859636
Male, Self-emp-not-inc, HS-grad,-0.3903533538349704, Married-civ-spouse, Farming-fishing, Husband,-0.2644126153749733,-0.532425370292898,-0.41409147438951266,PVT,5.0,-0.09087726520149393,R,-0.6950790750950001,-1.3665425900787131,2.629070982234966
Male, Private, 12th,-0.6793965752234207, Never-married, Other-service, Own-child,-0.2644126153749733,-0.532425370292898,-0.41409147438951266,NBF,5.0,-0.09087726520149393,R,-0.6950790750950001,1.5001188334513755,-1.4923492747814002
Female, Private, Assoc-voc,0.18773308894193008, Divorced, Tech-support, Unmarried,-0.2644126153749733,-0.12055745733218053,-0.41409147438951266,NBF,5.0,-0.09087726520149393,R,-0.6950790750950001,-0.42703352900883956,-0.3609790081494562
Female, Private, Some-college,-0.10131013244652015, Never-married, Adm-clerical, Not-in-family,-0.2644126153749733,-1.4385347788064753,-0.41409147438951266,PVT,5.0,-0.09087726520149393,R,-0.6950790750950001,-0.14892458493502503,-1.2499127890745552
Male, Local-gov, Masters,1.0548627531072812, Divorced, Prof-specialty, Not-in-family,-0.2644126153749733,-0.12055745733218053,-0.5043695349882374,PVT,5.0,-0.09087726520149393,R,-0.6950790750950001,-1.3005808533432572,-0.037730360540329785
Female, Private, HS-grad,-0.3903533538349704, Never-married, Adm-clerical, Unmarried,-0.2644126153749733,-0.12055745733218053,-0.41409147438951266,PVT,5.0,-0.09087726520149393,R,-0.6950790750950001,-1.5965172938320598,-1.3307249509768369
Female, Private, Assoc-voc,0.18773308894193008, Divorced, Adm-clerical, Unmarried,-0.2644126153749733,1.0326726989578272,-0.41409147438951266,NBF,5.0,-0.09087726520149393,R,-0.6950790750950001,-0.8014109537235898,-0.19935468434489326
Male, Private, 11th,-0.9684397966118709, Never-married, Handlers-cleaners, Own-child,3.3010995176674274,-1.9327762743593362,-0.41409147438951266,NBF,5.0,-0.09087726520149393,R,-0.6950790750950001,-0.3450270454998943,-1.7347857604882453
Female, Federal-gov, Some-college,-0.10131013244652015, Never-married, Adm-clerical, Own-child,-0.2644126153749733,-0.12055745733218053,-0.5946475955869621,PVT,130.0,-0.09087726520149393,I,-0.6950790750950001,-0.3771165390468729,-0.6842276557585831
Male, Private, Assoc-voc,0.18773308894193008, Married-civ-spouse, Other-service, Husband,-0.2644126153749733,-0.12055745733218053,2.173879596107263,PVT,5.0,-0.09087726520149393,R,-0.6950790750950001,-1.5697760492095776,0.04308180136195194
Male, Private, Some-college,-0.10131013244652015, Never-married, Sales, Own-child,-0.2644126153749733,-2.1798970221357665,-0.41409147438951266,PVT,5.0,-0.09087726520149393,R,-0.6950790750950001,-0.32898229872640483,-1.6539735985859636
Male, Private, HS-grad,-0.3903533538349704, Never-married, Tech-support, Not-in-family,-0.2644126153749733,0.7031783685892541,-0.74511102991817,NBF,123.0,-0.09087726520149393,I,-0.6950790750950001,-0.000956364690623618,-0.19935468434489326
Male, Local-gov, Some-college,-0.10131013244652015, Married-civ-spouse, Adm-clerical, Husband,-0.2644126153749733,-0.532425370292898,2.173879596107263,NBF,189.0,-0.09087726520149393,I,-0.6950790750950001,1.550035823413342,1.8209493632121487
Male, Self-emp-not-inc, Some-college,-0.10131013244652015, Married-civ-spouse, Transport-moving, Husband,-0.2644126153749733,-0.12055745733218053,-0.41409147438951266,PVT,5.0,-0.09087726520149393,R,-0.6950790750950001,-0.8834174372325351,-0.037730360540329785
Male, Private, 7th-8th,-1.835569460777222, Married-civ-spouse, Handlers-cleaners, Husband,-0.2644126153749733,-0.9442932832536152,-0.41409147438951266,NBF,5.0,-0.09087726520149393,R,-0.6950790750950001,0.8422842157383144,0.2855182870687971
Male, Self-emp-not-inc, Doctorate,1.6329491958841817, Married-civ-spouse, Transport-moving, Husband,3.888091916533628,0.2913104556285366,2.173879596107263,NBF,5.0,-0.09087726520149393,R,-0.6950790750950001,0.9296389481717557,0.6895790965802056
Male, Private, Bachelors,0.7658195317188305, Married-civ-spouse, Exec-managerial, Husband,-0.2644126153749733,-0.12055745733218053,-0.41409147438951266,NBF,184.0,-0.09087726520149393,I,-0.6950790750950001,-0.6427462356301957,0.4471426108733606
Male, Self-emp-not-inc, HS-grad,-0.3903533538349704, Married-civ-spouse, Craft-repair, Husband,-0.2644126153749733,-0.12055745733218053,2.173879596107263,PVT,5.0,-0.09087726520149393,R,-0.6950790750950001,0.9545974431527392,-0.8458519795631466
Female, Private, Some-college,-0.10131013244652015, Widowed, Adm-clerical, Not-in-family,-0.2644126153749733,-0.12055745733218053,-0.41409147438951266,NBF,5.0,-0.09087726520149393,R,-0.6950790750950001,1.5357738262813516,1.0128277441893325
Male, Private, HS-grad,-0.3903533538349704, Married-civ-spouse, Craft-repair, Husband,-0.2644126153749733,-0.12055745733218053,-0.5946475955869621,PVT,5.0,-0.09087726520149393,R,-0.6950790750950001,-0.43238177793333593,1.0128277441893325
Male, Private, Bachelors,0.7658195317188305, Married-civ-spouse, Exec-managerial, Husband,-0.2644126153749733,-0.12055745733218053,2.173879596107263,PVT,5.0,-0.09087726520149393,R,-0.6950790750950001,0.21297359228923377,0.8512034203847689
Female, Private, Some-college,-0.10131013244652015, Never-married, Adm-clerical, Unmarried,-0.2644126153749733,-0.12055745733218053,-0.41409147438951266,NBF,184.0,-0.09087726520149393,I,-0.6950790750950001,0.7157089911918983,-0.6034154938563014
Male, Private, Some-college,-0.10131013244652015, Never-married, Farming-fishing, Not-in-family,-0.2644126153749733,-0.9442932832536152,-0.6849256561856869,PVT,189.0,-0.09087726520149393,I,-0.6950790750950001,0.4286862989105899,-1.2499127890745552
Female, State-gov, Some-college,-0.10131013244652015, Divorced, Sales, Not-in-family,-0.2644126153749733,-0.12055745733218053,-0.41409147438951266,PVT,5.0,-0.09087726520149393,R,-0.6950790750950001,1.5660805701868314,0.12389396326423367
Male, Self-emp-inc, 7th-8th,-1.835569460777222, Married-civ-spouse, Exec-managerial, Husband,-0.2644126153749733,0.7031783685892541,2.173879596107263,PVT,5.0,-0.09087726520149393,R,-0.6950790750950001,0.7388847365313831,2.225010172723558
Female, Private, 11th,-0.9684397966118709, Never-married, Other-service, Not-in-family,-0.2644126153749733,-1.7680291091750493,-0.74511102991817,PVT,5.0,-0.09087726520149393,R,-0.6950790750950001,-0.22380006987797513,-1.7347857604882453
Male, Private, Prof-school,1.3439059744957311, Married-civ-spouse, Prof-specialty, Husband,-0.2644126153749733,-3.1683800132414874,-0.41409147438951266,NBF,5.0,-0.09087726520149393,R,-0.6950790750950001,0.6033957637774735,2.4674466584304025
Male, Private, HS-grad,-0.3903533538349704, Married-civ-spouse, Machine-op-inspct, Husband,-0.2644126153749733,-0.12055745733218053,-0.41409147438951266,NBF,58.0,-0.09087726520149393,M,-0.6950790750950001,0.35737631325063757,0.36633044897107886
Female, Private, Bachelors,0.7658195317188305, Never-married, Adm-clerical, Not-in-family,-0.2644126153749733,-0.12055745733218053,-0.74511102991817,PVT,123.0,-0.09087726520149393,I,-0.6950790750950001,0.2860663275906849,-1.2499127890745552
Male, Private, HS-grad,-0.3903533538349704, Married-civ-spouse, Farming-fishing, Husband,-0.2644126153749733,-0.12055745733218053,-0.41409147438951266,NBF,123.0,-0.09087726520149393,I,-0.6950790750950001,-0.17388307991600827,-0.11854252244261151
Female, Private, HS-grad,-0.3903533538349704, Married-civ-spouse, Sales, Wife,-0.2644126153749733,-1.7680291091750493,-0.41409147438951266,NBF,5.0,-0.09087726520149393,R,-0.6950790750950001,-0.7711042098181101,-1.00747630336771
Male, Private, 11th,-0.9684397966118709, Married-civ-spouse, Farming-fishing, Own-child,-0.2644126153749733,-0.12055745733218053,-0.41409147438951266,NBF,5.0,-0.09087726520149393,R,-0.6950790750950001,-1.2577948619472856,-1.4923492747814002
Female, Private, HS-grad,-0.3903533538349704, Never-married, Other-service, Own-child,-0.2644126153749733,-0.9442932832536152,-0.41409147438951266,PVT,5.0,-0.09087726520149393,R,-0.6950790750950001,0.8280222186063236,-1.573161436683682
Male, Private, HS-grad,-0.3903533538349704, Never-married, Sales, Other-relative,-0.2644126153749733,1.5269141945106874,2.173879596107263,PVT,5.0,-0.09087726520149393,R,-0.6950790750950001,0.034698628139352546,-1.4923492747814002
Male, Private, Bachelors,0.7658195317188305, Married-civ-spouse, Exec-managerial, Husband,-0.2644126153749733,0.2913104556285366,-0.41409147438951266,NBF,5.0,-0.09087726520149393,R,-0.6950790750950001,-0.054438853935588054,-0.28016684624717497
Male, Self-emp-not-inc, HS-grad,-0.3903533538349704, Married-civ-spouse, Craft-repair, Husband,-0.2644126153749733,-0.12055745733218053,-0.5946475955869621,PVT,123.0,-0.09087726520149393,I,-0.6950790750950001,0.48038603851405554,-0.44179117005173796
Female, Federal-gov, Some-college,-0.10131013244652015, Divorced, Exec-managerial, Unmarried,-0.2644126153749733,-0.2853046225164671,-0.41409147438951266,NBF,5.0,-0.09087726520149393,R,-0.6950790750950001,-0.015218361822613933,-0.037730360540329785
Female, Self-emp-not-inc, Some-college,-0.10131013244652015, Married-civ-spouse, Exec-managerial, Wife,-0.2644126153749733,-0.9442932832536152,-0.41409147438951266,PVT,5.0,-0.09087726520149393,R,-0.6950790750950001,1.300450873603509,0.9320155822870502
Female, Private, HS-grad,-0.3903533538349704, Divorced, Other-service, Own-child,-0.2644126153749733,-2.5917649350964838,-0.5946475955869621,PVT,5.0,-0.09087726520149393,R,-0.6950790750950001,0.7121434919089008,-1.2499127890745552
Female, Local-gov, Some-college,-0.10131013244652015, Never-married, Adm-clerical, Own-child,-0.2644126153749733,-2.5917649350964838,-0.323813413790788,NBF,5.0,-0.09087726520149393,R,-0.6950790750950001,0.4572102931745709,-0.6842276557585831
Female, Private, Bachelors,0.7658195317188305, Separated, Exec-managerial, Unmarried,-0.2644126153749733,-0.12055745733218053,-0.41409147438951266,NBF,47.0,-0.09087726520149393,I,-0.6950790750950001,0.5392167766835163,-0.44179117005173796
Male, Private, HS-grad,-0.3903533538349704, Divorced, Machine-op-inspct, Not-in-family,-0.2644126153749733,-0.12055745733218053,-0.41409147438951266,NBF,5.0,-0.09087726520149393,R,-0.6950790750950001,0.011522882799867908,0.7703912584824878
Female, Private, Bachelors,0.7658195317188305, Divorced, Prof-specialty, Unmarried,-0.2644126153749733,-1.4385347788064753,-0.3839987875232711,NBF,123.0,-0.09087726520149393,I,-0.6950790750950001,1.5553840723378387,0.36633044897107886
Male, Private, Some-college,-0.10131013244652015, Never-married, Tech-support, Not-in-family,-0.2644126153749733,-0.12055745733218053,-0.41409147438951266,NBF,189.0,-0.09087726520149393,I,-0.6950790750950001,1.3432368649994801,-0.44179117005173796
Male, Local-gov, Some-college,-0.10131013244652015, Divorced, Handlers-cleaners, Not-in-family,-0.2644126153749733,0.7031783685892541,-0.5946475955869621,PVT,5.0,-0.09087726520149393,R,-0.6950790750950001,-1.4449835743046608,-0.19935468434489326
Female, State-gov, HS-grad,-0.3903533538349704, Divorced, Adm-clerical, Unmarried,-0.2644126153749733,0.3736840382206801,-0.41409147438951266,NBF,5.0,-0.09087726520149393,R,-0.6950790750950001,0.0846156181013194,0.9320155822870502
Female, Local-gov, Masters,1.0548627531072812, Married-civ-spouse, Prof-specialty, Wife,4.437749109818233,-0.12055745733218053,-0.41409147438951266,PVT,5.0,-0.09087726520149393,R,-0.6950790750950001,1.0098626820392025,1.3360763917984593
Male, Private, HS-grad,-0.3903533538349704, Separated, Craft-repair, Not-in-family,-0.2644126153749733,-0.12055745733218053,2.173879596107263,NBF,189.0,-0.09087726520149393,I,-0.6950790750950001,0.6176577609094639,0.2047061251665154
Male, Federal-gov, HS-grad,-0.3903533538349704, Married-civ-spouse, Craft-repair, Husband,-0.2644126153749733,-0.12055745733218053,-0.7150183430519285,PVT,58.0,-0.09087726520149393,M,-0.6950790750950001,-0.32541679944340723,-0.11854252244261151
Male, Private, 9th,-1.5465262393887718, Married-civ-spouse, Farming-fishing, Husband,-0.2644126153749733,1.0326726989578272,-0.41409147438951266,NBF,5.0,-0.09087726520149393,R,-0.6950790750950001,0.6925332458524142,-0.037730360540329785
Male, Self-emp-not-inc, Bachelors,0.7658195317188305, Married-civ-spouse, Farming-fishing, Husband,-0.2644126153749733,2.927265098577127,-0.323813413790788,NBF,5.0,-0.09087726520149393,R,-0.6950790750950001,-0.9101586818550174,0.5279547727756421
Male, State-gov, Bachelors,0.7658195317188305, Never-married, Prof-specialty, Not-in-family,-0.2644126153749733,-0.12055745733218053,-0.41409147438951266,NBF,5.0,-0.09087726520149393,R,-0.6950790750950001,-1.1633091309478485,-0.9266641414654283
Male, Private, HS-grad,-0.3903533538349704, Never-married, Farming-fishing, Not-in-family,-0.2644126153749733,1.1150462815499709,-0.41409147438951266,PVT,5.0,-0.09087726520149393,R,-0.6950790750950001,0.1309671087802883,-1.4923492747814002
Female, Private, 10th,-1.2574830180003211, Never-married, Other-service, Own-child,3.0584206813870547,-2.5917649350964838,-0.41409147438951266,NBF,130.0,-0.09087726520149393,I,-0.6950790750950001,1.2077478922455707,-1.7347857604882453
Male, State-gov, Masters,1.0548627531072812, Never-married, Tech-support, Not-in-family,-0.2644126153749733,-0.12055745733218053,-0.41409147438951266,PVT,5.0,-0.09087726520149393,R,-0.6950790750950001,0.722839989757894,-0.6034154938563014
Male, Self-emp-not-inc, HS-grad,-0.3903533538349704, Never-married, Craft-repair, Not-in-family,-0.2644126153749733,-0.9442932832536152,2.173879596107263,PVT,5.0,-0.09087726520149393,R,-0.6950790750950001,-0.38603028725436683,0.8512034203847689
Male, Private, Masters,1.0548627531072812, Married-civ-spouse, Adm-clerical, Husband,-0.2644126153749733,-0.12055745733218053,-0.41409147438951266,NBF,189.0,-0.09087726520149393,I,-0.6950790750950001,0.41442430177859957,0.4471426108733606
Male, Private, HS-grad,-0.3903533538349704, Divorced, Craft-repair, Not-in-family,-0.2644126153749733,0.7031783685892541,-0.41409147438951266,NBF,5.0,-0.09087726520149393,R,-0.6950790750950001,-1.4200250793236775,0.8512034203847689
Male, Local-gov, Bachelors,0.7658195317188305, Never-married, Prof-specialty, Not-in-family,-0.2644126153749733,0.8679255337735403,-0.4742768481219959,NBF,5.0,-0.09087726520149393,R,-0.6950790750950001,-1.3915010850596965,-0.8458519795631466
Female, Private, Assoc-acdm,0.4767763103303807, Divorced, Machine-op-inspct, Unmarried,-0.2644126153749733,-0.12055745733218053,-0.41409147438951266,NBF,189.0,-0.09087726520149393,I,-0.6950790750950001,0.8208912200403284,-0.44179117005173796
Female, Private, Some-college,-0.10131013244652015, Divorced, Machine-op-inspct, Unmarried,-0.2644126153749733,1.1150462815499709,-0.41409147438951266,NBF,5.0,-0.09087726520149393,R,-0.6950790750950001,-1.1650918805893473,-0.28016684624717497
Female, Private, 11th,-0.9684397966118709, Never-married, Sales, Own-child,-0.2644126153749733,-1.7680291091750493,-0.41409147438951266,NBF,5.0,-0.09087726520149393,R,-0.6950790750950001,-0.7853662069501006,-1.7347857604882453
Male, Private, HS-grad,-0.3903533538349704, Married-civ-spouse, Handlers-cleaners, Husband,-0.2644126153749733,-0.12055745733218053,-0.41409147438951266,NBF,189.0,-0.09087726520149393,I,-0.6950790750950001,-1.425373328248174,-1.0882884652699918
Female, Private, HS-grad,-0.3903533538349704, Divorced, Craft-repair, Unmarried,-0.2644126153749733,-0.12055745733218053,-0.41409147438951266,PVT,5.0,-0.09087726520149393,R,-0.6950790750950001,-0.11326959210504886,0.2047061251665154
Male, Private, Masters,1.0548627531072812, Never-married, Tech-support, Unmarried,-0.2644126153749733,0.2913104556285366,-0.41409147438951266,PVT,123.0,-0.09087726520149393,I,-0.6950790750950001,-1.0706061495899102,-0.6842276557585831
Female, Federal-gov, Bachelors,0.7658195317188305, Divorced, Exec-managerial, Not-in-family,-0.2644126153749733,-0.12055745733218053,-0.74511102991817,NBF,5.0,-0.09087726520149393,R,-0.6950790750950001,-0.9226379293455089,0.4471426108733606
Female, Private, Some-college,-0.10131013244652015, Divorced, Sales, Not-in-family,-0.2644126153749733,-0.12055745733218053,2.173879596107263,PVT,5.0,-0.09087726520149393,R,-0.6950790750950001,0.9332044474547537,-0.037730360540329785
Female, Private, Some-college,-0.10131013244652015, Never-married, Other-service, Not-in-family,-0.2644126153749733,-1.3561611962143318,-0.41409147438951266,PVT,5.0,-0.09087726520149393,R,-0.6950790750950001,-1.140133385608364,-1.4923492747814002
Female, Private, Some-college,-0.10131013244652015, Never-married, Other-service, Own-child,-0.2644126153749733,-0.9442932832536152,-0.5946475955869621,PVT,123.0,-0.09087726520149393,I,-0.6950790750950001,0.03291587849785376,-1.4923492747814002
Female, State-gov, Bachelors,0.7658195317188305, Never-married, Prof-specialty, Not-in-family,-0.2644126153749733,-0.12055745733218053,-0.41409147438951266,NBF,189.0,-0.09087726520149393,I,-0.6950790750950001,-0.9172896804210126,-0.11854252244261151
Male, Private, 9th,-1.5465262393887718, Never-married, Farming-fishing, Unmarried,-0.2644126153749733,2.3506500204321217,-0.41409147438951266,PVT,5.0,-0.09087726520149393,R,-0.6950790750950001,-1.3237565986827415,-1.2499127890745552
Female, Private, 10th,-1.2574830180003211, Never-married, Other-service, Own-child,-0.2644126153749733,-2.1798970221357665,-0.41409147438951266,PVT,5.0,-0.09087726520149393,R,-0.6950790750950001,-0.27728255912293936,-1.7347857604882453
Male, Private, Bachelors,0.7658195317188305, Married-civ-spouse, Prof-specialty, Husband,-0.2644126153749733,-0.532425370292898,2.173879596107263,PVT,5.0,-0.09087726520149393,R,-0.6950790750950001,0.9777731884922238,0.7703912584824878
Female, Private, 11th,-0.9684397966118709, Never-married, Adm-clerical, Own-child,-0.2644126153749733,-1.520908361398619,-0.41409147438951266,NBF,5.0,-0.09087726520149393,R,-0.6950790750950001,-1.3059291022677535,-1.7347857604882453
Male, Self-emp-not-inc, Bachelors,0.7658195317188305, Married-civ-spouse, Craft-repair, Husband,-0.2644126153749733,0.2913104556285366,-0.5946475955869621,PVT,5.0,-0.09087726520149393,R,-0.6950790750950001,0.5392167766835163,-0.28016684624717497
Male, Private, HS-grad,-0.3903533538349704, Married-civ-spouse, Machine-op-inspct, Husband,-0.2644126153749733,0.5384312034049671,-0.5946475955869621,PVT,123.0,-0.09087726520149393,I,-0.6950790750950001,0.7816707279273547,0.36633044897107886
Male, Private, Masters,1.0548627531072812, Never-married, Prof-specialty, Own-child,-0.2644126153749733,-0.12055745733218053,-0.5946475955869621,PVT,5.0,-0.09087726520149393,R,-0.6950790750950001,0.6622265019469343,-0.19935468434489326
Female, Private, HS-grad,-0.3903533538349704, Separated, Other-service, Unmarried,-0.2644126153749733,-0.12055745733218053,-0.41409147438951266,NBF,5.0,-0.09087726520149393,R,-0.6950790750950001,-1.2364018662493,-1.1691006271722735
Male, Private, Some-college,-0.10131013244652015, Married-civ-spouse, Transport-moving, Husband,-0.2644126153749733,0.5384312034049671,-0.41409147438951266,NBF,189.0,-0.09087726520149393,I,-0.6950790750950001,0.21119084264773497,0.5279547727756421
Female, Private, Some-college,-0.10131013244652015, Married-civ-spouse, Adm-clerical, Wife,4.002171711366282,-0.12055745733218053,-0.41409147438951266,NBF,5.0,-0.09087726520149393,R,-0.6950790750950001,0.4162070514200984,-0.3609790081494562
Female, Private, HS-grad,-0.3903533538349704, Never-married, Adm-clerical, Not-in-family,-0.2644126153749733,-0.2853046225164671,-0.5946475955869621,PVT,5.0,-0.09087726520149393,R,-0.6950790750950001,-1.482421316776136,1.4168885537007405
Male, Private, Some-college,-0.10131013244652015, Never-married, Prof-specialty, Own-child,-0.2644126153749733,0.7031783685892541,-0.41409147438951266,SRC,5.0,-0.09087726520149393,R,-0.6950790750950001,1.544687574488846,-1.3307249509768369
Male, Private, HS-grad,-0.3903533538349704, Never-married, Other-service, Own-child,-0.2644126153749733,-0.45005178770075455,-0.41409147438951266,NBF,5.0,-0.09087726520149393,R,-0.6950790750950001,0.202277094440241,-0.44179117005173796
Female, Private, HS-grad,-0.3903533538349704, Never-married, Other-service, Not-in-family,-0.2644126153749733,-0.7795461180693282,-0.41409147438951266,PVT,5.0,-0.09087726520149393,R,-0.6950790750950001,-1.2987981037017584,0.7703912584824878
Male, Private, 11th,-0.9684397966118709, Married-civ-spouse, Craft-repair, Husband,-0.2644126153749733,-0.12055745733218053,-0.41409147438951266,NBF,189.0,-0.09087726520149393,I,-0.6950790750950001,0.7406674861728818,0.6895790965802056
Male, Self-emp-not-inc, HS-grad,-0.3903533538349704, Married-civ-spouse, Transport-moving, Husband,-0.2644126153749733,1.5269141945106874,2.173879596107263,PVT,5.0,-0.09087726520149393,R,-0.6950790750950001,0.7121434919089008,-0.44179117005173796
Male, Private, HS-grad,-0.3903533538349704, Married-civ-spouse, Craft-repair, Husband,2.815741845106682,-0.12055745733218053,-0.41409147438951266,PVT,5.0,-0.09087726520149393,R,-0.6950790750950001,1.1096966619631357,0.4471426108733606
Male, Private, Masters,1.0548627531072812, Divorced, Prof-specialty, Not-in-family,-0.2644126153749733,-0.9442932832536152,-0.41409147438951266,NBF,189.0,-0.09087726520149393,I,-0.6950790750950001,1.3307576175089886,1.4977007156030229
Female, Private, 9th,-1.5465262393887718, Widowed, Other-service, Not-in-family,-0.2644126153749733,-1.7680291091750493,2.173879596107263,PVT,5.0,-0.09087726520149393,R,-0.6950790750950001,0.42333804998609353,1.982573687016712
Female, Private, Some-college,-0.10131013244652015, Never-married, Other-service, Own-child,-0.2644126153749733,-0.9442932832536152,-0.74511102991817,PVT,5.0,-0.09087726520149393,R,-0.6950790750950001,-0.9921651653639628,-1.573161436683682
Female, Private, HS-grad,-0.3903533538349704, Divorced, Other-service, Own-child,-0.2644126153749733,-2.1798970221357665,-0.41409147438951266,NBF,173.0,-0.09087726520149393,I,-0.6950790750950001,-0.05800435321858563,-0.6034154938563014
Male, Private, 11th,-0.9684397966118709, Never-married, Sales, Own-child,-0.2644126153749733,-3.0036328480572005,-0.41409147438951266,PVT,5.0,-0.09087726520149393,R,-0.6950790750950001,1.2701441296980291,-1.7347857604882453
Female, Local-gov, Some-college,-0.10131013244652015, Never-married, Protective-serv, Unmarried,-0.2644126153749733,-0.12055745733218053,-0.41409147438951266,PVT,5.0,-0.09087726520149393,R,-0.6950790750950001,-0.44129552614083006,-0.9266641414654283
Male, Private, Some-college,-0.10131013244652015, Never-married, Adm-clerical, Own-child,-0.2644126153749733,0.2913104556285366,-0.41409147438951266,NBF,189.0,-0.09087726520149393,I,-0.6950790750950001,0.7905844761348487,-0.6842276557585831
Female, Private, Some-college,-0.10131013244652015, Married-civ-spouse, Sales, Wife,-0.2644126153749733,-0.20293103992432404,-0.74511102991817,PUB,173.0,-0.09087726520149393,I,-0.6950790750950001,-0.32898229872640483,0.9320155822870502
Female, Private, Some-college,-0.10131013244652015, Never-married, Protective-serv, Own-child,-0.2644126153749733,-1.7680291091750493,-0.41409147438951266,PVT,5.0,-0.09087726520149393,R,-0.6950790750950001,1.5001188334513755,-1.6539735985859636
Male, Private, Bachelors,0.7658195317188305, Never-married, Sales, Not-in-family,-0.2644126153749733,0.7031783685892541,-0.5946475955869621,PVT,5.0,-0.09087726520149393,R,-0.6950790750950001,-0.753276713403122,-0.28016684624717497
Female, Private, HS-grad,-0.3903533538349704, Never-married, Sales, Not-in-family,-0.2644126153749733,-2.5917649350964838,-0.41409147438951266,PVT,5.0,-0.09087726520149393,R,-0.6950790750950001,-1.537686555662599,-0.7650398176608648
Female, Private, 1st-4th,-2.4136559035541225, Divorced, Other-service, Unmarried,-0.2644126153749733,-0.12055745733218053,-0.41409147438951266,NBF,999.0,-0.09087726520149393,I,-0.6950790750950001,1.041952175586181,1.174452067993896
Male, Private, Bachelors,0.7658195317188305, Married-civ-spouse, Other-service, Husband,-0.2644126153749733,-0.532425370292898,-0.41409147438951266,PVT,5.0,-0.09087726520149393,R,-0.6950790750950001,-0.35750629299038583,1.174452067993896
Male, State-gov, HS-grad,-0.3903533538349704, Never-married, Craft-repair, Unmarried,-0.2644126153749733,0.7031783685892541,-0.41409147438951266,PVT,5.0,-0.09087726520149393,R,-0.6950790750950001,-0.25054131450045714,-1.00747630336771
Male, Private, Some-college,-0.10131013244652015, Never-married, Sales, Not-in-family,-0.2644126153749733,-0.12055745733218053,-0.41409147438951266,NBF,191.0,-0.09087726520149393,I,-0.6950790750950001,-1.179353877721338,-0.28016684624717497
Male, Private, Bachelors,0.7658195317188305, Married-civ-spouse, Adm-clerical, Husband,-0.2644126153749733,-0.12055745733218053,2.173879596107263,PVT,5.0,-0.09087726520149393,R,-0.6950790750950001,1.2059651426040718,0.04308180136195194
Male, Private, Some-college,-0.10131013244652015, Never-married, Craft-repair, Not-in-family,-0.2644126153749733,-0.12055745733218053,-0.74511102991817,PVT,47.0,-0.09087726520149393,I,-0.6950790750950001,0.3199385707791626,-0.8458519795631466
Male, Private, Assoc-acdm,0.4767763103303807, Married-civ-spouse, Other-service, Husband,-0.2644126153749733,-0.12055745733218053,2.173879596107263,PVT,5.0,-0.09087726520149393,R,-0.6950790750950001,0.6247887594754594,0.12389396326423367
Male, Private, 12th,-0.6793965752234207, Never-married, Craft-repair, Not-in-family,-0.2644126153749733,0.7031783685892541,-0.41409147438951266,PVT,5.0,-0.09087726520149393,R,-0.6950790750950001,-0.44307827578232883,-1.2499127890745552
Male, Local-gov, HS-grad,-0.3903533538349704, Married-civ-spouse, Protective-serv, Husband,-0.2644126153749733,-0.12055745733218053,-0.323813413790788,NBF,5.0,-0.09087726520149393,R,-0.6950790750950001,1.136437906585618,-0.11854252244261151
Male, Private, HS-grad,-0.3903533538349704, Married-civ-spouse, Craft-repair, Husband,-0.2644126153749733,0.5384312034049671,-0.41409147438951266,PVT,5.0,-0.09087726520149393,R,-0.6950790750950001,0.2486285851192099,-1.0882884652699918
Female, Private, 9th,-1.5465262393887718, Never-married, Priv-house-serv, Unmarried,-0.2644126153749733,-1.4385347788064753,-0.7150183430519285,PVT,123.0,-0.09087726520149393,I,-0.6950790750950001,-1.3986320836256916,-0.9266641414654283
Female, Private, HS-grad,-0.3903533538349704, Never-married, Other-service, Unmarried,-0.2644126153749733,-0.12055745733218053,2.173879596107263,NBF,189.0,-0.09087726520149393,I,-0.6950790750950001,0.11135686272380162,-1.4115371128791185
Male, Private, Some-college,-0.10131013244652015, Married-civ-spouse, Machine-op-inspct, Husband,-0.2644126153749733,1.5269141945106874,-0.41409147438951266,NBF,130.0,-0.09087726520149393,I,-0.6950790750950001,0.5570442730985042,-0.037730360540329785
Male, Private, Some-college,-0.10131013244652015, Married-civ-spouse, Sales, Husband,-0.2644126153749733,-0.12055745733218053,-0.41409147438951266,NBF,5.0,-0.09087726520149393,R,-0.6950790750950001,-0.13644533744453313,-0.9266641414654283
Female, Private, HS-grad,-0.3903533538349704, Never-married, Other-service, Own-child,-0.2644126153749733,-0.12055745733218053,-0.5946475955869621,PVT,5.0,-0.09087726520149393,R,-0.6950790750950001,0.8030637236253402,-0.9266641414654283
Male, Private, HS-grad,-0.3903533538349704, Divorced, Exec-managerial, Not-in-family,-0.2644126153749733,1.5269141945106874,-0.74511102991817,PVT,191.0,-0.09087726520149393,I,-0.6950790750950001,0.43938279675958264,-0.44179117005173796
Female, Private, Assoc-voc,0.18773308894193008, Married-civ-spouse, Prof-specialty, Wife,-0.2644126153749733,-3.0036328480572005,2.173879596107263,NBF,189.0,-0.09087726520149393,I,-0.6950790750950001,-0.07583184963357353,-0.8458519795631466
Male, Private, HS-grad,-0.3903533538349704, Married-civ-spouse, Machine-op-inspct, Husband,-0.2644126153749733,-0.12055745733218053,-0.41409147438951266,PVT,5.0,-0.09087726520149393,R,-0.6950790750950001,-1.592951794549062,-0.8458519795631466
Male, Private, HS-grad,-0.3903533538349704, Never-married, Transport-moving, Unmarried,-0.2644126153749733,1.1150462815499709,2.173879596107263,PVT,5.0,-0.09087726520149393,R,-0.6950790750950001,-1.4663765700026465,-0.7650398176608648
Female, Private, 9th,-1.5465262393887718, Divorced, Exec-managerial, Unmarried,-0.2644126153749733,-0.12055745733218053,-0.41409147438951266,NBF,5.0,-0.09087726520149393,R,-0.6950790750950001,-0.9012449336475234,0.6087669346779243
Male, Private, HS-grad,-0.3903533538349704, Married-civ-spouse, Machine-op-inspct, Husband,-0.2644126153749733,-0.12055745733218053,-0.74511102991817,NBF,191.0,-0.09087726520149393,I,-0.6950790750950001,-0.20597257346298686,-0.6842276557585831
Male, Private, Bachelors,0.7658195317188305, Married-civ-spouse, Prof-specialty, Husband,-0.2644126153749733,2.3506500204321217,-0.323813413790788,NBF,5.0,-0.09087726520149393,R,-0.6950790750950001,0.10600861379930525,0.2047061251665154
Male, Private, HS-grad,-0.3903533538349704, Married-civ-spouse, Exec-managerial, Husband,-0.2644126153749733,2.3506500204321217,-0.41409147438951266,PVT,5.0,-0.09087726520149393,R,-0.6950790750950001,0.2076253433647374,-0.8458519795631466
Male, State-gov, Masters,1.0548627531072812, Separated, Prof-specialty, Not-in-family,-0.2644126153749733,1.5269141945106874,-0.41409147438951266,NBF,5.0,-0.09087726520149393,R,-0.6950790750950001,-0.5607397521212505,0.7703912584824878
Male, Private, Bachelors,0.7658195317188305, Never-married, Exec-managerial, Not-in-family,-0.2644126153749733,-0.9442932832536152,-0.41409147438951266,NBF,5.0,-0.09087726520149393,R,-0.6950790750950001,0.7014469940599081,-1.3307249509768369
Male, Private, HS-grad,-0.3903533538349704, Never-married, Sales, Own-child,-0.2644126153749733,0.7031783685892541,2.173879596107263,PVT,5.0,-0.09087726520149393,R,-0.6950790750950001,1.1952686447550789,-1.573161436683682
Male, Private, Some-college,-0.10131013244652015, Never-married, Sales, Own-child,-0.2644126153749733,-1.3561611962143318,-0.41409147438951266,PVT,5.0,-0.09087726520149393,R,-0.6950790750950001,1.6552180522617725,-1.3307249509768369
Female, Private, HS-grad,-0.3903533538349704, Divorced, Other-service, Unmarried,-0.2644126153749733,-1.3561611962143318,-0.5946475955869621,PVT,5.0,-0.09087726520149393,R,-0.6950790750950001,-1.2774051080037725,0.9320155822870502
Male, Private, HS-grad,-0.3903533538349704, Never-married, Other-service, Own-child,-0.2644126153749733,-0.532425370292898,-0.41409147438951266,NBF,5.0,1.3392439082325422,R,-0.6950790750950001,0.5124755320610341,-1.4115371128791185
Male, Private, HS-grad,-0.3903533538349704, Never-married, Machine-op-inspct, Own-child,-0.2644126153749733,-0.12055745733218053,-0.41409147438951266,NBF,5.0,-0.09087726520149393,R,-0.6950790750950001,-0.6356152370642005,-0.7650398176608648
Male, Private, HS-grad,-0.3903533538349704, Never-married, Machine-op-inspct, Not-in-family,-0.2644126153749733,-0.12055745733218053,-0.41409147438951266,PVT,5.0,-0.09087726520149393,R,-0.6950790750950001,0.40907605285410287,-1.4923492747814002
Male, Private, HS-grad,-0.3903533538349704, Never-married, Other-service, Own-child,-0.2644126153749733,-0.12055745733218053,-0.41409147438951266,PVT,5.0,-0.09087726520149393,R,-0.6950790750950001,1.6801765472427554,-0.44179117005173796
Female, Private, Assoc-voc,0.18773308894193008, Divorced, Prof-specialty, Unmarried,-0.2644126153749733,0.12656329044425002,-0.41409147438951266,NBF,5.0,-0.09087726520149393,R,-0.6950790750950001,0.5909165162869816,0.2047061251665154
Male, Private, HS-grad,-0.3903533538349704, Never-married, Machine-op-inspct, Own-child,-0.2644126153749733,-0.12055745733218053,-0.41409147438951266,NBF,5.0,-0.09087726520149393,R,-0.6950790750950001,0.13988085698778263,-1.2499127890745552
Male, Private, Some-college,-0.10131013244652015, Never-married, Tech-support, Own-child,-0.2644126153749733,-0.532425370292898,-0.41409147438951266,NBF,5.0,-0.09087726520149393,R,-0.6950790750950001,1.5411220752058485,-1.4115371128791185
Male, Private, Some-college,-0.10131013244652015, Never-married, Prof-specialty, Not-in-family,-0.2644126153749733,0.2913104556285366,-0.41409147438951266,PVT,5.0,-0.09087726520149393,R,-0.6950790750950001,0.8298049682478225,-0.037730360540329785
Male, Private, HS-grad,-0.3903533538349704, Married-civ-spouse, Craft-repair, Husband,-0.2644126153749733,-0.12055745733218053,-0.41409147438951266,NBF,189.0,-0.09087726520149393,I,-0.6950790750950001,1.0383866763031835,-0.6034154938563014
Male, Self-emp-not-inc, Some-college,-0.10131013244652015, Married-civ-spouse, Sales, Husband,-0.2644126153749733,-0.12055745733218053,-0.41409147438951266,NBF,191.0,-0.09087726520149393,I,-0.6950790750950001,-1.3718908390032094,1.6593250394075854
Male, Private, HS-grad,-0.3903533538349704, Never-married, Other-service, Not-in-family,-0.2644126153749733,-0.12055745733218053,2.173879596107263,NBF,5.0,-0.09087726520149393,R,-0.6950790750950001,0.3128075722131671,-0.19935468434489326
Male, Local-gov, Some-college,-0.10131013244652015, Widowed, Prof-specialty, Unmarried,-0.2644126153749733,-0.12055745733218053,-0.41409147438951266,PVT,5.0,-0.09087726520149393,R,-0.6950790750950001,0.7174917408333976,0.9320155822870502
Male, Private, Bachelors,0.7658195317188305, Never-married, Prof-specialty, Own-child,-0.2644126153749733,1.5269141945106874,-0.41409147438951266,PVT,5.0,-0.09087726520149393,R,-0.6950790750950001,-0.39494403546186096,-1.2499127890745552
Male, Self-emp-inc, HS-grad,-0.3903533538349704, Separated, Prof-specialty, Other-relative,-0.2644126153749733,-1.3561611962143318,-0.41409147438951266,NBF,189.0,-0.09087726520149393,I,-0.6950790750950001,-0.9600756718169842,-0.7650398176608648
Male, Private, HS-grad,-0.3903533538349704, Never-married, Transport-moving, Own-child,-0.2644126153749733,-0.12055745733218053,-0.41409147438951266,NBF,5.0,-0.09087726520149393,R,-0.6950790750950001,0.9777731884922238,-0.6842276557585831
Male, Private, HS-grad,-0.3903533538349704, Married-civ-spouse, Prof-specialty, Husband,-0.2644126153749733,0.3736840382206801,-0.41409147438951266,PVT,5.0,-0.09087726520149393,R,-0.6950790750950001,-0.025914859671607046,1.3360763917984593
Female, Local-gov, Masters,1.0548627531072812, Widowed, Prof-specialty, Unmarried,3.1973906132741057,-0.532425370292898,-0.5946475955869621,PVT,5.0,-0.09087726520149393,R,-0.6950790750950001,-0.23806206700996543,1.174452067993896
Male, Private, Assoc-acdm,0.4767763103303807, Divorced, Machine-op-inspct, Not-in-family,-0.2644126153749733,2.7625179333928402,2.173879596107263,PVT,5.0,-0.09087726520149393,R,-0.6950790750950001,-0.07048360070907717,1.4977007156030229
Male, Self-emp-not-inc, Assoc-voc,0.18773308894193008, Separated, Craft-repair, Not-in-family,-0.2644126153749733,-0.12055745733218053,-0.41409147438951266,NBF,5.0,-0.09087726520149393,R,-0.6950790750950001,-0.6855322270261672,1.174452067993896
Female, Private, Some-college,-0.10131013244652015, Never-married, Adm-clerical, Not-in-family,-0.2644126153749733,-2.75651210028077,-0.41409147438951266,NBF,173.0,-0.09087726520149393,I,-0.6950790750950001,-0.4965607650272931,-1.2499127890745552
Male, Self-emp-not-inc, Some-college,-0.10131013244652015, Married-civ-spouse, Craft-repair, Husband,-0.2644126153749733,-0.12055745733218053,-0.41409147438951266,PVT,5.0,-0.09087726520149393,R,-0.6950790750950001,-1.4467663239461594,-0.6034154938563014
Male, Private, 9th,-1.5465262393887718, Never-married, Handlers-cleaners, Own-child,-0.2644126153749733,-1.1090404484379017,-0.41409147438951266,PVT,130.0,-0.09087726520149393,I,-0.6950790750950001,-0.4199025304428442,-1.4923492747814002
Female, Private, Prof-school,1.3439059744957311, Never-married, Prof-specialty, Not-in-family,-0.2644126153749733,-1.7680291091750493,-0.323813413790788,NBF,5.0,-0.09087726520149393,R,-0.6950790750950001,-0.24697581521745957,-1.0882884652699918
Female, Private, Some-college,-0.10131013244652015, Never-married, Exec-managerial, Unmarried,-0.2644126153749733,-0.12055745733218053,2.173879596107263,BRO,5.0,-0.09087726520149393,R,-0.6950790750950001,1.7193970393557294,-0.11854252244261151
Male, Self-emp-not-inc, HS-grad,-0.3903533538349704, Married-civ-spouse, Transport-moving, Husband,-0.2644126153749733,-0.532425370292898,-0.41409147438951266,PVT,5.0,-0.09087726520149393,R,-0.6950790750950001,-1.5626450506435823,-0.3609790081494562
Male, Self-emp-not-inc, Assoc-voc,0.18773308894193008, Married-civ-spouse, Farming-fishing, Husband,-0.2644126153749733,3.998121672274991,-0.41409147438951266,PVT,5.0,-0.09087726520149393,R,-0.6950790750950001,1.2576648822075371,-0.7650398176608648
Female, Private, Some-college,-0.10131013244652015, Married-civ-spouse, Other-service, Wife,-0.2644126153749733,-0.12055745733218053,-0.41409147438951266,NBF,5.0,-0.09087726520149393,R,-0.6950790750950001,-1.0260374085524402,-0.6034154938563014
Male, Private, HS-grad,-0.3903533538349704, Married-civ-spouse, Craft-repair, Husband,-0.2644126153749733,-0.12055745733218053,-0.41409147438951266,PVT,5.0,-0.09087726520149393,R,-0.6950790750950001,-0.5054745132347872,0.6895790965802056
Male, Self-emp-not-inc, HS-grad,-0.3903533538349704, Married-civ-spouse, Craft-repair, Husband,-0.2644126153749733,2.3506500204321217,-0.41409147438951266,PVT,999.0,-0.09087726520149393,I,-0.6950790750950001,0.65331275373944,1.0128277441893325
Female, Private, HS-grad,-0.3903533538349704, Married-civ-spouse, Sales, Wife,-0.2644126153749733,0.7031783685892541,-0.41409147438951266,NBF,189.0,-0.09087726520149393,I,-0.6950790750950001,-0.5411295060647634,-0.9266641414654283
Male, Private, Bachelors,0.7658195317188305, Never-married, Exec-managerial, Not-in-family,-0.2644126153749733,-0.12055745733218053,-0.41409147438951266,PVT,5.0,-0.09087726520149393,R,-0.6950790750950001,-0.022349360388609466,-1.2499127890745552
Female, Local-gov, Bachelors,0.7658195317188305, Never-married, Prof-specialty, Not-in-family,-0.2644126153749733,-0.12055745733218053,-0.5946475955869621,PVT,5.0,-0.09087726520149393,R,-0.6950790750950001,0.8137602214743334,-0.6034154938563014
Male, Private, Some-college,-0.10131013244652015, Married-civ-spouse, Farming-fishing, Husband,-0.2644126153749733,1.5269141945106874,-0.41409147438951266,PVT,173.0,-0.09087726520149393,I,-0.6950790750950001,-0.6142222413662147,-0.5226033319540196
Male, Private, 1st-4th,-2.4136559035541225, Never-married, Farming-fishing, Not-in-family,-0.2644126153749733,-0.45005178770075455,-0.323813413790788,PVT,173.0,-0.09087726520149393,I,-0.6950790750950001,-0.9868169164394665,-1.2499127890745552
Female, Private, HS-grad,-0.3903533538349704, Never-married, Handlers-cleaners, Own-child,-0.2644126153749733,-2.75651210028077,-0.41409147438951266,NBF,5.0,-0.09087726520149393,R,-0.6950790750950001,1.7176142897142304,-0.6842276557585831
Male, Private, Some-college,-0.10131013244652015, Divorced, Craft-repair, Not-in-family,-0.2644126153749733,-0.12055745733218053,-0.41409147438951266,NBF,5.0,-0.09087726520149393,R,-0.6950790750950001,1.3824573571124539,-0.6034154938563014
Male, Private, HS-grad,-0.3903533538349704, Married-civ-spouse, Craft-repair, Husband,-0.2644126153749733,-0.12055745733218053,2.173879596107263,PVT,5.0,-0.09087726520149393,R,-0.6950790750950001,0.4643412917405661,1.6593250394075854
Male, Federal-gov, HS-grad,-0.3903533538349704, Divorced, Handlers-cleaners, Not-in-family,-0.2644126153749733,-0.12055745733218053,-0.41409147438951266,NBF,999.0,-0.09087726520149393,I,-0.6950790750950001,0.020436631007362233,0.7703912584824878
Male, Private, HS-grad,-0.3903533538349704, Separated, Handlers-cleaners, Not-in-family,-0.2644126153749733,-0.12055745733218053,-0.41409147438951266,PVT,5.0,-0.09087726520149393,R,-0.6950790750950001,-0.11326959210504886,0.2047061251665154
Male, Private, Some-college,-0.10131013244652015, Married-civ-spouse, Craft-repair, Husband,-0.2644126153749733,0.7031783685892541,-0.74511102991817,PUB,121.0,-0.09087726520149393,I,-0.6950790750950001,-0.8887656861570314,1.4168885537007405
Male, Private, 12th,-0.6793965752234207, Never-married, Other-service, Unmarried,-0.2644126153749733,-0.12055745733218053,-0.41409147438951266,PVT,5.0,-0.09087726520149393,R,-0.6950790750950001,-1.6000827931150574,-1.00747630336771
Female, Private, HS-grad,-0.3903533538349704, Divorced, Adm-clerical, Unmarried,-0.2644126153749733,-0.12055745733218053,-0.41409147438951266,NBF,189.0,-0.09087726520149393,I,-0.6950790750950001,-0.19171057633099634,1.174452067993896
Male, Private, HS-grad,-0.3903533538349704, Never-married, Handlers-cleaners, Not-in-family,-0.2644126153749733,-0.12055745733218053,-0.41409147438951266,PVT,189.0,-0.09087726520149393,I,-0.6950790750950001,0.927856198530257,-1.2499127890745552
Male, Private, 7th-8th,-1.835569460777222, Married-civ-spouse, Farming-fishing, Husband,-0.2644126153749733,0.7031783685892541,-0.41409147438951266,PVT,5.0,-0.09087726520149393,R,-0.6950790750950001,-1.6375205355865325,1.5785128775053041
Male, Private, HS-grad,-0.3903533538349704, Married-civ-spouse, Craft-repair, Husband,-0.2644126153749733,-0.12055745733218053,-0.41409147438951266,PVT,5.0,-0.09087726520149393,R,-0.6950790750950001,0.2325838383457208,1.8209493632121487
Male, Private, Some-college,-0.10131013244652015, Married-civ-spouse, Handlers-cleaners, Husband,-0.2644126153749733,1.5269141945106874,-0.41409147438951266,NBF,176.0,-0.09087726520149393,I,-0.6950790750950001,1.4359398463574184,-0.7650398176608648
Male, Private, HS-grad,-0.3903533538349704, Never-married, Transport-moving, Own-child,-0.2644126153749733,-0.12055745733218053,-0.5946475955869621,PVT,178.0,-0.09087726520149393,I,-0.6950790750950001,-0.7728869594596091,-1.3307249509768369
Male, Private, Some-college,-0.10131013244652015, Never-married, Other-service, Not-in-family,-0.2644126153749733,-0.9442932832536152,-0.41409147438951266,NBF,130.0,-0.09087726520149393,I,-0.6950790750950001,0.38946580679761617,-0.6034154938563014
Female, Local-gov, HS-grad,-0.3903533538349704, Married-civ-spouse, Exec-managerial, Wife,-0.2644126153749733,-0.7795461180693282,-0.41409147438951266,NBF,123.0,-0.09087726520149393,I,-0.6950790750950001,-0.8923311854400291,1.982573687016712
Male, Private, HS-grad,-0.3903533538349704, Married-civ-spouse, Exec-managerial, Husband,-0.2644126153749733,-0.12055745733218053,-0.41409147438951266,NBF,5.0,-0.09087726520149393,R,-0.6950790750950001,1.052648673435174,-0.3609790081494562
Male, Private, Some-college,-0.10131013244652015, Never-married, Sales, Own-child,-0.2644126153749733,-0.532425370292898,-0.74511102991817,NBF,5.0,-0.09087726520149393,R,-0.6950790750950001,1.107913912321637,-1.573161436683682
Female, Private, HS-grad,-0.3903533538349704, Married-civ-spouse, Adm-clerical, Wife,-0.2644126153749733,-0.12055745733218053,-0.323813413790788,NBF,5.0,-0.09087726520149393,R,-0.6950790750950001,-0.6267014888567064,1.0128277441893325
Male, Local-gov, HS-grad,-0.3903533538349704, Divorced, Other-service, Unmarried,-0.2644126153749733,-0.12055745733218053,-0.41409147438951266,PVT,5.0,-0.09087726520149393,R,-0.6950790750950001,0.4001623046466089,-0.6034154938563014
Male, Private, Some-college,-0.10131013244652015, Never-married, Other-service, Own-child,-0.2644126153749733,-0.36767820510861104,-0.41409147438951266,PVT,189.0,-0.09087726520149393,I,-0.6950790750950001,0.6105267623434687,-1.6539735985859636
Female, Private, HS-grad,-0.3903533538349704, Divorced, Exec-managerial, Not-in-family,2.000589856575173,-0.12055745733218053,-0.41409147438951266,PVT,5.0,-0.09087726520149393,R,-0.6950790750950001,-1.1668746302308461,1.7401372013098675
Female, Private, HS-grad,-0.3903533538349704, Never-married, Exec-managerial, Not-in-family,-0.2644126153749733,-0.12055745733218053,-0.41409147438951266,PVT,130.0,-0.09087726520149393,I,-0.6950790750950001,-0.5536087535552551,-0.7650398176608648
Male, Private, HS-grad,-0.3903533538349704, Never-married, Transport-moving, Not-in-family,-0.2644126153749733,-0.12055745733218053,-0.41409147438951266,NBF,189.0,-0.09087726520149393,I,-0.6950790750950001,0.8191084703988297,-0.44179117005173796
Male, Private, 5th-6th,-2.1246126821656723, Married-civ-spouse, Farming-fishing, Husband,-0.2644126153749733,-0.12055745733218053,-0.41409147438951266,PVT,189.0,-0.09087726520149393,I,-0.6950790750950001,0.4001623046466089,-0.3609790081494562
Male, Self-emp-inc, Masters,1.0548627531072812, Never-married, Other-service, Own-child,-0.2644126153749733,4.739483915604281,-0.41409147438951266,NBF,173.0,-0.09087726520149393,I,-0.6950790750950001,0.5178237809855305,0.12389396326423367
Female, Private, Some-college,-0.10131013244652015, Divorced, Other-service, Not-in-family,-0.2644126153749733,-0.2853046225164671,-0.41409147438951266,NBF,5.0,-0.09087726520149393,R,-0.6950790750950001,1.6855247961672524,1.4977007156030229
Female, Local-gov, Bachelors,0.7658195317188305, Married-civ-spouse, Prof-specialty, Wife,-0.2644126153749733,1.5269141945106874,2.173879596107263,PVT,5.0,-0.09087726520149393,R,-0.6950790750950001,0.00974013315836912,1.3360763917984593
Male, Self-emp-not-inc, Assoc-acdm,0.4767763103303807, Married-civ-spouse, Exec-managerial, Husband,-0.2644126153749733,1.5269141945106874,-0.74511102991817,NBF,173.0,-0.09087726520149393,I,-0.6950790750950001,0.37342106002412667,0.12389396326423367
Female, State-gov, Bachelors,0.7658195317188305, Never-married, Exec-managerial, Not-in-family,-0.2644126153749733,-0.532425370292898,-0.41409147438951266,NBF,189.0,-0.09087726520149393,I,-0.6950790750950001,0.9492491942282428,-1.00747630336771
Male, Private, Some-college,-0.10131013244652015, Married-civ-spouse, Adm-clerical, Husband,-0.2644126153749733,-0.12055745733218053,-0.41409147438951266,NBF,5.0,-0.09087726520149393,R,-0.6950790750950001,-1.0688233999484116,-0.7650398176608648
Female, Private, Bachelors,0.7658195317188305, Married-civ-spouse, Adm-clerical, Wife,-0.2644126153749733,-0.12055745733218053,-0.41409147438951266,NBF,189.0,-0.09087726520149393,I,-0.6950790750950001,0.22901833906272323,-0.6842276557585831
Female, Private, 11th,-0.9684397966118709, Widowed, Adm-clerical, Not-in-family,-0.2644126153749733,-2.75651210028077,-0.41409147438951266,NBF,5.0,-0.09087726520149393,R,-0.6950790750950001,1.2630131311320336,2.1441980108212757
Male, Private, HS-grad,-0.3903533538349704, Married-civ-spouse, Transport-moving, Husband,-0.2644126153749733,-0.12055745733218053,-0.323813413790788,NBF,123.0,-0.09087726520149393,I,-0.6950790750950001,-1.2613603612302833,-0.8458519795631466
Male, Self-emp-inc, 10th,-1.2574830180003211, Married-civ-spouse, Craft-repair, Husband,-0.2644126153749733,-0.12055745733218053,-0.323813413790788,PVT,58.0,-0.09087726520149393,M,-0.6950790750950001,0.7674087307953641,1.7401372013098675
Female, Private, Assoc-voc,0.18773308894193008, Divorced, Prof-specialty, Unmarried,-0.2644126153749733,-0.12055745733218053,-0.41409147438951266,PVT,5.0,-0.09087726520149393,R,-0.6950790750950001,-0.7996282040820911,1.174452067993896
Female, State-gov, Doctorate,1.6329491958841817, Never-married, Prof-specialty, Not-in-family,-0.2644126153749733,1.5269141945106874,2.173879596107263,PVT,5.0,-0.09087726520149393,R,-0.6950790750950001,-1.1454816345328607,-0.3609790081494562
Male, Self-emp-not-inc, Some-college,-0.10131013244652015, Widowed, Exec-managerial, Other-relative,-0.2644126153749733,-1.3561611962143318,-0.41409147438951266,NBF,5.0,-0.09087726520149393,R,-0.6950790750950001,0.7139262415503996,1.4977007156030229
Male, Private, HS-grad,-0.3903533538349704, Never-married, Machine-op-inspct, Not-in-family,-0.2644126153749733,-0.12055745733218053,-0.41409147438951266,PVT,5.0,-0.09087726520149393,R,-0.6950790750950001,-0.8067592026480864,-1.00747630336771
Female, Local-gov, Masters,1.0548627531072812, Divorced, Prof-specialty, Unmarried,-0.2644126153749733,0.2913104556285366,-0.41409147438951266,PVT,5.0,-0.09087726520149393,R,-0.6950790750950001,-1.6143447902470478,1.3360763917984593
Male, Private, HS-grad,-0.3903533538349704, Never-married, Craft-repair, Own-child,-0.2644126153749733,-0.12055745733218053,-0.41409147438951266,PVT,5.0,-0.09087726520149393,R,-0.6950790750950001,-0.5678707506872457,-1.573161436683682
Male, Private, HS-grad,-0.3903533538349704, Never-married, Transport-moving, Own-child,-0.2644126153749733,-0.12055745733218053,2.173879596107263,PVT,5.0,-0.09087726520149393,R,-0.6950790750950001,-1.3629770907957155,-1.00747630336771
Male, Private, Some-college,-0.10131013244652015, Married-civ-spouse, Exec-managerial, Husband,-0.2644126153749733,1.5269141945106874,-0.41409147438951266,PVT,5.0,-0.09087726520149393,R,-0.6950790750950001,1.678393797601257,0.04308180136195194
Female, Private, HS-grad,-0.3903533538349704, Never-married, Adm-clerical, Not-in-family,-0.2644126153749733,0.7031783685892541,-0.41409147438951266,NBF,189.0,-0.09087726520149393,I,-0.6950790750950001,1.0847381669821528,-1.00747630336771
Male, Private, Masters,1.0548627531072812, Married-civ-spouse, Prof-specialty, Husband,-0.2644126153749733,-1.7680291091750493,-0.41409147438951266,NBF,173.0,-0.09087726520149393,I,-0.6950790750950001,-0.4199025304428442,-1.00747630336771
Male, Self-emp-inc, Masters,1.0548627531072812, Married-civ-spouse, Sales, Husband,-0.2644126153749733,1.1150462815499709,-0.41409147438951266,PVT,5.0,-0.09087726520149393,R,-0.6950790750950001,1.4983360838098767,0.9320155822870502
Male, Private, Bachelors,0.7658195317188305, Never-married, Exec-managerial, Unmarried,-0.2644126153749733,1.5269141945106874,2.173879596107263,NBF,179.0,-0.09087726520149393,I,-0.6950790750950001,-0.5571742528382527,-1.00747630336771
Female, Private, 5th-6th,-2.1246126821656723, Married-spouse-absent, Other-service, Unmarried,-0.2644126153749733,-0.6147989528850412,2.173879596107263,PVT,5.0,-0.09087726520149393,R,-0.6950790750950001,1.6124320608658007,0.9320155822870502
Female, Private, HS-grad,-0.3903533538349704, Married-civ-spouse, Other-service, Wife,-0.2644126153749733,-1.3561611962143318,-0.5946475955869621,PVT,5.0,-0.09087726520149393,R,-0.6950790750950001,-0.2754998094814406,1.0936399060916138
Male, Local-gov, 11th,-0.9684397966118709, Married-civ-spouse, Transport-moving, Husband,-0.2644126153749733,-0.12055745733218053,-0.41409147438951266,PVT,5.0,-0.09087726520149393,R,-0.6950790750950001,1.6284768076392904,0.2855182870687971
Male, Private, HS-grad,-0.3903533538349704, Married-civ-spouse, Exec-managerial, Husband,-0.2644126153749733,0.2913104556285366,-0.323813413790788,NBF,5.0,-0.09087726520149393,R,-0.6950790750950001,1.6980040436577433,1.174452067993896
Male, Private, Some-college,-0.10131013244652015, Married-civ-spouse, Craft-repair, Husband,-0.2644126153749733,-0.12055745733218053,-0.41409147438951266,NBF,5.0,-0.09087726520149393,R,-0.6950790750950001,0.13988085698778263,0.6087669346779243
Male, Private, 9th,-1.5465262393887718, Never-married, Other-service, Own-child,-0.2644126153749733,0.7031783685892541,-0.41409147438951266,NBF,224.0,-0.09087726520149393,R,-0.6950790750950001,0.6051785134189723,-1.3307249509768369
Female, Private, HS-grad,-0.3903533538349704, Widowed, Exec-managerial, Unmarried,-0.2644126153749733,0.2913104556285366,2.173879596107263,PVT,5.0,-0.09087726520149393,R,-0.6950790750950001,0.5730890198719938,1.2552642298961771
Female, Private, HS-grad,-0.3903533538349704, Never-married, Adm-clerical, Not-in-family,-0.2644126153749733,-0.12055745733218053,-0.323813413790788,NBF,5.0,-0.09087726520149393,R,-0.6950790750950001,-1.4556800721536538,-0.19935468434489326
Female, Private, Bachelors,0.7658195317188305, Separated, Prof-specialty, Other-relative,-0.2644126153749733,-0.12055745733218053,2.173879596107263,NBF,173.0,-0.09087726520149393,I,-0.6950790750950001,1.4038503528104398,-0.44179117005173796
Female, Private, 10th,-1.2574830180003211, Never-married, Other-service, Own-child,-0.2644126153749733,-2.4270177699121964,-0.41409147438951266,PVT,189.0,-0.09087726520149393,I,-0.6950790750950001,0.83337046753082,-1.7347857604882453
Male, Private, 11th,-0.9684397966118709, Divorced, Craft-repair, Not-in-family,-0.2644126153749733,-0.12055745733218053,-0.41409147438951266,NBF,173.0,-0.09087726520149393,I,-0.6950790750950001,-0.5375640067817659,-0.037730360540329785
Male, Private, Assoc-voc,0.18773308894193008, Married-civ-spouse, Craft-repair, Husband,-0.2644126153749733,1.5269141945106874,-0.41409147438951266,PVT,5.0,-0.09087726520149393,R,-0.6950790750950001,0.21653909157223133,1.7401372013098675
Male, Private, 5th-6th,-2.1246126821656723, Married-civ-spouse, Other-service, Husband,-0.2644126153749733,-0.12055745733218053,2.173879596107263,PVT,5.0,-0.09087726520149393,R,-0.6950790750950001,0.7157089911918983,1.4977007156030229
Male, Private, HS-grad,-0.3903533538349704, Divorced, Sales, Not-in-family,-0.2644126153749733,1.5269141945106874,-0.41409147438951266,NBF,130.0,-0.09087726520149393,I,-0.6950790750950001,0.5392167766835163,0.04308180136195194
Male, Self-emp-not-inc, Bachelors,0.7658195317188305, Married-civ-spouse, Farming-fishing, Husband,-0.2644126153749733,3.1743858463535566,-0.41409147438951266,PVT,5.0,-0.09087726520149393,R,-0.6950790750950001,-0.214886321670481,0.9320155822870502
Male, Private, Bachelors,0.7658195317188305, Married-civ-spouse, Prof-specialty, Husband,-0.2644126153749733,-0.12055745733218053,-0.41409147438951266,NBF,5.0,-0.09087726520149393,R,-0.6950790750950001,0.09887761523330972,0.5279547727756421
Male, Private, Bachelors,0.7658195317188305, Separated, Exec-managerial, Not-in-family,-0.2644126153749733,-0.532425370292898,2.173879596107263,PVT,5.0,-0.09087726520149393,R,-0.6950790750950001,-0.6552254831206874,-0.11854252244261151
Male, Private, Some-college,-0.10131013244652015, Never-married, Handlers-cleaners, Not-in-family,-0.2644126153749733,0.5384312034049671,-0.41409147438951266,PVT,5.0,-0.09087726520149393,R,-0.6950790750950001,1.4252433485084257,-0.9266641414654283
Female, Private, Some-college,-0.10131013244652015, Divorced, Tech-support, Unmarried,-0.2644126153749733,-0.45005178770075455,-0.41409147438951266,PVT,5.0,-0.09087726520149393,R,-0.6950790750950001,1.2933198750375134,0.2047061251665154
Male, Private, Masters,1.0548627531072812, Never-married, Exec-managerial, Own-child,-0.2644126153749733,-1.3561611962143318,-0.41409147438951266,PVT,5.0,-0.09087726520149393,R,-0.6950790750950001,1.4751603384703922,-1.4923492747814002
Female, Private, Masters,1.0548627531072812, Separated, Exec-managerial, Unmarried,-0.2644126153749733,-1.7680291091750493,-0.41409147438951266,NBF,5.0,-0.09087726520149393,R,-0.6950790750950001,1.0651279209256657,0.4471426108733606
Female, Private, Some-college,-0.10131013244652015, Never-married, Adm-clerical, Unmarried,-0.2644126153749733,-0.532425370292898,-0.41409147438951266,PVT,5.0,25.651303856611158,R,-0.6950790750950001,-0.6819667277431697,-0.44179117005173796
Male, Self-emp-inc, Bachelors,0.7658195317188305, Never-married, Sales, Not-in-family,-0.2644126153749733,0.7031783685892541,-0.5946475955869621,PVT,5.0,-0.09087726520149393,R,-0.6950790750950001,-1.2257053684003067,-0.8458519795631466
Male, Private, HS-grad,-0.3903533538349704, Married-civ-spouse, Other-service, Husband,-0.2644126153749733,-0.12055745733218053,-0.41409147438951266,PVT,189.0,-0.09087726520149393,I,-0.6950790750950001,-1.3291048476072382,-0.9266641414654283
Female, Private, 12th,-0.6793965752234207, Never-married, Other-service, Own-child,-0.2644126153749733,-1.7680291091750493,-0.41409147438951266,PVT,5.0,-0.09087726520149393,R,-0.6950790750950001,0.6943159954939129,-1.6539735985859636
Male, Private, HS-grad,-0.3903533538349704, Married-civ-spouse, Sales, Husband,-0.2644126153749733,-0.12055745733218053,-0.41409147438951266,NBF,5.0,-0.09087726520149393,R,-0.6950790750950001,-1.3950665843426941,1.7401372013098675
Male, Private, HS-grad,-0.3903533538349704, Never-married, Tech-support, Not-in-family,-0.2644126153749733,-0.12055745733218053,-0.41409147438951266,PVT,123.0,-0.09087726520149393,I,-0.6950790750950001,0.30389382400567316,-0.28016684624717497
Male, Private, Bachelors,0.7658195317188305, Never-married, Tech-support, Not-in-family,-0.2644126153749733,-0.12055745733218053,-0.41409147438951266,PVT,5.0,-0.09087726520149393,R,-0.6950790750950001,1.11861041017063,-0.9266641414654283
Male, Private, HS-grad,-0.3903533538349704, Divorced, Craft-repair, Own-child,-0.2644126153749733,-0.12055745733218053,-0.41409147438951266,PVT,5.0,-0.09087726520149393,R,-0.6950790750950001,-0.31115480231141673,0.2047061251665154
Male, State-gov, Masters,1.0548627531072812, Married-civ-spouse, Prof-specialty, Husband,-0.2644126153749733,0.7031783685892541,2.173879596107263,NBF,189.0,-0.09087726520149393,I,-0.6950790750950001,1.651652552978775,-0.5226033319540196
Male, Private, HS-grad,-0.3903533538349704, Married-civ-spouse, Craft-repair, Husband,-0.2644126153749733,-0.12055745733218053,-0.41409147438951266,PVT,999.0,-0.09087726520149393,I,-0.6950790750950001,1.5215118291493614,-1.1691006271722735
Female, Private, Masters,1.0548627531072812, Widowed, Sales, Not-in-family,-0.2644126153749733,-1.1914140310300452,-0.41409147438951266,NBF,189.0,-0.09087726520149393,I,-0.6950790750950001,0.44651379532557817,1.5785128775053041
Male, Federal-gov, HS-grad,-0.3903533538349704, Married-civ-spouse, Farming-fishing, Husband,-0.2644126153749733,-0.12055745733218053,-0.74511102991817,NBF,5.0,-0.09087726520149393,R,-0.6950790750950001,-0.5090400125177849,-0.6034154938563014
Male, Private, HS-grad,-0.3903533538349704, Never-married, Sales, Own-child,-0.2644126153749733,-0.2853046225164671,-0.3839987875232711,PUB,5.0,-0.09087726520149393,R,-0.6950790750950001,-0.9939479150054615,-1.573161436683682
Female, Self-emp-not-inc, Bachelors,0.7658195317188305, Never-married, Prof-specialty, Not-in-family,-0.2644126153749733,-1.7680291091750493,-0.41409147438951266,PVT,5.0,-0.09087726520149393,R,-0.6950790750950001,-1.3558460922297202,-0.9266641414654283
Male, Private, Bachelors,0.7658195317188305, Never-married, Handlers-cleaners, Unmarried,-0.2644126153749733,-0.12055745733218053,-0.41409147438951266,NBF,5.0,-0.09087726520149393,R,-0.6950790750950001,-0.8103247019310839,-1.0882884652699918
Male, Private, 5th-6th,-2.1246126821656723, Married-civ-spouse, Handlers-cleaners, Husband,-0.2644126153749733,0.8679255337735403,-0.5946475955869621,PVT,5.0,-0.09087726520149393,R,-0.6950790750950001,1.3949366046029459,1.0128277441893325
Female, Private, HS-grad,-0.3903533538349704, Divorced, Adm-clerical, Unmarried,-0.2644126153749733,-0.12055745733218053,-0.41409147438951266,PVT,5.0,-0.09087726520149393,R,-0.6950790750950001,0.776322479002858,0.6087669346779243
Male, Local-gov, HS-grad,-0.3903533538349704, Married-civ-spouse, Handlers-cleaners, Husband,-0.2644126153749733,-0.12055745733218053,-0.41409147438951266,NBF,189.0,-0.09087726520149393,I,-0.6950790750950001,-1.5055970621156203,0.9320155822870502
Male, Private, HS-grad,-0.3903533538349704, Never-married, Handlers-cleaners, Own-child,-0.2644126153749733,-2.1798970221357665,-0.41409147438951266,PVT,5.0,-0.09087726520149393,R,-0.6950790750950001,0.1612738526857681,-1.4923492747814002
Male, Private, Bachelors,0.7658195317188305, Divorced, Tech-support, Not-in-family,-0.2644126153749733,-0.12055745733218053,-0.41409147438951266,NBF,123.0,-0.09087726520149393,I,-0.6950790750950001,-0.9244206789870076,0.04308180136195194
Male, Private, 1st-4th,-2.4136559035541225, Married-civ-spouse, Handlers-cleaners, Husband,-0.2644126153749733,-0.12055745733218053,-0.41409147438951266,NBF,5.0,-0.09087726520149393,R,-0.6950790750950001,-0.5767844988947398,1.4977007156030229
Male, Private, Some-college,-0.10131013244652015, Never-married, Craft-repair, Own-child,-0.2644126153749733,-0.12055745733218053,2.173879596107263,PVT,5.0,-0.09087726520149393,R,-0.6950790750950001,-0.5446950053477612,-1.4115371128791185
Male, Private, HS-grad,-0.3903533538349704, Married-spouse-absent, Exec-managerial, Not-in-family,-0.2644126153749733,0.2913104556285366,-0.5946475955869621,FOR,5.0,-0.09087726520149393,R,-0.6950790750950001,1.1400034058686155,-1.0882884652699918
Male, Private, Bachelors,0.7658195317188305, Never-married, Exec-managerial, Own-child,-0.2644126153749733,-0.12055745733218053,2.173879596107263,PVT,5.0,-0.09087726520149393,R,-0.6950790750950001,0.27715257938319093,-1.2499127890745552
Female, Private, Bachelors,0.7658195317188305, Never-married, Prof-specialty, Not-in-family,2.514986022366049,0.0441897078521065,-0.41409147438951266,PVT,189.0,-0.09087726520149393,I,-0.6950790750950001,0.8529807135873071,-0.11854252244261151
Female, Local-gov, Assoc-acdm,0.4767763103303807, Never-married, Adm-clerical, Own-child,-0.2644126153749733,-0.2853046225164671,-0.41409147438951266,PVT,5.0,-0.09087726520149393,R,-0.6950790750950001,-1.3772390879277059,-1.0882884652699918
Female, Private, HS-grad,-0.3903533538349704, Married-civ-spouse, Craft-repair, Wife,3.1123493116715815,0.2913104556285366,-0.41409147438951266,NBF,5.0,-0.09087726520149393,R,-0.6950790750950001,1.3147128707354991,0.12389396326423367
Male, Private, HS-grad,-0.3903533538349704, Married-civ-spouse, Other-service, Husband,-0.2644126153749733,-0.532425370292898,-0.41409147438951266,NBF,189.0,-0.09087726520149393,I,-0.6950790750950001,-0.37533378940537393,-0.6034154938563014
Female, Local-gov, Doctorate,1.6329491958841817, Divorced, Prof-specialty, Not-in-family,-0.2644126153749733,-0.12055745733218053,-0.323813413790788,NBF,173.0,-0.09087726520149393,I,-0.6950790750950001,-0.5607397521212505,-0.8458519795631466
Male, Private, HS-grad,-0.3903533538349704, Never-married, Sales, Unmarried,-0.2644126153749733,-1.3561611962143318,-0.41409147438951266,NBF,5.0,-0.09087726520149393,R,-0.6950790750950001,1.5892563155263162,-1.1691006271722735
Female, Private, HS-grad,-0.3903533538349704, Married-civ-spouse, Machine-op-inspct, Wife,-0.2644126153749733,-0.12055745733218053,-0.41409147438951266,PVT,5.0,-0.09087726520149393,R,-0.6950790750950001,-1.2774051080037725,-0.7650398176608648
Female, Private, Some-college,-0.10131013244652015, Separated, Exec-managerial, Unmarried,-0.2644126153749733,-0.12055745733218053,-0.41409147438951266,PVT,5.0,-0.09087726520149393,R,-0.6950790750950001,-0.6427462356301957,1.174452067993896
Male, Private, HS-grad,-0.3903533538349704, Married-civ-spouse, Machine-op-inspct, Husband,-0.2644126153749733,0.5384312034049671,-0.41409147438951266,NBF,5.0,-0.09087726520149393,R,-0.6950790750950001,1.5803425673188218,0.4471426108733606
Male, Private, Bachelors,0.7658195317188305, Never-married, Sales, Own-child,-0.2644126153749733,-0.12055745733218053,-0.74511102991817,PVT,189.0,-0.09087726520149393,I,-0.6950790750950001,-0.2897618066134311,-0.6842276557585831
Male, Private, Some-college,-0.10131013244652015, Married-civ-spouse, Sales, Husband,-0.2644126153749733,-0.12055745733218053,-0.41409147438951266,PVT,5.0,-0.09087726520149393,R,-0.6950790750950001,-1.4984660635496252,-1.1691006271722735
Female, Private, HS-grad,-0.3903533538349704, Never-married, Adm-clerical, Own-child,-0.2644126153749733,-0.12055745733218053,2.173879596107263,PVT,5.0,-0.09087726520149393,R,-0.6950790750950001,-1.621475788813043,-0.7650398176608648
Male, Self-emp-not-inc, Some-college,-0.10131013244652015, Married-civ-spouse, Exec-managerial, Husband,-0.2644126153749733,2.3506500204321217,-0.41409147438951266,NBF,5.0,-0.09087726520149393,R,-0.6950790750950001,-1.0135581610619484,1.9017615251144309
Male, Private, Some-college,-0.10131013244652015, Never-married, Other-service, Not-in-family,-0.2644126153749733,-0.12055745733218053,-0.41409147438951266,PVT,5.0,-0.09087726520149393,R,-0.6950790750950001,0.2789353290246897,0.5279547727756421
Female, State-gov, Some-college,-0.10131013244652015, Never-married, Exec-managerial, Unmarried,-0.2644126153749733,-0.12055745733218053,-0.5946475955869621,PVT,5.0,-0.09087726520149393,R,-0.6950790750950001,0.3145903218546659,-0.19935468434489326
Female, Private, Prof-school,1.3439059744957311, Married-civ-spouse, Adm-clerical, Other-relative,-0.2644126153749733,-0.12055745733218053,-0.41409147438951266,NBF,5.0,-0.09087726520149393,R,-0.6950790750950001,1.728310787563223,0.12389396326423367
Male, Self-emp-inc, 10th,-1.2574830180003211, Married-civ-spouse, Craft-repair, Husband,-0.2644126153749733,-0.12055745733218053,-0.5946475955869621,PVT,5.0,-0.09087726520149393,R,-0.6950790750950001,-0.13109708852003676,2.305822334625839
Male, Private, Some-college,-0.10131013244652015, Married-civ-spouse, Craft-repair, Husband,-0.2644126153749733,0.2913104556285366,-0.41409147438951266,NBF,5.0,-0.09087726520149393,R,-0.6950790750950001,1.345019614640979,0.4471426108733606
Male, Private, HS-grad,-0.3903533538349704, Never-married, Machine-op-inspct, Not-in-family,-0.2644126153749733,-0.12055745733218053,-0.41409147438951266,NBF,5.0,-0.09087726520149393,R,-0.6950790750950001,-1.603648292398055,-1.1691006271722735
Male, Private, HS-grad,-0.3903533538349704, Never-married, Other-service, Not-in-family,-0.2644126153749733,-0.9442932832536152,-0.6247402824532038,NBF,5.0,-0.09087726520149393,R,-0.6950790750950001,0.36272456217513394,-0.6842276557585831
Female, Private, Some-college,-0.10131013244652015, Divorced, Adm-clerical, Not-in-family,-0.2644126153749733,-0.12055745733218053,-0.323813413790788,NBF,5.0,-0.09087726520149393,R,-0.6950790750950001,-0.35750629299038583,-0.28016684624717497
Male, Federal-gov, Some-college,-0.10131013244652015, Married-civ-spouse, Adm-clerical, Husband,-0.2644126153749733,-0.12055745733218053,-0.41409147438951266,NBF,173.0,-0.09087726520149393,I,-0.6950790750950001,1.380674607470955,0.04308180136195194
Female, Private, Assoc-acdm,0.4767763103303807, Separated, Adm-clerical, Unmarried,-0.2644126153749733,-0.12055745733218053,-0.41409147438951266,PVT,130.0,-0.09087726520149393,I,-0.6950790750950001,0.3805520585901222,0.2855182870687971
Male, Private, Prof-school,1.3439059744957311, Married-civ-spouse, Adm-clerical, Husband,-0.2644126153749733,-0.12055745733218053,-0.41409147438951266,PVT,5.0,-0.09087726520149393,R,-0.6950790750950001,1.5660805701868314,0.2047061251665154
Female, Private, HS-grad,-0.3903533538349704, Never-married, Exec-managerial, Not-in-family,-0.2644126153749733,-0.2853046225164671,-0.41409147438951266,NBF,5.0,-0.09087726520149393,R,-0.6950790750950001,1.1114794116046345,-0.19935468434489326
Female, Private, Some-college,-0.10131013244652015, Never-married, Transport-moving, Own-child,-0.2644126153749733,-2.0151498569514796,-0.41409147438951266,NBF,47.0,-0.09087726520149393,I,-0.6950790750950001,-1.5198590592476109,-1.4923492747814002
Male, Private, 10th,-1.2574830180003211, Never-married, Prof-specialty, Not-in-family,-0.2644126153749733,-0.12055745733218053,-0.41409147438951266,PVT,189.0,-0.09087726520149393,I,-0.6950790750950001,-0.38424753761286806,-0.7650398176608648
Female, Private, HS-grad,-0.3903533538349704, Married-civ-spouse, Tech-support, Wife,-0.2644126153749733,-0.12055745733218053,-0.74511102991817,PVT,5.0,-0.09087726520149393,R,-0.6950790750950001,-1.5786897974170717,-0.9266641414654283
Male, Self-emp-not-inc, Some-college,-0.10131013244652015, Married-civ-spouse, Farming-fishing, Husband,3.0107145853661264,1.5269141945106874,-0.41409147438951266,PVT,999.0,-0.09087726520149393,I,-0.6950790750950001,-0.8548934429685541,1.6593250394075854
Female, Private, Bachelors,0.7658195317188305, Never-married, Other-service, Not-in-family,-0.2644126153749733,-1.3561611962143318,-0.41409147438951266,PVT,123.0,-0.09087726520149393,I,-0.6950790750950001,1.4002848535274421,-0.6034154938563014
Male, Private, HS-grad,-0.3903533538349704, Never-married, Other-service, Other-relative,-0.2644126153749733,-0.12055745733218053,-0.41409147438951266,NBF,5.0,-0.09087726520149393,R,-0.6950790750950001,-0.6035257435172218,-1.4115371128791185
Male, Private, Some-college,-0.10131013244652015, Never-married, Craft-repair, Unmarried,-0.2644126153749733,-0.36767820510861104,-0.4742768481219959,NBF,189.0,-0.09087726520149393,I,-0.6950790750950001,-1.518076309606112,-1.00747630336771
Female, Private, Assoc-voc,0.18773308894193008, Divorced, Adm-clerical, Unmarried,-0.2644126153749733,-0.12055745733218053,2.173879596107263,NBF,189.0,-0.09087726520149393,I,-0.6950790750950001,-0.9832514171564685,-0.9266641414654283
Male, Local-gov, 10th,-1.2574830180003211, Never-married, Farming-fishing, Unmarried,-0.2644126153749733,-0.532425370292898,-0.41409147438951266,PVT,5.0,-0.09087726520149393,R,-0.6950790750950001,0.8886357064172833,0.2855182870687971
Male, Private, Bachelors,0.7658195317188305, Never-married, Prof-specialty, Not-in-family,-0.2644126153749733,-0.12055745733218053,-0.7752037167844117,PVT,5.0,-0.09087726520149393,R,-0.6950790750950001,-0.14535908565202726,-1.1691006271722735
Male, Private, HS-grad,-0.3903533538349704, Married-spouse-absent, Craft-repair, Not-in-family,-0.2644126153749733,-0.12055745733218053,-0.41409147438951266,PVT,5.0,-0.09087726520149393,R,-0.6950790750950001,0.8565462128703046,1.0128277441893325
Male, Private, HS-grad,-0.3903533538349704, Never-married, Handlers-cleaners, Not-in-family,-0.2644126153749733,0.7031783685892541,-0.41409147438951266,PVT,130.0,-0.09087726520149393,I,-0.6950790750950001,0.9581629424357367,-0.6842276557585831
Female, Private, 11th,-0.9684397966118709, Never-married, Machine-op-inspct, Unmarried,-0.2644126153749733,-2.1798970221357665,-0.5946475955869621,PVT,5.0,-0.09087726520149393,R,-0.6950790750950001,-0.7015769737996566,-1.00747630336771
Male, Private, HS-grad,-0.3903533538349704, Married-civ-spouse, Craft-repair, Husband,-0.2644126153749733,-0.12055745733218053,-0.5946475955869621,PVT,5.0,-0.09087726520149393,R,-0.6950790750950001,0.5320857781175208,1.0128277441893325
Female, Private, Some-college,-0.10131013244652015, Widowed, Other-service, Other-relative,-0.2644126153749733,0.2913104556285366,2.173879596107263,PVT,58.0,-0.09087726520149393,M,-0.6950790750950001,1.619563059431796,-0.037730360540329785
Male, Private, HS-grad,-0.3903533538349704, Married-civ-spouse, Handlers-cleaners, Own-child,-0.2644126153749733,-0.532425370292898,-0.41409147438951266,NBF,999.0,-0.09087726520149393,I,-0.6950790750950001,-0.8406314458365637,-1.1691006271722735
Female, Self-emp-not-inc, HS-grad,-0.3903533538349704, Married-civ-spouse, Sales, Wife,-0.2644126153749733,0.7031783685892541,2.173879596107263,NBF,5.0,-0.09087726520149393,R,-0.6950790750950001,-1.0616924013824163,0.7703912584824878
Male, Private, HS-grad,-0.3903533538349704, Married-civ-spouse, Craft-repair, Husband,-0.2644126153749733,-0.12055745733218053,-0.41409147438951266,PVT,5.0,-0.09087726520149393,R,-0.6950790750950001,-0.37176829012237633,-0.28016684624717497
Male, Private, HS-grad,-0.3903533538349704, Never-married, Exec-managerial, Not-in-family,-0.2644126153749733,-3.1683800132414874,-0.41409147438951266,NBF,5.0,-0.09087726520149393,R,-0.6950790750950001,-1.4877695657006322,2.0633858489189945
Female, Private, HS-grad,-0.3903533538349704, Never-married, Adm-clerical, Unmarried,-0.2644126153749733,-0.532425370292898,-0.5043695349882374,PVT,5.0,-0.09087726520149393,R,-0.6950790750950001,-0.9850341667979673,-1.00747630336771
Male, Self-emp-not-inc, HS-grad,-0.3903533538349704, Married-civ-spouse, Transport-moving, Husband,-0.2644126153749733,-0.9442932832536152,-0.3839987875232711,NBF,5.0,-0.09087726520149393,R,-0.6950790750950001,1.6480870536957772,0.04308180136195194
Female, Private, Some-college,-0.10131013244652015, Never-married, Adm-clerical, Own-child,-0.2644126153749733,-0.45005178770075455,-0.41409147438951266,NBF,5.0,-0.09087726520149393,R,-0.6950790750950001,-1.2738396087207748,1.3360763917984593
Male, Self-emp-not-inc, HS-grad,-0.3903533538349704, Married-civ-spouse, Craft-repair, Husband,-0.2644126153749733,-0.12055745733218053,-0.41409147438951266,NBF,5.0,-0.09087726520149393,R,-0.6950790750950001,-0.07939734891657148,-0.44179117005173796
Male, Local-gov, HS-grad,-0.3903533538349704, Never-married, Adm-clerical, Other-relative,-0.2644126153749733,-1.7680291091750493,-0.41409147438951266,NBF,5.0,-0.09087726520149393,R,-0.6950790750950001,0.3431143161186469,-0.8458519795631466
Male, Private, Masters,1.0548627531072812, Married-civ-spouse, Machine-op-inspct, Husband,-0.2644126153749733,-0.9442932832536152,-0.41409147438951266,NBF,5.0,-0.09087726520149393,R,-0.6950790750950001,0.9225079496057607,0.9320155822870502
Female, Federal-gov, Assoc-acdm,0.4767763103303807, Divorced, Adm-clerical, Not-in-family,3.346731435600489,-0.12055745733218053,2.173879596107263,PVT,5.0,-0.09087726520149393,R,-0.6950790750950001,-1.093781894929395,0.4471426108733606
Male, Private, HS-grad,-0.3903533538349704, Married-civ-spouse, Other-service, Husband,-0.2644126153749733,0.7031783685892541,-0.41409147438951266,NBF,191.0,-0.09087726520149393,I,-0.6950790750950001,0.39303130608061376,-0.3609790081494562
Female, Private, Some-college,-0.10131013244652015, Never-married, Adm-clerical, Unmarried,-0.2644126153749733,-0.9442932832536152,-0.323813413790788,NBF,189.0,-0.09087726520149393,I,-0.6950790750950001,0.7121434919089008,-1.3307249509768369
Male, Private, Some-college,-0.10131013244652015, Divorced, Exec-managerial, Not-in-family,-0.2644126153749733,-0.12055745733218053,2.173879596107263,PVT,5.0,-0.09087726520149393,R,-0.6950790750950001,0.4304690485520887,0.9320155822870502
Male, Private, 10th,-1.2574830180003211, Married-civ-spouse, Machine-op-inspct, Husband,-0.2644126153749733,-0.12055745733218053,-0.41409147438951266,PVT,173.0,1.3392439082325422,I,-0.6950790750950001,-0.7318837177051364,0.04308180136195194
Male, Local-gov, 11th,-0.9684397966118709, Never-married, Handlers-cleaners, Own-child,-0.2644126153749733,-0.532425370292898,2.173879596107263,PVT,5.0,-0.09087726520149393,R,-0.6950790750950001,1.5874735658848178,-1.3307249509768369
Male, Private, 9th,-1.5465262393887718, Divorced, Craft-repair, Not-in-family,-0.2644126153749733,-0.12055745733218053,-0.41409147438951266,NBF,189.0,-0.09087726520149393,I,-0.6950790750950001,0.09709486559181094,0.2855182870687971
Female, Private, HS-grad,-0.3903533538349704, Never-married, Sales, Own-child,-0.2644126153749733,-0.6971725354771846,-0.41409147438951266,NBF,177.0,4.199486255100615,I,-0.6950790750950001,-1.4396353253801644,-1.6539735985859636
Female, Private, Some-college,-0.10131013244652015, Married-spouse-absent, Sales, Not-in-family,-0.2644126153749733,-1.3561611962143318,-0.41409147438951266,NBF,5.0,-0.09087726520149393,R,-0.6950790750950001,1.4805085873948889,-0.9266641414654283
Female, Private, 10th,-1.2574830180003211, Separated, Machine-op-inspct, Unmarried,-0.2644126153749733,-0.12055745733218053,2.173879596107263,PVT,5.0,-0.09087726520149393,R,-0.6950790750950001,-0.2861963073304335,1.0128277441893325
Male, Self-emp-not-inc, Some-college,-0.10131013244652015, Married-civ-spouse, Exec-managerial, Husband,-0.2644126153749733,-0.12055745733218053,-0.74511102991817,PUB,184.0,-0.09087726520149393,I,-0.6950790750950001,-0.6195704902907111,-0.9266641414654283
Male, Self-emp-not-inc, 11th,-0.9684397966118709, Married-civ-spouse, Farming-fishing, Husband,-0.2644126153749733,0.7031783685892541,2.173879596107263,PVT,5.0,-0.09087726520149393,R,-0.6950790750950001,0.24149758655321477,1.7401372013098675
Male, Private, 1st-4th,-2.4136559035541225, Married-civ-spouse, Handlers-cleaners, Husband,-0.2644126153749733,-0.12055745733218053,-0.41409147438951266,NBF,189.0,-0.09087726520149393,I,-0.6950790750950001,1.0740416691331596,-0.19935468434489326
Male, Private, HS-grad,-0.3903533538349704, Married-spouse-absent, Transport-moving, Unmarried,-0.2644126153749733,0.7031783685892541,-0.41409147438951266,NBF,5.0,-0.09087726520149393,R,-0.6950790750950001,0.4019450542881077,0.2047061251665154
Male, Private, Some-college,-0.10131013244652015, Married-civ-spouse, Adm-clerical, Husband,-0.2644126153749733,-0.12055745733218053,-0.41409147438951266,PVT,5.0,-0.09087726520149393,R,-0.6950790750950001,1.5767770680358242,-0.3609790081494562
Female, State-gov, Assoc-acdm,0.4767763103303807, Never-married, Prof-specialty, Not-in-family,-0.2644126153749733,-2.1798970221357665,-0.41409147438951266,NBF,5.0,-0.09087726520149393,R,-0.6950790750950001,-1.346932344022226,-1.3307249509768369
Male, Private, Bachelors,0.7658195317188305, Never-married, Tech-support, Not-in-family,-0.2644126153749733,-0.36767820510861104,-0.41409147438951266,NBF,5.0,-0.09087726520149393,R,-0.6950790750950001,0.41977255070309594,-0.9266641414654283
Male, Private, HS-grad,-0.3903533538349704, Married-civ-spouse, Other-service, Husband,-0.2644126153749733,0.7031783685892541,2.173879596107263,PVT,123.0,-0.09087726520149393,I,-0.6950790750950001,-0.601742993875723,-0.7650398176608648
Male, Private, 10th,-1.2574830180003211, Married-civ-spouse, Craft-repair, Husband,3.989726642839083,-0.12055745733218053,-0.41409147438951266,PVT,5.0,-0.09087726520149393,R,-0.6950790750950001,-0.6677047306111792,0.04308180136195194
Male, Private, 10th,-1.2574830180003211, Separated, Machine-op-inspct, Own-child,-0.2644126153749733,-0.532425370292898,2.173879596107263,PVT,5.0,-0.09087726520149393,R,-0.6950790750950001,-1.2809706072867701,-0.9266641414654283
Male, Private, HS-grad,-0.3903533538349704, Married-civ-spouse, Craft-repair, Husband,-0.2644126153749733,0.4560576208128236,-0.41409147438951266,PVT,5.0,-0.09087726520149393,R,-0.6950790750950001,-1.2292708676833046,-0.6034154938563014
Female, Federal-gov, Masters,1.0548627531072812, Never-married, Exec-managerial, Not-in-family,-0.2644126153749733,0.7031783685892541,-0.41409147438951266,PVT,5.0,-0.09087726520149393,R,-0.6950790750950001,1.4894223356023828,0.9320155822870502
Male, Private, 7th-8th,-1.835569460777222, Married-civ-spouse, Other-service, Husband,-0.2644126153749733,-0.12055745733218053,-0.323813413790788,NBF,173.0,-0.09087726520149393,I,-0.6950790750950001,-0.045525105728093734,1.4168885537007405
Male, Private, Assoc-voc,0.18773308894193008, Married-civ-spouse, Prof-specialty, Husband,-0.2644126153749733,0.2913104556285366,-0.41409147438951266,NBF,189.0,-0.09087726520149393,I,-0.6950790750950001,-0.5036917635932885,-0.6034154938563014
Male, Private, Assoc-voc,0.18773308894193008, Never-married, Transport-moving, Not-in-family,-0.2644126153749733,-0.12055745733218053,-0.41409147438951266,NBF,5.0,-0.09087726520149393,R,-0.6950790750950001,-0.8317176976290696,-0.28016684624717497
Male, Private, HS-grad,-0.3903533538349704, Divorced, Handlers-cleaners, Other-relative,-0.2644126153749733,-0.12055745733218053,-0.41409147438951266,PVT,999.0,-0.09087726520149393,I,-0.6950790750950001,0.6176577609094639,-0.28016684624717497
Male, Private, Some-college,-0.10131013244652015, Married-civ-spouse, Craft-repair, Husband,-0.2644126153749733,-0.12055745733218053,-0.41409147438951266,NBF,5.0,-0.09087726520149393,R,-0.6950790750950001,-1.6143447902470478,-0.19935468434489326
Male, Self-emp-not-inc, Assoc-acdm,0.4767763103303807, Married-civ-spouse, Craft-repair, Husband,3.2036131475377045,1.9387821074714051,-0.41409147438951266,PVT,5.0,1.3392439082325422,R,-0.6950790750950001,1.0169936806051976,0.6895790965802056
Male, Private, Some-college,-0.10131013244652015, Never-married, Other-service, Not-in-family,-0.2644126153749733,-1.3561611962143318,-0.5946475955869621,PVT,5.0,-0.09087726520149393,R,-0.6950790750950001,0.8797219582097893,-1.2499127890745552
Female, Private, Some-college,-0.10131013244652015, Never-married, Sales, Other-relative,-0.2644126153749733,-1.7680291091750493,-0.41409147438951266,PVT,5.0,-0.09087726520149393,R,-0.6950790750950001,1.619563059431796,-1.4115371128791185
Female, Private, Some-college,-0.10131013244652015, Separated, Exec-managerial, Unmarried,-0.2644126153749733,1.5269141945106874,-0.41409147438951266,PVT,121.0,-0.09087726520149393,I,-0.6950790750950001,0.9866869366997177,0.8512034203847689
Male, Private, Assoc-voc,0.18773308894193008, Married-civ-spouse, Craft-repair, Husband,-0.2644126153749733,-0.12055745733218053,-0.41409147438951266,NBF,227.0,-0.09087726520149393,I,-0.6950790750950001,1.4555500924139055,0.6087669346779243
Male, Private, HS-grad,-0.3903533538349704, Married-civ-spouse, Machine-op-inspct, Husband,-0.2644126153749733,-0.12055745733218053,-0.41409147438951266,NBF,5.0,-0.09087726520149393,R,-0.6950790750950001,0.0863983677428182,-0.9266641414654283
Male, Private, Some-college,-0.10131013244652015, Married-civ-spouse, Craft-repair, Husband,-0.2644126153749733,-0.12055745733218053,-0.323813413790788,PVT,5.0,-0.09087726520149393,R,-0.6950790750950001,0.16662210161026486,0.7703912584824878
Female, Private, Some-college,-0.10131013244652015, Divorced, Adm-clerical, Unmarried,-0.2644126153749733,-0.12055745733218053,2.173879596107263,PVT,5.0,-0.09087726520149393,R,-0.6950790750950001,0.14879460519527657,-0.6842276557585831
Male, Local-gov, Bachelors,0.7658195317188305, Divorced, Prof-specialty, Not-in-family,-0.2644126153749733,0.7031783685892541,-0.41409147438951266,NBF,5.0,-0.09087726520149393,R,-0.6950790750950001,-0.8638071911760481,-0.7650398176608648
Male, Private, HS-grad,-0.3903533538349704, Never-married, Transport-moving, Not-in-family,-0.2644126153749733,-0.532425370292898,-0.41409147438951266,NBF,189.0,-0.09087726520149393,I,-0.6950790750950001,1.544687574488846,-1.6539735985859636
Female, Private, Some-college,-0.10131013244652015, Never-married, Tech-support, Not-in-family,-0.2644126153749733,-0.12055745733218053,-0.5946475955869621,PVT,5.0,-0.09087726520149393,R,-0.6950790750950001,-1.4057630821916869,-1.2499127890745552
Female, Private, HS-grad,-0.3903533538349704, Never-married, Other-service, Not-in-family,-0.2644126153749733,1.9387821074714051,-0.74511102991817,PVT,47.0,-0.09087726520149393,I,-0.6950790750950001,0.9866869366997177,0.2855182870687971
Male, Private, Some-college,-0.10131013244652015, Never-married, Craft-repair, Unmarried,-0.2644126153749733,0.7031783685892541,-0.41409147438951266,FOR,5.0,-0.09087726520149393,R,-0.6950790750950001,-1.4521145728706562,-1.1691006271722735
Female, Private, HS-grad,-0.3903533538349704, Never-married, Sales, Not-in-family,-0.2644126153749733,-0.6971725354771846,-0.41409147438951266,PVT,189.0,-0.09087726520149393,I,-0.6950790750950001,-0.8602416918930504,-0.037730360540329785
Male, State-gov, Some-college,-0.10131013244652015, Never-married, Prof-specialty, Own-child,-0.2644126153749733,-0.12055745733218053,-0.41409147438951266,PVT,121.0,-0.09087726520149393,I,-0.6950790750950001,-0.6480944845546921,-1.4923492747814002
Female, Private, HS-grad,-0.3903533538349704, Divorced, Adm-clerical, Not-in-family,-0.2644126153749733,-0.12055745733218053,-0.41409147438951266,PVT,173.0,-0.09087726520149393,I,-0.6950790750950001,1.271926879339528,-0.6842276557585831
Male, Federal-gov, HS-grad,-0.3903533538349704, Divorced, Adm-clerical, Not-in-family,-0.2644126153749733,0.2913104556285366,-0.41409147438951266,PVT,5.0,-0.09087726520149393,R,-0.6950790750950001,-1.4414180750216632,-0.7650398176608648
Female, Private, HS-grad,-0.3903533538349704, Divorced, Handlers-cleaners, Not-in-family,-0.2644126153749733,-0.12055745733218053,-0.41409147438951266,PVT,191.0,-0.09087726520149393,I,-0.6950790750950001,-1.093781894929395,0.2855182870687971
Male, Private, Assoc-acdm,0.4767763103303807, Never-married, Adm-clerical, Not-in-family,-0.2644126153749733,-0.12055745733218053,-0.5946475955869621,PVT,5.0,-0.09087726520149393,R,-0.6950790750950001,-1.2987981037017584,-1.1691006271722735
Male, Private, HS-grad,-0.3903533538349704, Divorced, Farming-fishing, Not-in-family,-0.2644126153749733,0.20893687303639308,-0.41409147438951266,PVT,5.0,-0.09087726520149393,R,-0.6950790750950001,0.034698628139352546,0.2855182870687971
Male, Private, 10th,-1.2574830180003211, Married-civ-spouse, Craft-repair, Husband,-0.2644126153749733,0.2913104556285366,-0.41409147438951266,NBF,189.0,-0.09087726520149393,I,-0.6950790750950001,1.4662465902628983,0.2855182870687971
Female, Private, HS-grad,-0.3903533538349704, Married-spouse-absent, Machine-op-inspct, Not-in-family,-0.2644126153749733,-0.12055745733218053,-0.41409147438951266,NBF,5.0,-0.09087726520149393,R,-0.6950790750950001,0.24684583547771113,0.6087669346779243
Female, Private, Some-college,-0.10131013244652015, Divorced, Adm-clerical, Unmarried,-0.2644126153749733,-0.532425370292898,-0.41409147438951266,NBF,189.0,-0.09087726520149393,I,-0.6950790750950001,1.0294729280956896,0.36633044897107886
Female, State-gov, Bachelors,0.7658195317188305, Never-married, Prof-specialty, Not-in-family,-0.2644126153749733,-0.12055745733218053,-0.41409147438951266,NBF,189.0,-0.09087726520149393,I,-0.6950790750950001,-1.0759543985144069,0.36633044897107886
Male, Private, 11th,-0.9684397966118709, , Craft-repair, Own-child,-0.2644126153749733,-0.12055745733218053,-0.41409147438951266,NBF,5.0,-0.09087726520149393,R,-0.6950790750950001,-0.41277153187684906,-0.9266641414654283
Male, Private, Some-college,-0.10131013244652015, Married-civ-spouse, Transport-moving, Husband,-0.2644126153749733,0.7031783685892541,-0.323813413790788,NBF,5.0,-0.09087726520149393,R,-0.6950790750950001,-1.5804725470585705,-0.6034154938563014
Female, Private, 9th,-1.5465262393887718, Never-married, Other-service, Unmarried,-0.2644126153749733,-0.12055745733218053,-0.41409147438951266,PVT,5.0,-0.09087726520149393,R,-0.6950790750950001,0.45186204425007453,0.4471426108733606
Female, Private, Some-college,-0.10131013244652015, Divorced, Prof-specialty, Own-child,-0.2644126153749733,-0.12055745733218053,2.173879596107263,NBF,5.0,-0.09087726520149393,R,-0.6950790750950001,-1.0260374085524402,-0.9266641414654283
Male, Private, HS-grad,-0.3903533538349704, Divorced, Farming-fishing, Not-in-family,-0.2644126153749733,-0.12055745733218053,-0.41409147438951266,NBF,5.0,-0.09087726520149393,R,-0.6950790750950001,0.9100287021152691,-1.00747630336771
Female, Self-emp-not-inc, Bachelors,0.7658195317188305, Widowed, Sales, Unmarried,-0.2644126153749733,-0.12055745733218053,-0.41409147438951266,PVT,5.0,-0.09087726520149393,R,-0.6950790750950001,-1.5162935599646132,0.8512034203847689
Female, Private, Some-college,-0.10131013244652015, Married-civ-spouse, Other-service, Wife,-0.2644126153749733,1.5269141945106874,-0.41409147438951266,NBF,5.0,-0.09087726520149393,R,-0.6950790750950001,-1.2595776115887845,-1.0882884652699918
Female, Local-gov, Bachelors,0.7658195317188305, Never-married, Exec-managerial, Not-in-family,-0.2644126153749733,0.7031783685892541,-0.41409147438951266,PVT,5.0,-0.09087726520149393,R,-0.6950790750950001,-0.08118009855807028,-0.44179117005173796
Male, Private, HS-grad,-0.3903533538349704, Never-married, Sales, Unmarried,-0.2644126153749733,-1.7680291091750493,2.173879596107263,PVT,5.0,-0.09087726520149393,R,-0.6950790750950001,-0.4199025304428442,-1.3307249509768369
Male, Self-emp-not-inc, Bachelors,0.7658195317188305, Never-married, Sales, Unmarried,-0.2644126153749733,-0.12055745733218053,-0.41409147438951266,NBF,189.0,-0.09087726520149393,I,-0.6950790750950001,1.1685274001325965,-0.6842276557585831
Male, Private, Some-college,-0.10131013244652015, Never-married, Other-service, Not-in-family,-0.2644126153749733,-0.12055745733218053,-0.41409147438951266,NBF,47.0,-0.09087726520149393,I,-0.6950790750950001,1.599952813375309,-0.8458519795631466
Male, Private, Assoc-voc,0.18773308894193008, Never-married, Other-service, Own-child,-0.2644126153749733,-0.12055745733218053,-0.41409147438951266,PVT,123.0,-0.09087726520149393,I,-0.6950790750950001,-1.651782532718523,-1.4923492747814002
Male, Private, Prof-school,1.3439059744957311, Never-married, Prof-specialty, Not-in-family,-0.2644126153749733,2.0211556900635483,-0.41409147438951266,PVT,5.0,-0.09087726520149393,R,-0.6950790750950001,0.07570186989382546,0.36633044897107886
Female, Private, HS-grad,-0.3903533538349704, Never-married, Sales, Own-child,-0.2644126153749733,-1.7680291091750493,-0.41409147438951266,NBF,189.0,-0.09087726520149393,I,-0.6950790750950001,-0.6142222413662147,-1.6539735985859636
Male, Private, HS-grad,-0.3903533538349704, Married-civ-spouse, Machine-op-inspct, Husband,-0.2644126153749733,-0.12055745733218053,-0.41409147438951266,NBF,189.0,-0.09087726520149393,I,-0.6950790750950001,-0.5821327478192362,1.174452067993896
Male, Private, 10th,-1.2574830180003211, Married-civ-spouse, Handlers-cleaners, Husband,-0.2644126153749733,-0.532425370292898,-0.41409147438951266,PVT,5.0,-0.09087726520149393,R,-0.6950790750950001,-0.21845182095347856,-1.4115371128791185
Male, Private, Assoc-voc,0.18773308894193008, Married-civ-spouse, Sales, Husband,-0.2644126153749733,-1.3561611962143318,-0.41409147438951266,NBF,189.0,-0.09087726520149393,I,-0.6950790750950001,-0.32006855051891087,0.8512034203847689
Male, Self-emp-not-inc, HS-grad,-0.3903533538349704, Married-civ-spouse, Exec-managerial, Husband,-0.2644126153749733,-0.12055745733218053,2.173879596107263,PVT,5.0,-0.09087726520149393,R,-0.6950790750950001,-0.6570082327621862,0.6087669346779243
Female, Self-emp-not-inc, HS-grad,-0.3903533538349704, Widowed, Prof-specialty, Unmarried,-0.2644126153749733,-2.097523439543623,2.173879596107263,PVT,5.0,-0.09087726520149393,R,-0.6950790750950001,-0.8121074515725827,1.8209493632121487
Female, Private, Some-college,-0.10131013244652015, DIVORCED, Exec-managerial, Not-in-family,-0.2644126153749733,-0.2853046225164671,-0.41409147438951266,NBF,189.0,-0.09087726520149393,I,-0.6950790750950001,-1.4128940807576822,0.7703912584824878
Male, Private, 9th,-1.5465262393887718, Divorced, Craft-repair, Not-in-family,-0.2644126153749733,-0.12055745733218053,2.173879596107263,PVT,5.0,-0.09087726520149393,R,-0.6950790750950001,-0.008087363256618777,0.4471426108733606
Male, Self-emp-inc, Bachelors,0.7658195317188305, Married-civ-spouse, Craft-repair, Husband,-0.2644126153749733,1.5269141945106874,-0.41409147438951266,PVT,5.0,-0.09087726520149393,R,-0.6950790750950001,1.6944385443747456,-0.11854252244261151
Male, Private, Some-college,-0.10131013244652015, Married-civ-spouse, Sales, Husband,3.3446572575126226,0.7031783685892541,-0.41409147438951266,NBF,189.0,-0.09087726520149393,I,-0.6950790750950001,0.9545974431527392,0.5279547727756421
Female, Self-emp-not-inc, Bachelors,0.7658195317188305, Married-civ-spouse, Prof-specialty, Wife,-0.2644126153749733,-2.75651210028077,-0.41409147438951266,PVT,5.0,-0.09087726520149393,R,-0.6950790750950001,-0.39494403546186096,1.3360763917984593
Female, Self-emp-not-inc, Some-college,-0.10131013244652015, Married-civ-spouse, Adm-clerical, Wife,-0.2644126153749733,-1.7680291091750493,-0.6247402824532038,PVT,5.0,-0.09087726520149393,R,-0.6950790750950001,-0.2416275662929632,-0.11854252244261151
Male, Private, 11th,-0.9684397966118709, Married-civ-spouse, Craft-repair, Husband,-0.2644126153749733,-0.12055745733218053,-0.41409147438951266,NBF,189.0,-0.09087726520149393,I,-0.6950790750950001,-1.4182423296821787,-0.6034154938563014
Female, Private, Assoc-acdm,0.4767763103303807, Divorced, Adm-clerical, Unmarried,-0.2644126153749733,-0.12055745733218053,-0.5946475955869621,PVT,5.0,-0.09087726520149393,R,-0.6950790750950001,0.3199385707791626,0.7703912584824878
Male, Private, HS-grad,-0.3903533538349704, Divorced, Transport-moving, Not-in-family,-0.2644126153749733,0.2913104556285366,-0.5946475955869621,PVT,5.0,-0.09087726520149393,R,-0.6950790750950001,0.49999628457054224,1.4977007156030229
Male, Private, HS-grad,-0.3903533538349704, Married-civ-spouse, Sales, Husband,-0.2644126153749733,-0.12055745733218053,-0.41409147438951266,NBF,5.0,-0.09087726520149393,R,-0.6950790750950001,0.43938279675958264,0.8512034203847689
Male, Private, Assoc-voc,0.18773308894193008, Never-married, Craft-repair, Not-in-family,-0.2644126153749733,0.20893687303639308,-0.41409147438951266,NBF,5.0,-0.09087726520149393,R,-0.6950790750950001,-0.3307650483679038,0.2855182870687971
Male, Private, 12th,-0.6793965752234207, Never-married, Other-service, Own-child,-0.2644126153749733,-1.9327762743593362,-0.41409147438951266,PVT,5.0,-0.09087726520149393,R,-0.6950790750950001,-0.7800179580256043,-1.6539735985859636
Female, Private, HS-grad,-0.3903533538349704, WIDOWED, Tech-support, Unmarried,-0.2644126153749733,-0.12055745733218053,-0.41409147438951266,NBF,123.0,-0.09087726520149393,I,-0.6950790750950001,0.3235040700621602,1.0128277441893325
Female, Private, Bachelors,0.7658195317188305, Divorced, Sales, Not-in-family,-0.2644126153749733,-0.12055745733218053,-0.41409147438951266,PVT,5.0,-0.09087726520149393,R,-0.6950790750950001,-1.1543953827403546,0.04308180136195194
Female, Private, Bachelors,0.7658195317188305, Never-married, Prof-specialty, Not-in-family,-0.2644126153749733,-0.12055745733218053,-0.323813413790788,NBF,189.0,-0.09087726520149393,I,-0.6950790750950001,1.4145468506594325,-0.8458519795631466
Female, Self-emp-not-inc, 11th,-0.9684397966118709, Separated, Other-service, Unmarried,-0.2644126153749733,-0.9442932832536152,-0.41409147438951266,NBF,189.0,-0.09087726520149393,I,-0.6950790750950001,1.6373905558467838,0.2855182870687971
Female, Private, HS-grad,-0.3903533538349704, Never-married, Adm-clerical, Not-in-family,3.089533352705051,-0.12055745733218053,-0.74511102991817,NBF,195.0,1.3392439082325422,I,-0.6950790750950001,-0.6980114745166589,-0.44179117005173796
Male, Local-gov, Bachelors,0.7658195317188305, Married-civ-spouse, Protective-serv, Husband,-0.2644126153749733,2.1859028552478357,-0.41409147438951266,NBF,5.0,-0.09087726520149393,R,-0.6950790750950001,1.3610643614144684,-0.9266641414654283
Male, Private, Some-college,-0.10131013244652015, Never-married, Farming-fishing, Own-child,-0.2644126153749733,-0.12055745733218053,-0.5946475955869621,PVT,999.0,-0.09087726520149393,I,-0.6950790750950001,-0.08296284819956906,-1.4923492747814002
Female, Private, HS-grad,-0.3903533538349704, Never-married, Other-service, Not-in-family,-0.2644126153749733,-0.12055745733218053,-0.41409147438951266,NBF,5.0,-0.09087726520149393,R,-0.6950790750950001,-1.4574628217951524,0.8512034203847689
Male, Private, HS-grad,-0.3903533538349704, Married-civ-spouse, Handlers-cleaners, Husband,3.3446572575126226,-0.532425370292898,-0.5946475955869621,PVT,5.0,-0.09087726520149393,R,-0.6950790750950001,-0.990382415722464,0.6087669346779243
Male, Private, HS-grad,-0.3903533538349704, Married-civ-spouse, Sales, Husband,-0.2644126153749733,0.8679255337735403,-0.41409147438951266,NBF,999.0,-0.09087726520149393,I,-0.6950790750950001,-0.23806206700996543,-1.0882884652699918
Male, Private, 9th,-1.5465262393887718, Never-married, Other-service, Own-child,-0.2644126153749733,-0.12055745733218053,-0.41409147438951266,PVT,5.0,-0.09087726520149393,R,-0.6950790750950001,-1.4021975829086892,-1.7347857604882453
Male, Private, HS-grad,-0.3903533538349704, Married-civ-spouse, Sales, Husband,-0.2644126153749733,-0.12055745733218053,-0.41409147438951266,NBF,123.0,-0.09087726520149393,I,-0.6950790750950001,0.46612404138206487,1.2552642298961771
Male, Private, HS-grad,-0.3903533538349704, Married-civ-spouse, Handlers-cleaners, Husband,-0.2644126153749733,-0.12055745733218053,-0.41409147438951266,NBF,5.0,-0.09087726520149393,R,-0.6950790750950001,1.0883036662651502,-0.9266641414654283
Female, Private, Assoc-voc,0.18773308894193008, Never-married, Prof-specialty, Not-in-family,-0.2644126153749733,-0.12055745733218053,2.173879596107263,PVT,5.0,-0.09087726520149393,R,-0.6950790750950001,1.2523166332830409,-0.6842276557585831
Male, Self-emp-not-inc, Bachelors,0.7658195317188305, Married-civ-spouse, Farming-fishing, Husband,-0.2644126153749733,1.5269141945106874,-0.534462221854479,NBF,123.0,-0.09087726520149393,I,-0.6950790750950001,-1.1276541381178722,-0.037730360540329785
Male, Private, HS-grad,-0.3903533538349704, Married-civ-spouse, Transport-moving, Husband,3.989726642839083,1.1150462815499709,-0.41409147438951266,NBF,5.0,-0.09087726520149393,R,-0.6950790750950001,1.5856908162433185,-0.3609790081494562
Female, Private, Assoc-acdm,0.4767763103303807, Never-married, Other-service, Not-in-family,-0.2644126153749733,-0.9442932832536152,-0.41409147438951266,PVT,5.0,-0.09087726520149393,R,-0.6950790750950001,1.2451856347170456,-0.11854252244261151
Male, State-gov, Assoc-voc,0.18773308894193008, Married-civ-spouse, Exec-managerial, Husband,-0.2644126153749733,-0.12055745733218053,-0.41409147438951266,NBF,5.0,-0.09087726520149393,R,-0.6950790750950001,1.3592816117729696,1.0936399060916138
Male, Private, Bachelors,0.7658195317188305, Never-married, Prof-specialty, Own-child,-0.2644126153749733,-0.12055745733218053,-0.41409147438951266,NBF,189.0,-0.09087726520149393,I,-0.6950790750950001,-1.179353877721338,-1.2499127890745552
Male, State-gov, HS-grad,-0.3903533538349704, Married-civ-spouse, Protective-serv, Husband,-0.2644126153749733,0.0441897078521065,-0.323813413790788,NBF,5.0,-0.09087726520149393,R,-0.6950790750950001,-1.3291048476072382,-0.7650398176608648
Female, Local-gov, Bachelors,0.7658195317188305, Never-married, Prof-specialty, Not-in-family,-0.2644126153749733,-0.12055745733218053,-0.41409147438951266,NBF,5.0,-0.09087726520149393,R,-0.6950790750950001,-0.5981774945927254,-1.2499127890745552
Male, Private, Bachelors,0.7658195317188305, Never-married, Exec-managerial, Not-in-family,-0.2644126153749733,0.0441897078521065,-0.41409147438951266,NBF,5.0,-0.09087726520149393,R,-0.6950790750950001,1.4626810909799006,-0.6842276557585831
Male, Private, Bachelors,0.7658195317188305, Married-civ-spouse, Sales, Husband,-0.2644126153749733,0.7031783685892541,-0.41409147438951266,PVT,191.0,-0.09087726520149393,I,-0.6950790750950001,1.5749943183943258,0.5279547727756421
Male, Private, HS-grad,-0.3903533538349704, Married-civ-spouse, Machine-op-inspct, Husband,-0.2644126153749733,-0.12055745733218053,-0.5946475955869621,PVT,5.0,-0.09087726520149393,R,-0.6950790750950001,-0.29867555482092506,-1.00747630336771
Male, Private, Some-college,-0.10131013244652015, Married-civ-spouse, Machine-op-inspct, Husband,-0.2644126153749733,-0.12055745733218053,-0.6548329693194453,NBF,5.0,-0.09087726520149393,R,-0.6950790750950001,0.6675747508714307,-1.2499127890745552
Male, Private, HS-grad,-0.3903533538349704, Divorced, Handlers-cleaners, Unmarried,-0.2644126153749733,-0.12055745733218053,-0.3839987875232711,PVT,58.0,-0.09087726520149393,M,-0.6950790750950001,1.4662465902628983,0.2855182870687971
Female, Private, Some-college,-0.10131013244652015, Widowed, Adm-clerical, Not-in-family,-0.2644126153749733,-1.3561611962143318,-0.74511102991817,NBF,123.0,-0.09087726520149393,I,-0.6950790750950001,0.39481405572211253,2.7098831441372484
Male, Private, Bachelors,0.7658195317188305, Married-civ-spouse, Sales, Husband,-0.2644126153749733,0.2913104556285366,2.173879596107263,NBF,189.0,1.3392439082325422,I,-0.6950790750950001,-1.5679932995680788,-1.1691006271722735
Male, Private, 9th,-1.5465262393887718, Never-married, Craft-repair, Not-in-family,-0.2644126153749733,-0.12055745733218053,-0.41409147438951266,NBF,227.0,-0.09087726520149393,I,-0.6950790750950001,-1.3130601008337486,-0.28016684624717497
Male, Private, HS-grad,-0.3903533538349704, Never-married, Handlers-cleaners, Not-in-family,-0.2644126153749733,-0.12055745733218053,-0.41409147438951266,PVT,5.0,-0.09087726520149393,R,-0.6950790750950001,1.4680293399043969,-1.1691006271722735
Female, Private, Bachelors,0.7658195317188305, Divorced, Other-service, Not-in-family,-0.2644126153749733,-0.532425370292898,-0.41409147438951266,PVT,5.0,-0.09087726520149393,R,-0.6950790750950001,1.7051350422237384,0.36633044897107886
Female, Private, Some-college,-0.10131013244652015, Divorced, Exec-managerial, Unmarried,-0.2644126153749733,-0.12055745733218053,-0.41409147438951266,NBF,5.0,-0.09087726520149393,R,-0.6950790750950001,0.6016130141359748,0.6895790965802056
Male, Local-gov, HS-grad,-0.3903533538349704, Married-civ-spouse, Transport-moving, Husband,-0.2644126153749733,-0.12055745733218053,-0.41409147438951266,PVT,5.0,-0.09087726520149393,R,-0.6950790750950001,0.751363984021875,-0.6034154938563014
Male, Private, HS-grad,25.91257979251401, Married-civ-spouse, Exec-managerial, Husband,-0.2644126153749733,-0.12055745733218053,-0.74511102991817,NBF,177.0,-0.09087726520149393,I,-0.6950790750950001,0.0008263849508751716,2.386634496528121
Female, Private, Bachelors,0.7658195317188305, Never-married, Adm-clerical, Other-relative,-0.2644126153749733,-0.12055745733218053,-0.41409147438951266,PVT,5.0,-0.09087726520149393,R,-0.6950790750950001,0.17375310017626,-1.00747630336771
Male, Private, HS-grad,-0.3903533538349704, Divorced, Other-service, Not-in-family,-0.2644126153749733,-0.12055745733218053,-0.5946475955869621,PVT,5.0,-0.09087726520149393,R,-0.6950790750950001,0.18623234766675154,0.2855182870687971
Male, Self-emp-not-inc, 9th,-1.5465262393887718, Married-civ-spouse, Craft-repair, Husband,-0.2644126153749733,-0.12055745733218053,-0.323813413790788,NBF,191.0,-0.09087726520149393,I,-0.6950790750950001,-0.16318658206701553,-0.6034154938563014
Male, State-gov, Bachelors,0.7658195317188305, Married-civ-spouse, Prof-specialty, Husband,-0.2644126153749733,-1.7680291091750493,-0.41409147438951266,PVT,5.0,-0.09087726520149393,R,-0.6950790750950001,1.722962538638727,-0.8458519795631466
Female, Private, Bachelors,0.7658195317188305, Divorced, Prof-specialty, Not-in-family,-0.2644126153749733,0.7031783685892541,2.173879596107263,PVT,5.0,-0.09087726520149393,R,-0.6950790750950001,-1.489552315342131,-0.19935468434489326
Male, Private, HS-grad,-0.3903533538349704, Married-civ-spouse, Machine-op-inspct, Husband,-0.2644126153749733,-0.12055745733218053,-0.323813413790788,NBF,189.0,1.3392439082325422,I,-0.6950790750950001,-0.8780691883080387,1.9017615251144309
Male, Private, HS-grad,-0.3903533538349704, Never-married, Farming-fishing, Own-child,-0.2644126153749733,-1.4385347788064753,-0.323813413790788,NBF,5.0,-0.09087726520149393,R,-0.6950790750950001,0.7157089911918983,-1.4115371128791185
Female, Private, Some-college,-0.10131013244652015, Never-married, Adm-clerical, Own-child,-0.2644126153749733,-1.7680291091750493,2.173879596107263,PVT,5.0,-0.09087726520149393,R,-0.6950790750950001,-0.7978454544405923,-1.4115371128791185
Female, Private, Some-college,-0.10131013244652015, Never-married, Other-service, Own-child,-0.2644126153749733,-1.3561611962143318,-0.41409147438951266,PVT,5.0,-0.09087726520149393,R,-0.6950790750950001,1.621345809073295,-1.3307249509768369
Male, Private, 10th,-1.2574830180003211, Married-civ-spouse, Craft-repair, Husband,-0.2644126153749733,-0.12055745733218053,-0.41409147438951266,PVT,999.0,-0.09087726520149393,I,-0.6950790750950001,-0.6035257435172218,-0.6842276557585831
Female, Private, HS-grad,-0.3903533538349704, Widowed, Adm-clerical, Not-in-family,-0.2644126153749733,-0.12055745733218053,-0.41409147438951266,NBF,5.0,-0.09087726520149393,R,-0.6950790750950001,-1.1918331252118295,2.0633858489189945
Male, Private, HS-grad,-0.3903533538349704, Never-married, Craft-repair, Other-relative,-0.2644126153749733,-0.12055745733218053,-0.41409147438951266,PVT,5.0,-0.09087726520149393,R,-0.6950790750950001,1.0455176748691786,-1.0882884652699918
Male, Private, HS-grad,-0.3903533538349704, Married-civ-spouse, Farming-fishing, Husband,-0.2644126153749733,-0.12055745733218053,2.173879596107263,PUB,177.0,-0.09087726520149393,I,-0.6950790750950001,0.4447310456840794,-0.9266641414654283
Male, Private, HS-grad,-0.3903533538349704, Married-civ-spouse, Craft-repair, Husband,-0.2644126153749733,-0.12055745733218053,-0.5946475955869621,PVT,5.0,-0.09087726520149393,R,-0.6950790750950001,0.8066292229083378,-0.5226033319540196
Male, Private, HS-grad,-0.3903533538349704, Married-civ-spouse, Machine-op-inspct, Husband,-0.2644126153749733,-0.12055745733218053,-0.41409147438951266,NBF,177.0,-0.09087726520149393,I,-0.6950790750950001,-0.5339985074987682,0.6895790965802056
Male, Private, HS-grad,-0.3903533538349704, Never-married, Other-service, Unmarried,-0.2644126153749733,-0.532425370292898,-0.323813413790788,NBF,189.0,-0.09087726520149393,I,-0.6950790750950001,0.7085779926259033,-1.2499127890745552
Male, Private, Some-college,-0.10131013244652015, Married-civ-spouse, Handlers-cleaners, Husband,-0.2644126153749733,-0.12055745733218053,-0.323813413790788,NBF,189.0,-0.09087726520149393,I,-0.6950790750950001,-0.7069252227241529,-0.3609790081494562
Male, Private, Assoc-voc,0.18773308894193008, Never-married, Other-service, Not-in-family,-0.2644126153749733,-0.12055745733218053,-0.41409147438951266,NBF,5.0,-0.09087726520149393,R,-0.6950790750950001,-0.0027391143321224077,-0.11854252244261151
Male, Private, HS-grad,-0.3903533538349704, Never-married, Other-service, Own-child,-0.2644126153749733,-0.9442932832536152,-0.41409147438951266,NBF,5.0,-0.09087726520149393,R,-0.6950790750950001,1.1667446504910979,-0.28016684624717497
Female, Private, Some-college,-0.10131013244652015, Never-married, Exec-managerial, Not-in-family,-0.2644126153749733,-0.12055745733218053,-0.5946475955869621,PVT,5.0,-0.09087726520149393,R,-0.6950790750950001,-0.5322157578572695,-1.2499127890745552
Male, Private, HS-grad,-0.3903533538349704, Never-married, Transport-moving, Other-relative,-0.2644126153749733,0.7031783685892541,-0.7150183430519285,PUB,58.0,-0.09087726520149393,M,-0.6950790750950001,-0.933334427194502,-0.7650398176608648
Male, Private, Some-college,-0.10131013244652015, Never-married, Craft-repair, Not-in-family,-0.2644126153749733,-0.12055745733218053,-0.41409147438951266,NBF,191.0,-0.09087726520149393,I,-0.6950790750950001,1.3432368649994801,-1.2499127890745552
Female, Private, HS-grad,-0.3903533538349704, Divorced, Other-service, Not-in-family,-0.2644126153749733,-0.532425370292898,-0.41409147438951266,NBF,189.0,-0.09087726520149393,I,-0.6950790750950001,1.0027316834732072,-0.28016684624717497
Female, Local-gov, Bachelors,0.7658195317188305, Never-married, Prof-specialty, Not-in-family,-0.2644126153749733,-0.12055745733218053,-0.41409147438951266,NBF,189.0,-0.09087726520149393,I,-0.6950790750950001,-1.0242546589109414,-0.9266641414654283
Female, Private, HS-grad,-0.3903533538349704, Never-married, Adm-clerical, Not-in-family,-0.2644126153749733,2.3506500204321217,-0.41409147438951266,PVT,5.0,-0.09087726520149393,R,-0.6950790750950001,1.4929878348853804,0.12389396326423367
Male, Private, Bachelors,0.7658195317188305, Married-civ-spouse, Sales, Husband,-0.2644126153749733,1.9387821074714051,-0.74511102991817,PVT,5.0,-0.09087726520149393,R,-0.6950790750950001,-0.045525105728093734,-0.6034154938563014
Female, Private, Assoc-acdm,0.4767763103303807, Never-married, Prof-specialty, Not-in-family,-0.2644126153749733,-0.12055745733218053,-0.323813413790788,PVT,189.0,-0.09087726520149393,I,-0.6950790750950001,0.5784372687964902,-1.0882884652699918
Female, Private, Some-college,-0.10131013244652015, Never-married, Protective-serv, Unmarried,-0.2644126153749733,-0.12055745733218053,-0.41409147438951266,PVT,189.0,-0.09087726520149393,I,-0.6950790750950001,0.3413315664771481,-0.19935468434489326
Male, Private, 10th,-1.2574830180003211, Divorced, Craft-repair, Not-in-family,-0.2644126153749733,-0.12055745733218053,-0.41409147438951266,NBF,5.0,-0.09087726520149393,R,-0.6950790750950001,-0.14357633601052847,-0.037730360540329785
Male, Private, HS-grad,-0.3903533538349704, Widowed, Craft-repair, Not-in-family,-0.2644126153749733,-0.12055745733218053,-0.41409147438951266,NBF,189.0,-0.09087726520149393,I,-0.6950790750950001,-0.36285454191488237,1.0936399060916138
Male, Private, HS-grad,-0.3903533538349704, Married-spouse-absent, Protective-serv, Not-in-family,-0.2644126153749733,-0.12055745733218053,2.173879596107263,PVT,5.0,-0.09087726520149393,R,-0.6950790750950001,-1.0135581610619484,-1.00747630336771
Female, State-gov, Masters,1.0548627531072812, Never-married, Prof-specialty, Not-in-family,-0.2644126153749733,-0.36767820510861104,2.173879596107263,PVT,5.0,-0.09087726520149393,R,-0.6950790750950001,0.3716383103826279,-1.0882884652699918
Male, Private, 10th,-1.2574830180003211, Never-married, Transport-moving, Not-in-family,-0.2644126153749733,-0.12055745733218053,-0.41409147438951266,NBF,5.0,-0.09087726520149393,R,-0.6950790750950001,-1.2809706072867701,0.2855182870687971
Male, Private, Some-college,-0.10131013244652015, Never-married, Other-service, Own-child,-0.2644126153749733,-0.532425370292898,-0.323813413790788,NBF,189.0,-0.09087726520149393,I,-0.6950790750950001,0.7584949825878701,-1.4115371128791185
Male, Self-emp-not-inc, HS-grad,-0.3903533538349704, Married-civ-spouse, Farming-fishing, Husband,-0.2644126153749733,3.5862537593142743,-0.41409147438951266,PVT,47.0,-0.09087726520149393,I,-0.6950790750950001,-0.753276713403122,-0.6842276557585831
Male, State-gov, Assoc-acdm,0.4767763103303807, Never-married, Prof-specialty, Not-in-family,-0.2644126153749733,-0.9442932832536152,-0.41409147438951266,PVT,5.0,-0.09087726520149393,R,-0.6950790750950001,0.2860663275906849,-1.4923492747814002
Male, Private, HS-grad,-0.3903533538349704, Married-civ-spouse, Transport-moving, Husband,3.6806741077469844,0.2913104556285366,-0.41409147438951266,PVT,5.0,-0.09087726520149393,R,-0.6950790750950001,-0.8103247019310839,-0.9266641414654283
Male, Private, HS-grad,-0.3903533538349704, Married-civ-spouse, Craft-repair, Husband,-0.2644126153749733,-0.12055745733218053,2.173879596107263,PVT,5.0,-0.09087726520149393,R,-0.6950790750950001,0.5552615234570055,1.7401372013098675
Female, Private, Bachelors,0.7658195317188305, Divorced, Exec-managerial, Not-in-family,-0.2644126153749733,-0.12055745733218053,-0.41409147438951266,NBF,5.0,-0.09087726520149393,R,-0.6950790750950001,0.722839989757894,0.36633044897107886
Male, Private, HS-grad,-0.3903533538349704, Divorced, Transport-moving, Not-in-family,-0.2644126153749733,1.5269141945106874,-0.41409147438951266,NBF,189.0,-0.09087726520149393,I,-0.6950790750950001,-1.2096606216268178,-0.28016684624717497
Male, Private, Masters,1.0548627531072812, Married-civ-spouse, Exec-managerial, Husband,-0.2644126153749733,-0.12055745733218053,-0.323813413790788,PVT,173.0,-0.09087726520149393,I,-0.6950790750950001,-1.1472643841743593,0.6895790965802056
Male, Private, Assoc-acdm,0.4767763103303807, Divorced, Prof-specialty, Not-in-family,-0.2644126153749733,0.7031783685892541,-0.41409147438951266,NBF,5.0,-0.09087726520149393,R,-0.6950790750950001,-0.11505234174654765,0.12389396326423367
Male, Private, HS-grad,-0.3903533538349704, Never-married, Machine-op-inspct, Own-child,-0.2644126153749733,-0.12055745733218053,-0.5946475955869621,PVT,5.0,-0.09087726520149393,R,-0.6950790750950001,0.23971483691171597,-1.4923492747814002
Female, Private, Some-college,-0.10131013244652015, Never-married, Adm-clerical, Own-child,-0.2644126153749733,-0.12055745733218053,-0.5946475955869621,PVT,189.0,-0.09087726520149393,I,-0.6950790750950001,0.6176577609094639,-1.0882884652699918
Male, Private, HS-grad,-0.3903533538349704, Married-civ-spouse, Transport-moving, Husband,-0.2644126153749733,0.2913104556285366,-0.74511102991817,PUB,47.0,-0.09087726520149393,I,-0.6950790750950001,-1.1526126330988558,-0.3609790081494562
Female, State-gov, Bachelors,0.7658195317188305, Separated, Prof-specialty, Not-in-family,-0.2644126153749733,-0.12055745733218053,2.173879596107263,PVT,5.0,-0.09087726520149393,R,-0.6950790750950001,0.48395153779705313,0.5279547727756421
Female, Private, Assoc-acdm,0.4767763103303807, Widowed, Adm-clerical, Unmarried,-0.2644126153749733,-0.12055745733218053,-0.41409147438951266,PVT,5.0,-0.09087726520149393,R,-0.6950790750950001,-1.432504326814169,0.6087669346779243
Female, Private, Some-college,-0.10131013244652015, Never-married, Adm-clerical, Not-in-family,-0.2644126153749733,-0.532425370292898,-0.41409147438951266,PVT,47.0,-0.09087726520149393,I,-0.6950790750950001,1.1239586590951265,-1.3307249509768369
Female, State-gov, Some-college,-0.10131013244652015, Divorced, Machine-op-inspct, Not-in-family,-0.2644126153749733,-0.2853046225164671,-0.41409147438951266,NBF,5.0,-0.09087726520149393,R,-0.6950790750950001,0.7602777322293689,0.2047061251665154
Male, Private, Bachelors,0.7658195317188305, Never-married, Adm-clerical, Not-in-family,-0.2644126153749733,0.7031783685892541,-0.41409147438951266,NBF,58.0,-0.09087726520149393,M,-0.6950790750950001,-1.6553480320015206,-0.6842276557585831
Female, Private, 7th-8th,-1.835569460777222, Never-married, Other-service, Own-child,-0.2644126153749733,-0.9442932832536152,-0.5946475955869621,PVT,58.0,-0.09087726520149393,M,-0.6950790750950001,-0.29689280517942623,1.4168885537007405
Male, Private, Assoc-acdm,0.4767763103303807, Divorced, Prof-specialty, Not-in-family,-0.2644126153749733,3.1743858463535566,-0.5946475955869621,PVT,5.0,-0.09087726520149393,R,-0.6950790750950001,-0.5839154974607349,0.2047061251665154
Male, Self-emp-not-inc, HS-grad,-0.3903533538349704, Married-civ-spouse, Other-service, Husband,-0.2644126153749733,1.5269141945106874,-0.74511102991817,PVT,189.0,-0.09087726520149393,I,-0.6950790750950001,0.6265715091169581,0.9320155822870502
Male, Private, 9th,-1.5465262393887718, Never-married, Machine-op-inspct, Not-in-family,-0.2644126153749733,0.7031783685892541,-0.41409147438951266,NBF,5.0,-0.09087726520149393,R,-0.6950790750950001,1.7247452882802254,-0.44179117005173796
Male, Private, Masters,1.0548627531072812, Married-civ-spouse, Sales, Husband,-0.2644126153749733,-1.7680291091750493,-0.74511102991817,PVT,5.0,-0.09087726520149393,R,-0.6950790750950001,0.41442430177859957,-0.7650398176608648
Male, Private, 10th,-1.2574830180003211, Married-civ-spouse, Machine-op-inspct, Husband,-0.2644126153749733,0.7031783685892541,2.173879596107263,NBF,189.0,-0.09087726520149393,I,-0.6950790750950001,-0.7033597234411553,-0.28016684624717497
Male, Private, HS-grad,-0.3903533538349704, Divorced, Craft-repair, Unmarried,-0.2644126153749733,-0.12055745733218053,-0.41409147438951266,NBF,5.0,-0.09087726520149393,R,-0.6950790750950001,1.0080799323977037,-0.19935468434489326
Male, Self-emp-not-inc, Assoc-acdm,0.4767763103303807, Never-married, Craft-repair, Own-child,-0.2644126153749733,-0.12055745733218053,-0.41409147438951266,NBF,189.0,-0.09087726520149393,I,-0.6950790750950001,1.1310896576611216,-0.6842276557585831
Male, Self-emp-inc, HS-grad,-0.3903533538349704, Married-civ-spouse, Other-service, Husband,-0.2644126153749733,1.5269141945106874,-0.4742768481219959,NBF,5.0,-0.09087726520149393,R,-0.6950790750950001,0.5160410313440317,-0.28016684624717497
Male, Private, Assoc-voc,0.18773308894193008, Married-civ-spouse, Sales, Husband,-0.2644126153749733,-0.12055745733218053,-0.41409147438951266,NBF,5.0,-0.09087726520149393,R,-0.6950790750950001,0.09531211595031214,-0.9266641414654283
Male, Private, HS-grad,-0.3903533538349704, Never-married, Exec-managerial, Not-in-family,-0.2644126153749733,-0.12055745733218053,2.173879596107263,PVT,172.0,1.3392439082325422,I,-0.6950790750950001,-1.3915010850596965,-1.3307249509768369
Male, Private, Some-college,-0.10131013244652015, Never-married, Handlers-cleaners, Own-child,-0.2644126153749733,-0.9442932832536152,2.173879596107263,PVT,5.0,-0.09087726520149393,R,-0.6950790750950001,0.6372680069659509,-1.1691006271722735
Female, Private, 11th,-0.9684397966118709, Never-married, Other-service, Own-child,-0.2644126153749733,-2.1798970221357665,-0.41409147438951266,NBF,5.0,-0.09087726520149393,R,-0.6950790750950001,1.2630131311320336,-1.6539735985859636
Male, Private, Some-college,-0.10131013244652015, Never-married, Adm-clerical, Own-child,-0.2644126153749733,-0.9442932832536152,2.173879596107263,PVT,5.0,-0.09087726520149393,R,-0.6950790750950001,0.9938179352657133,-1.6539735985859636
Female, Self-emp-not-inc, Masters,1.0548627531072812, Divorced, Other-service, Unmarried,-0.2644126153749733,-0.9442932832536152,2.173879596107263,NBF,5.0,-0.09087726520149393,R,-0.6950790750950001,-0.08474559784106785,0.36633044897107886
Male, Private, HS-grad,-0.3903533538349704, Married-civ-spouse, Transport-moving, Husband,-0.2644126153749733,-0.12055745733218053,-0.41409147438951266,NBF,5.0,-0.09087726520149393,R,-0.6950790750950001,0.2646733318926994,0.04308180136195194
Male, Private, Assoc-acdm,0.4767763103303807, Married-civ-spouse, Tech-support, Husband,-0.2644126153749733,0.20893687303639308,-0.5946475955869621,PVT,5.0,-0.09087726520149393,R,-0.6950790750950001,1.3842401067539527,0.12389396326423367
Male, Private, 11th,-0.9684397966118709, Never-married, Handlers-cleaners, Own-child,-0.2644126153749733,-1.7680291091750493,2.173879596107263,PVT,5.0,-0.09087726520149393,R,-0.6950790750950001,-0.39494403546186096,-1.7347857604882453
Female, Private, HS-grad,-0.3903533538349704, Never-married, Machine-op-inspct, Unmarried,-0.2644126153749733,-0.12055745733218053,-0.41409147438951266,NBF,189.0,-0.09087726520149393,I,-0.6950790750950001,1.5125980809418675,-0.11854252244261151
Male, Private, Some-college,-0.10131013244652015, Married-civ-spouse, Craft-repair, Husband,-0.2644126153749733,-0.12055745733218053,-0.41409147438951266,NBF,5.0,-0.09087726520149393,R,-0.6950790750950001,-1.074171648872908,-0.28016684624717497
Female, Private, 10th,-1.2574830180003211, Married-spouse-absent, Craft-repair, Not-in-family,-0.2644126153749733,-0.12055745733218053,-0.41409147438951266,PVT,5.0,-0.09087726520149393,R,-0.6950790750950001,1.259447631849036,0.2047061251665154
Female, Private, 11th,-0.9684397966118709, Never-married, Other-service, Unmarried,-0.2644126153749733,-0.12055745733218053,-0.323813413790788,NBF,5.0,-0.09087726520149393,R,-0.6950790750950001,-0.9992961639299579,-0.5226033319540196
Male, Private, HS-grad,-0.3903533538349704, Never-married, Craft-repair, Own-child,-0.2644126153749733,-0.12055745733218053,-0.41409147438951266,NBF,5.0,-0.09087726520149393,R,-0.6950790750950001,0.6622265019469343,-0.11854252244261151
Female, Private, 11th,-0.9684397966118709, Never-married, Sales, Own-child,-0.2644126153749733,-1.3561611962143318,2.173879596107263,PVT,5.0,-0.09087726520149393,R,-0.6950790750950001,0.41977255070309594,-1.6539735985859636
Female, Private, Assoc-voc,0.18773308894193008, Never-married, Other-service, Own-child,-0.2644126153749733,-0.532425370292898,-0.41409147438951266,PVT,5.0,-0.09087726520149393,R,-0.6950790750950001,-1.507379811757119,-1.1691006271722735
Male, Private, Some-college,-0.10131013244652015, Married-civ-spouse, Adm-clerical, Husband,-0.2644126153749733,-0.12055745733218053,-0.41409147438951266,NBF,5.0,-0.09087726520149393,R,-0.6950790750950001,0.6675747508714307,0.5279547727756421
Female, Private, HS-grad,-0.3903533538349704, Never-married, Other-service, Not-in-family,-0.2644126153749733,-0.12055745733218053,-0.323813413790788,NBF,189.0,-0.09087726520149393,I,-0.6950790750950001,-1.1347851366838675,-0.28016684624717497
Female, Self-emp-inc, Bachelors,0.7658195317188305, Divorced, Exec-managerial, Not-in-family,-0.2644126153749733,0.7031783685892541,-0.41409147438951266,NBF,5.0,-0.09087726520149393,R,-0.6950790750950001,0.7388847365313831,0.6087669346779243
Female, Private, Bachelors,0.7658195317188305, Never-married, Adm-clerical, Not-in-family,-0.2644126153749733,-0.12055745733218053,2.173879596107263,NBF,5.0,-0.09087726520149393,R,-0.6950790750950001,0.6764884990789246,-0.7650398176608648
Male, Private, 10th,-1.2574830180003211, Married-civ-spouse, Handlers-cleaners, Husband,-0.2644126153749733,-0.7795461180693282,-0.41409147438951266,PVT,5.0,-0.09087726520149393,R,-0.6950790750950001,0.6675747508714307,2.5482588203326846
Female, Private, HS-grad,-0.3903533538349704, Never-married, Machine-op-inspct, Not-in-family,-0.2644126153749733,-0.9442932832536152,-0.41409147438951266,PVT,58.0,4.199486255100615,M,-0.6950790750950001,0.33420056791115293,-0.19935468434489326
Male, Local-gov, HS-grad,-0.3903533538349704, Married-civ-spouse, Transport-moving, Husband,-0.2644126153749733,-0.12055745733218053,-0.41409147438951266,PVT,5.0,-0.09087726520149393,R,-0.6950790750950001,-0.8299349479875708,0.8512034203847689
Male, Private, 11th,-0.9684397966118709, Never-married, Handlers-cleaners, Own-child,-0.2644126153749733,-0.12055745733218053,-0.323813413790788,NBF,5.0,-0.09087726520149393,R,-0.6950790750950001,-0.13466258780303433,-1.6539735985859636
Male, Private, Bachelors,0.7658195317188305, Married-civ-spouse, Prof-specialty, Husband,-0.2644126153749733,1.1150462815499709,-0.41409147438951266,PVT,5.0,-0.09087726520149393,R,-0.6950790750950001,-0.11683509138804644,-0.8458519795631466
Male, Private, 9th,-1.5465262393887718, Married-civ-spouse, Craft-repair, Husband,-0.2644126153749733,-0.12055745733218053,-0.41409147438951266,NBF,189.0,-0.09087726520149393,I,-0.6950790750950001,1.2041823929625728,0.04308180136195194
Female, Self-emp-not-inc, HS-grad,-0.3903533538349704, Divorced, Exec-managerial, Unmarried,-0.2644126153749733,1.5269141945106874,-0.41409147438951266,NBF,5.0,-0.09087726520149393,R,-0.6950790750950001,-0.20775532310448583,0.4471426108733606
Male, Private, Some-college,-0.10131013244652015, Never-married, Handlers-cleaners, Own-child,-0.2644126153749733,-2.5917649350964838,-0.41409147438951266,NBF,189.0,-0.09087726520149393,I,-0.6950790750950001,0.8583289625118035,-1.2499127890745552
Male, Private, HS-grad,-0.3903533538349704, Never-married, Craft-repair, Not-in-family,-0.2644126153749733,-0.12055745733218053,-0.41409147438951266,NBF,5.0,-0.09087726520149393,R,-0.6950790750950001,-1.6107792909640504,-1.4923492747814002
Female, Local-gov, Assoc-acdm,0.4767763103303807, Married-civ-spouse, Prof-specialty, Wife,-0.2644126153749733,-0.12055745733218053,-0.41409147438951266,NBF,189.0,1.3392439082325422,I,-0.6950790750950001,0.8797219582097893,0.2855182870687971
Male, Private, 5th-6th,-2.1246126821656723, Married-civ-spouse, Craft-repair, Husband,-0.2644126153749733,-0.532425370292898,-0.41409147438951266,NBF,58.0,-0.09087726520149393,M,-0.6950790750950001,0.045395125988345664,-1.3307249509768369
Female, State-gov, Some-college,-0.10131013244652015, Divorced, Exec-managerial, Not-in-family,-0.2644126153749733,1.1150462815499709,-0.74511102991817,NBF,5.0,-0.09087726520149393,R,-0.6950790750950001,0.5962647652114784,2.225010172723558
Male, Private, HS-grad,-0.3903533538349704, Married-civ-spouse, Transport-moving, Husband,-0.2644126153749733,1.9387821074714051,-0.74511102991817,NBF,5.0,-0.09087726520149393,R,-0.6950790750950001,-1.1436988848913618,-0.28016684624717497
Female, Private, HS-grad,-0.3903533538349704, Divorced, Sales, Unmarried,-0.2644126153749733,-0.2853046225164671,-0.41409147438951266,NBF,189.0,-0.09087726520149393,I,-0.6950790750950001,1.3182783700184968,-1.4115371128791185
Male, Local-gov, HS-grad,-0.3903533538349704, Divorced, Protective-serv, Unmarried,-0.2644126153749733,0.8679255337735403,-0.41409147438951266,NBF,5.0,-0.09087726520149393,R,-0.6950790750950001,-1.1240886388348748,1.0128277441893325
Male, Private, 10th,-1.2574830180003211, Married-civ-spouse, Craft-repair, Husband,-0.2644126153749733,-0.12055745733218053,-0.323813413790788,NBF,189.0,-0.09087726520149393,I,-0.6950790750950001,0.2361493376287184,-0.3609790081494562
Male, Private, HS-grad,-0.3903533538349704, Married-civ-spouse, Craft-repair, Husband,-0.2644126153749733,-0.12055745733218053,-0.41409147438951266,NBF,191.0,-0.09087726520149393,I,-0.6950790750950001,-0.17566582955750706,-1.1691006271722735
Female, Private, Bachelors,0.7658195317188305, Married-spouse-absent, Adm-clerical, Unmarried,-0.2644126153749733,-0.12055745733218053,-0.74511102991817,PVT,5.0,-0.09087726520149393,R,-0.6950790750950001,-0.013435612181115145,0.36633044897107886
Female, Local-gov, Masters,1.0548627531072812, Never-married, Prof-specialty, Unmarried,-0.2644126153749733,-0.12055745733218053,2.173879596107263,PVT,5.0,-0.09087726520149393,R,-0.6950790750950001,-0.7158389709316471,0.2855182870687971
Male, Private, Assoc-voc,0.18773308894193008, Never-married, Craft-repair, Not-in-family,-0.2644126153749733,-0.9442932832536152,-0.41409147438951266,NBF,189.0,-0.09087726520149393,I,-0.6950790750950001,0.5481305248910103,0.2047061251665154
