gender,workclass,education_level,education_num,marital_status,occupation,relationship,capital_loss,hours_per_week,inquiry_purpose_code,institute_type,account_type,asset_code,portfolio_type,approved_loan_amount,age,approved
Male, Private, Some-college,-0.1013101324465201, Divorced, Machine-op-inspct, Unmarried,-0.2644126153749733,0.5384312034049671,-0.7752037167844117,PVT,5.0,-0.0908772652014939,R,-1.3094946015507511,0.5279547727756421,-0.6950790750950001
Male, Private, HS-grad,-0.3903533538349704, Married-civ-spouse, Craft-repair, Husband,-0.2644126153749733,0.208936873036393,-0.4140914743895126,NBF,5.0,-0.0908772652014939,R,0.5926992659284804,1.2552642298961771,-0.6950790750950001
Female, Self-emp-not-inc, Bachelors,0.7658195317188305, Widowed, Sales, Unmarried,-0.2644126153749733,-0.1205574573321805,-0.4140914743895126,PVT,5.0,-0.0908772652014939,R,-1.5162935599646132,0.8512034203847689,-0.6950790750950001
Female, Private, 11th,-0.9684397966118709, Never-married, Sales, Own-child,-0.2644126153749733,-2.1798970221357665,-0.4140914743895126,NBF,5.0,-0.0908772652014939,R,0.5089100327780366,-1.6539735985859636,-0.6950790750950001
Male, Private, Bachelors,0.7658195317188305, Never-married, Sales, Own-child,-0.2644126153749733,-0.1205574573321805,-0.74511102991817,PVT,189.0,-0.0908772652014939,I,-0.2897618066134311,-0.6842276557585831,-0.6950790750950001
Male, Private, HS-grad,-0.3903533538349704, Never-married, Craft-repair, Not-in-family,-0.2644126153749733,-0.1205574573321805,-0.4140914743895126,NBF,5.0,-0.0908772652014939,R,-1.6107792909640504,-1.4923492747814002,-0.6950790750950001
Male, Private, HS-grad,-0.3903533538349704, Separated, Craft-repair, Not-in-family,-0.2644126153749733,-0.1205574573321805,2.173879596107263,NBF,189.0,-0.0908772652014939,I,0.6176577609094639,0.2047061251665154,-0.6950790750950001
Male, Private, Some-college,-0.1013101324465201, Married-civ-spouse, Exec-managerial, Husband,-0.2644126153749733,1.1150462815499709,-0.4140914743895126,NBF,5.0,-0.0908772652014939,R,0.4251207996275923,1.174452067993896,-0.6950790750950001
Male, Private, Some-college,-0.1013101324465201, Married-civ-spouse, Other-service, Husband,3.836237464336967,-0.532425370292898,-0.5946475955869621,PVT,5.0,-0.0908772652014939,R,-0.9761204185904732,1.3360763917984593,1.4386852314081315
Female, Private, Some-college,-0.1013101324465201, Never-married, Adm-clerical, Not-in-family,-0.2644126153749733,-2.75651210028077,-0.4140914743895126,NBF,173.0,-0.0908772652014939,I,-0.4965607650272931,-1.2499127890745552,-0.6950790750950001
Female, Private, Some-college,-0.1013101324465201, Divorced, Adm-clerical, Unmarried,-0.2644126153749733,-0.532425370292898,-0.4140914743895126,NBF,189.0,-0.0908772652014939,I,1.0294729280956896,0.3663304489710788,-0.6950790750950001
Female, Private, Some-college,-0.1013101324465201, Married-civ-spouse, Machine-op-inspct, Wife,-0.2644126153749733,-0.367678205108611,-0.5946475955869621,PVT,5.0,-0.0908772652014939,R,-0.5108227621592836,0.2855182870687971,1.4386852314081315
Male, Private, 11th,-0.9684397966118709, Never-married, Handlers-cleaners, Own-child,-0.2644126153749733,-1.7680291091750493,2.173879596107263,PVT,5.0,-0.0908772652014939,R,-0.3949440354618609,-1.7347857604882453,-0.6950790750950001
Male, Private, Bachelors,0.7658195317188305, Never-married, Handlers-cleaners, Unmarried,-0.2644126153749733,-0.1205574573321805,-0.4140914743895126,NBF,5.0,-0.0908772652014939,R,-0.8103247019310839,-1.0882884652699918,-0.6950790750950001
Male, Private, Some-college,-0.1013101324465201, Divorced, Craft-repair, Not-in-family,-0.2644126153749733,0.3736840382206801,-0.4140914743895126,PVT,5.0,-0.0908772652014939,R,0.7246227393993927,-0.8458519795631466,-0.6950790750950001
Male, Local-gov, Some-college,-0.1013101324465201, Divorced, Handlers-cleaners, Not-in-family,-0.2644126153749733,0.7031783685892541,-0.5946475955869621,PVT,5.0,-0.0908772652014939,R,-1.4449835743046608,-0.1993546843448932,-0.6950790750950001
Male, Private, Some-college,-0.1013101324465201, Married-civ-spouse, Sales, Husband,-0.2644126153749733,-0.1205574573321805,-0.4140914743895126,NBF,176.0,1.3392439082325422,I,-1.223922618758808,1.2552642298961771,-0.6950790750950001
Male, Local-gov, Masters,1.0548627531072812, Married-civ-spouse, Prof-specialty, Husband,-0.2644126153749733,-0.1205574573321805,2.173879596107263,NBF,189.0,-0.0908772652014939,I,-1.140133385608364,0.5279547727756421,1.4386852314081315
Female, Private, HS-grad,-0.3903533538349704, Never-married, Other-service, Own-child,-0.2644126153749733,-0.1205574573321805,-0.5946475955869621,PVT,5.0,-0.0908772652014939,R,0.8030637236253402,-0.9266641414654284,-0.6950790750950001
Male, Private, Bachelors,0.7658195317188305, Married-civ-spouse, Exec-managerial, Husband,-0.2644126153749733,0.7031783685892541,-0.74511102991817,PVT,5.0,-0.0908772652014939,R,0.3431143161186469,0.6087669346779243,1.4386852314081315
Female, Private, Some-college,-0.1013101324465201, Divorced, Adm-clerical, Unmarried,-0.2644126153749733,-0.1205574573321805,2.173879596107263,PVT,5.0,-0.0908772652014939,R,0.1487946051952765,-0.6842276557585831,-0.6950790750950001
Male, Private, HS-grad,-0.3903533538349704, Married-spouse-absent, Transport-moving, Unmarried,-0.2644126153749733,0.7031783685892541,-0.4140914743895126,NBF,5.0,-0.0908772652014939,R,0.4019450542881077,0.2047061251665154,-0.6950790750950001
Female, Local-gov, Bachelors,0.7658195317188305, Divorced, Prof-specialty, Not-in-family,-0.2644126153749733,-0.532425370292898,-0.6247402824532038,PVT,189.0,-0.0908772652014939,I,-0.1649693317085143,0.6895790965802056,1.4386852314081315
Female, Private, Bachelors,0.7658195317188305, Married-spouse-absent, Adm-clerical, Not-in-family,-0.2644126153749733,-1.3561611962143318,-0.4140914743895126,NBF,5.0,-0.0908772652014939,R,-1.532338306738103,-0.3609790081494562,-0.6950790750950001
Male, Private, Assoc-voc,0.18773308894193, Married-civ-spouse, Tech-support, Husband,-0.2644126153749733,-0.1205574573321805,-0.4140914743895126,NBF,228.0,1.3392439082325422,I,-0.6908804759506636,0.4471426108733606,1.4386852314081315
Male, Private, HS-grad,-0.3903533538349704, Never-married, Transport-moving, Other-relative,-0.2644126153749733,0.7031783685892541,-0.7150183430519285,PUB,58.0,-0.0908772652014939,M,-0.933334427194502,-0.7650398176608648,-0.6950790750950001
Male, Private, HS-grad,-0.3903533538349704, Married-civ-spouse, Sales, Husband,-0.2644126153749733,1.5269141945106874,-0.4140914743895126,NBF,191.0,-0.0908772652014939,I,-1.1615263813063497,0.1238939632642336,1.4386852314081315
Female, Self-emp-inc, Bachelors,0.7658195317188305, Married-civ-spouse, Sales, Wife,-0.2644126153749733,-0.1205574573321805,2.173879596107263,PVT,5.0,-0.0908772652014939,R,1.439505345640416,1.4977007156030229,1.4386852314081315
Male, Private, 11th,-0.9684397966118709, Never-married, Handlers-cleaners, Own-child,-0.2644126153749733,-0.1205574573321805,-0.323813413790788,NBF,5.0,-0.0908772652014939,R,-0.1346625878030343,-1.6539735985859636,-0.6950790750950001
Male, Self-emp-not-inc, Some-college,-0.1013101324465201, Married-civ-spouse, Exec-managerial, Husband,-0.2644126153749733,2.3506500204321217,-0.4140914743895126,NBF,5.0,-0.0908772652014939,R,-1.0135581610619484,1.9017615251144309,-0.6950790750950001
Male, Private, Assoc-voc,0.18773308894193, Never-married, Craft-repair, Not-in-family,-0.2644126153749733,-0.9442932832536152,-0.4140914743895126,NBF,189.0,-0.0908772652014939,I,0.5481305248910103,0.2047061251665154,-0.6950790750950001
Male, Private, Some-college,-0.1013101324465201, Divorced, Sales, Not-in-family,-0.2644126153749733,0.7031783685892541,-0.4140914743895126,PVT,5.0,-0.0908772652014939,R,1.6356078062052857,1.0936399060916138,-0.6950790750950001
Male, Private, Masters,1.0548627531072812, Married-civ-spouse, Prof-specialty, Husband,-0.2644126153749733,-2.8388856828729137,-0.3839987875232711,PVT,5.0,-0.0908772652014939,R,0.6194405105509626,1.6593250394075854,1.4386852314081315
Female, State-gov, Assoc-acdm,0.4767763103303807, Never-married, Prof-specialty, Not-in-family,-0.2644126153749733,-2.1798970221357665,-0.4140914743895126,NBF,5.0,-0.0908772652014939,R,-1.346932344022226,-1.3307249509768369,-0.6950790750950001
Male, Self-emp-not-inc, HS-grad,-0.3903533538349704, Married-civ-spouse, Transport-moving, Husband,-0.2644126153749733,-0.1205574573321805,-0.4140914743895126,PVT,5.0,-0.0908772652014939,R,-1.3504978433052237,1.0936399060916138,1.4386852314081315
Male, Private, Bachelors,0.7658195317188305, Married-civ-spouse, Exec-managerial, Husband,-0.2644126153749733,1.1150462815499709,-0.5946475955869621,PVT,189.0,-0.0908772652014939,I,0.4625585420990672,-0.2801668462471749,1.4386852314081315
Male, Private, 10th,-1.2574830180003211, Never-married, Other-service, Not-in-family,-0.2644126153749733,-0.1205574573321805,-0.4140914743895126,NBF,5.0,-0.0908772652014939,R,0.1773185994592576,1.578512877505304,-0.6950790750950001
Male, Private, Some-college,-0.1013101324465201, Married-civ-spouse, Adm-clerical, Husband,-0.2644126153749733,-0.1205574573321805,-0.4140914743895126,NBF,5.0,-0.0908772652014939,R,-1.0688233999484116,-0.7650398176608648,-0.6950790750950001
Male, Self-emp-inc, Doctorate,1.6329491958841815, Married-civ-spouse, Sales, Husband,-0.2644126153749733,-0.1205574573321805,-0.74511102991817,PUB,47.0,-0.0908772652014939,I,1.1007829137556415,0.2047061251665154,1.4386852314081315
Female, Local-gov, Doctorate,1.6329491958841815, Divorced, Prof-specialty, Not-in-family,-0.2644126153749733,-0.1205574573321805,-0.323813413790788,NBF,173.0,-0.0908772652014939,I,-0.5607397521212505,-0.8458519795631466,-0.6950790750950001
Male, Self-emp-inc, Bachelors,0.7658195317188305, Married-civ-spouse, Exec-managerial, Husband,4.744727466822466,0.7031783685892541,-0.4140914743895126,PVT,5.0,-0.0908772652014939,R,-0.7693214601766113,1.3360763917984593,1.4386852314081315
Male, Self-emp-inc, 10th,-1.2574830180003211, Married-civ-spouse, Craft-repair, Husband,-0.2644126153749733,-0.1205574573321805,-0.323813413790788,PVT,58.0,-0.0908772652014939,M,0.7674087307953641,1.7401372013098677,-0.6950790750950001
Male, Private, Prof-school,1.3439059744957311, Married-civ-spouse, Prof-specialty, Husband,-0.2644126153749733,-3.1683800132414874,-0.4140914743895126,NBF,5.0,-0.0908772652014939,R,0.6033957637774735,2.4674466584304025,-0.6950790750950001
Male, Private, Some-college,-0.1013101324465201, Never-married, Handlers-cleaners, Own-child,-0.2644126153749733,-0.9442932832536152,2.173879596107263,PVT,5.0,-0.0908772652014939,R,0.6372680069659509,-1.1691006271722737,-0.6950790750950001
Male, Private, Some-college,-0.1013101324465201, Married-civ-spouse, Sales, Husband,-0.2644126153749733,0.7031783685892541,-0.5946475955869621,PVT,5.0,-0.0908772652014939,R,-0.4092060325938514,-0.1185425224426115,1.4386852314081315
Male, Private, 12th,-0.6793965752234207, Never-married, Farming-fishing, Not-in-family,-0.2644126153749733,-1.7680291091750493,-0.4140914743895126,NBF,5.0,-0.0908772652014939,R,1.5678633198283307,-0.2801668462471749,-0.6950790750950001
Male, Private, 12th,-0.6793965752234207, Never-married, Other-service, Unmarried,-0.2644126153749733,-0.1205574573321805,-0.4140914743895126,PVT,5.0,-0.0908772652014939,R,-1.6000827931150574,-1.00747630336771,-0.6950790750950001
Female, Private, HS-grad,-0.3903533538349704, Never-married, Adm-clerical, Not-in-family,-0.2644126153749733,-0.1205574573321805,-0.323813413790788,NBF,5.0,-0.0908772652014939,R,-1.4556800721536538,-0.1993546843448932,-0.6950790750950001
Male, Private, Bachelors,0.7658195317188305, Married-civ-spouse, Prof-specialty, Husband,-0.2644126153749733,0.7031783685892541,-0.4140914743895126,PVT,5.0,-0.0908772652014939,R,1.3681953599804637,0.2855182870687971,1.4386852314081315
Female, Private, Some-college,-0.1013101324465201, Never-married, Adm-clerical, Own-child,-0.2644126153749733,-0.1205574573321805,2.173879596107263,PVT,5.0,-0.0908772652014939,R,1.3681953599804637,-1.0882884652699918,-0.6950790750950001
Male, Private, Some-college,-0.1013101324465201, Married-civ-spouse, Sales, Husband,3.836237464336967,1.5269141945106874,-0.4140914743895126,NBF,5.0,-0.0908772652014939,R,-0.817455700497079,-0.0377303605403297,1.4386852314081315
Male, Private, HS-grad,-0.3903533538349704, Married-civ-spouse, Craft-repair, Husband,-0.2644126153749733,-0.4500517877007545,-0.4140914743895126,NBF,999.0,-0.0908772652014939,I,0.1933633462327467,-1.00747630336771,-0.6950790750950001
Male, Private, Some-college,-0.1013101324465201, Married-civ-spouse, Craft-repair, Husband,-0.2644126153749733,2.76251793339284,2.173879596107263,PVT,5.0,-0.0908772652014939,R,0.5267375291930244,0.6895790965802056,1.4386852314081315
Male, Private, Assoc-acdm,0.4767763103303807, Married-civ-spouse, Prof-specialty, Husband,-0.2644126153749733,-0.1205574573321805,-0.5946475955869621,PVT,130.0,1.3392439082325422,I,-1.291667105135763,-0.6034154938563014,-0.6950790750950001
Male, Private, Bachelors,0.7658195317188305, Married-civ-spouse, Transport-moving, Husband,4.697021370801537,-1.4385347788064753,-0.5946475955869621,PVT,5.0,-0.0908772652014939,R,0.6693575005129295,2.305822334625839,1.4386852314081315
Male, Private, HS-grad,-0.3903533538349704, Never-married, Craft-repair, Own-child,-0.2644126153749733,0.7031783685892541,-0.4140914743895126,NBF,5.0,-0.0908772652014939,R,0.4269035492690911,-1.0882884652699918,-0.6950790750950001
Male, Self-emp-not-inc, Doctorate,1.6329491958841815, Married-civ-spouse, Exec-managerial, Husband,-0.2644126153749733,-1.3561611962143318,-0.5946475955869621,PVT,5.0,-0.0908772652014939,R,1.1132621612461338,2.0633858489189945,1.4386852314081315
Male, Self-emp-not-inc, Masters,1.0548627531072812, Married-civ-spouse, Prof-specialty, Husband,-0.2644126153749733,-0.9442932832536152,-0.4140914743895126,NBF,5.0,-0.0908772652014939,R,-0.0722663503505759,0.4471426108733606,1.4386852314081315
Male, Private, Some-college,-0.1013101324465201, Never-married, Prof-specialty, Not-in-family,-0.2644126153749733,0.2913104556285366,-0.4140914743895126,PVT,5.0,-0.0908772652014939,R,0.8298049682478225,-0.0377303605403297,-0.6950790750950001
Male, Private, HS-grad,-0.3903533538349704, Married-civ-spouse, Machine-op-inspct, Husband,-0.2644126153749733,-0.1205574573321805,-0.4140914743895126,PVT,5.0,-0.0908772652014939,R,-0.3895957865373644,-0.1993546843448932,-0.6950790750950001
Male, Private, Bachelors,0.7658195317188305, Never-married, Sales, Not-in-family,-0.2644126153749733,0.2913104556285366,-0.5946475955869621,PVT,5.0,-0.0908772652014939,R,-0.4199025304428442,-1.3307249509768369,-0.6950790750950001
Male, Private, Some-college,-0.1013101324465201, Married-civ-spouse, Machine-op-inspct, Husband,-0.2644126153749733,1.5269141945106874,-0.4140914743895126,NBF,130.0,-0.0908772652014939,I,0.5570442730985042,-0.0377303605403297,-0.6950790750950001
Male, Private, HS-grad,-0.3903533538349704, Married-civ-spouse, Craft-repair, Husband,-0.2644126153749733,1.938782107471405,-0.4140914743895126,PVT,5.0,-0.0908772652014939,R,0.2432803361947135,0.4471426108733606,1.4386852314081315
Male, Private, HS-grad,-0.3903533538349704, Never-married, Other-service, Own-child,-0.2644126153749733,-0.4500517877007545,-0.4140914743895126,NBF,5.0,-0.0908772652014939,R,0.202277094440241,-0.4417911700517379,-0.6950790750950001
Male, Private, Doctorate,1.6329491958841815, Married-civ-spouse, Prof-specialty, Husband,-0.2644126153749733,1.5269141945106874,-0.5946475955869621,PVT,5.0,-0.0908772652014939,R,0.1541428541197729,0.1238939632642336,1.4386852314081315
Male, Private, HS-grad,-0.3903533538349704, Married-civ-spouse, Machine-op-inspct, Husband,-0.2644126153749733,-0.1205574573321805,-0.4140914743895126,NBF,58.0,-0.0908772652014939,M,0.3573763132506375,0.3663304489710788,-0.6950790750950001
Male, Local-gov, Bachelors,0.7658195317188305, Married-civ-spouse, Prof-specialty, Husband,-0.2644126153749733,-0.1205574573321805,-0.4140914743895126,NBF,189.0,-0.0908772652014939,I,-1.084868146721901,-0.0377303605403297,1.4386852314081315
Male, Private, HS-grad,-0.3903533538349704, Married-civ-spouse, Craft-repair, Husband,-0.2644126153749733,-0.1205574573321805,-0.4140914743895126,NBF,189.0,-0.0908772652014939,I,-1.1740056287968417,1.578512877505304,1.4386852314081315
Male, Self-emp-not-inc, Some-college,-0.1013101324465201, Married-civ-spouse, Exec-managerial, Husband,-0.2644126153749733,1.5269141945106874,-0.323813413790788,NBF,189.0,-0.0908772652014939,I,-1.3522805929467223,1.578512877505304,1.4386852314081315
Male, Private, Some-college,-0.1013101324465201, Married-civ-spouse, Farming-fishing, Husband,-0.2644126153749733,1.5269141945106874,-0.4140914743895126,PVT,173.0,-0.0908772652014939,I,-0.6142222413662147,-0.5226033319540196,-0.6950790750950001
Male, Private, Masters,1.0548627531072812, Never-married, Prof-specialty, Not-in-family,-0.2644126153749733,-0.9442932832536152,-0.74511102991817,PUB,5.0,-0.0908772652014939,R,-0.8156729508555803,-1.0882884652699918,-0.6950790750950001
Male, Private, HS-grad,-0.3903533538349704, Married-civ-spouse, Machine-op-inspct, Husband,-0.2644126153749733,0.5384312034049671,-0.5946475955869621,PVT,123.0,-0.0908772652014939,I,0.7816707279273547,0.3663304489710788,-0.6950790750950001
Male, Private, Assoc-voc,0.18773308894193, Never-married, Other-service, Own-child,-0.2644126153749733,-0.1205574573321805,-0.4140914743895126,PVT,123.0,-0.0908772652014939,I,-1.651782532718523,-1.4923492747814002,-0.6950790750950001
Male, Private, Masters,1.0548627531072812, Married-civ-spouse, Machine-op-inspct, Husband,-0.2644126153749733,-0.9442932832536152,-0.4140914743895126,NBF,5.0,-0.0908772652014939,R,0.9225079496057608,0.9320155822870502,-0.6950790750950001
Male, Private, 10th,-1.2574830180003211, Married-civ-spouse, Handlers-cleaners, Husband,-0.2644126153749733,-0.7795461180693282,-0.4140914743895126,PVT,5.0,-0.0908772652014939,R,0.6675747508714307,2.5482588203326846,-0.6950790750950001
Male, Private, Some-college,-0.1013101324465201, Never-married, Exec-managerial, Not-in-family,-0.2644126153749733,0.7031783685892541,-0.4140914743895126,NBF,5.0,-0.0908772652014939,R,-1.5697760492095776,-0.2801668462471749,-0.6950790750950001
Female, Private, Some-college,-0.1013101324465201, Married-civ-spouse, Sales, Wife,-0.2644126153749733,-0.9442932832536152,-0.5946475955869621,PVT,5.0,-0.0908772652014939,R,-0.6819667277431697,0.0430818013619519,1.4386852314081315
Female, Private, HS-grad,-0.3903533538349704, Widowed, Craft-repair, Not-in-family,-0.2644126153749733,-0.1205574573321805,-0.5946475955869621,PVT,5.0,-0.0908772652014939,R,-0.6088739924417184,0.5279547727756421,-0.6950790750950001
Male, Private, 12th,-0.6793965752234207, Never-married, Other-service, Own-child,-0.2644126153749733,-1.932776274359336,-0.4140914743895126,PVT,5.0,-0.0908772652014939,R,-0.7800179580256043,-1.6539735985859636,-0.6950790750950001
Male, Private, Some-college,-0.1013101324465201, Never-married, Handlers-cleaners, Own-child,-0.2644126153749733,-0.1205574573321805,-0.4140914743895126,NBF,5.0,-0.0908772652014939,R,1.5393393255643493,-1.1691006271722737,-0.6950790750950001
Female, Private, Some-college,-0.1013101324465201, Never-married, Transport-moving, Not-in-family,-0.2644126153749733,0.2913104556285366,-0.5946475955869621,PVT,123.0,-0.0908772652014939,I,1.0080799323977037,-1.0882884652699918,-0.6950790750950001
Male, Private, 1st-4th,-2.4136559035541225, Never-married, Machine-op-inspct, Other-relative,-0.2644126153749733,-0.1205574573321805,-0.323813413790788,NBF,123.0,-0.0908772652014939,I,-1.3094946015507511,-1.573161436683682,-0.6950790750950001
Male, Private, HS-grad,-0.3903533538349704, Married-civ-spouse, Craft-repair, Husband,-0.2644126153749733,1.5269141945106874,-0.5946475955869621,PVT,5.0,-0.0908772652014939,R,0.0008263849508751,-1.1691006271722737,1.4386852314081315
Female, Private, Assoc-voc,0.18773308894193, Divorced, Prof-specialty, Unmarried,-0.2644126153749733,-0.1205574573321805,-0.4140914743895126,PVT,5.0,-0.0908772652014939,R,-0.7996282040820911,1.174452067993896,-0.6950790750950001
Female, Private, Bachelors,0.7658195317188305, Separated, Prof-specialty, Other-relative,-0.2644126153749733,-0.1205574573321805,2.173879596107263,NBF,173.0,-0.0908772652014939,I,1.4038503528104398,-0.4417911700517379,-0.6950790750950001
Male, Self-emp-inc, Assoc-acdm,0.4767763103303807, Married-civ-spouse, Exec-managerial, Husband,-0.2644126153749733,0.7031783685892541,-0.323813413790788,NBF,5.0,-0.0908772652014939,R,0.2539768340437063,0.0430818013619519,1.4386852314081315
Female, Private, Assoc-acdm,0.4767763103303807, Widowed, Sales, Unmarried,-0.2644126153749733,-0.1205574573321805,-0.4140914743895126,NBF,189.0,-0.0908772652014939,I,1.0918691655481478,0.5279547727756421,-0.6950790750950001
Female, State-gov, Bachelors,0.7658195317188305, Never-married, Prof-specialty, Other-relative,-0.2644126153749733,-0.1205574573321805,2.173879596107263,PVT,5.0,-0.0908772652014939,R,0.5267375291930244,-0.4417911700517379,-0.6950790750950001
Female, Private, HS-grad,-0.3903533538349704, Never-married, Other-service, Own-child,-0.2644126153749733,-1.7680291091750493,2.173879596107263,PVT,5.0,-0.0908772652014939,R,0.7620604818708677,-1.6539735985859636,-0.6950790750950001
Male, Private, HS-grad,-0.3903533538349704, Divorced, Sales, Not-in-family,-0.2644126153749733,0.2913104556285366,-0.323813413790788,NBF,5.0,-0.0908772652014939,R,0.3662900614581315,1.0936399060916138,-0.6950790750950001
Male, Private, HS-grad,-0.3903533538349704, Never-married, Handlers-cleaners, Own-child,-0.2644126153749733,-0.1205574573321805,-0.4140914743895126,NBF,5.0,-0.0908772652014939,R,-1.1062611424198867,-1.6539735985859636,-0.6950790750950001
Female, Private, Some-college,-0.1013101324465201, Divorced, Other-service, Unmarried,-0.2644126153749733,-0.1205574573321805,-0.4140914743895126,PVT,5.0,-0.0908772652014939,R,-1.368325339720212,-0.3609790081494562,-0.6950790750950001
Male, Self-emp-not-inc, Some-college,-0.1013101324465201, Married-civ-spouse, Sales, Husband,-0.2644126153749733,1.5269141945106874,-0.4140914743895126,NBF,173.0,-0.0908772652014939,I,0.1773185994592576,1.4977007156030229,1.4386852314081315
Male, Private, 10th,-1.2574830180003211, Married-civ-spouse, Craft-repair, Husband,-0.2644126153749733,-0.1205574573321805,-0.4140914743895126,PVT,5.0,-0.0908772652014939,R,1.0811726676991549,1.9017615251144309,-0.6950790750950001
Female, Private, 7th-8th,-1.835569460777222, Divorced, Sales, Not-in-family,-0.2644126153749733,-0.1205574573321805,2.173879596107263,PVT,5.0,-0.0908772652014939,R,0.9991661841902096,0.2855182870687971,-0.6950790750950001
Male, Private, HS-grad,-0.3903533538349704, Divorced, Exec-managerial, Not-in-family,-0.2644126153749733,-0.1205574573321805,-0.4140914743895126,PVT,5.0,-0.0908772652014939,R,-1.548383053511592,-0.1993546843448932,-0.6950790750950001
Male, Private, 11th,-0.9684397966118709, Never-married, Handlers-cleaners, Own-child,3.301099517667428,-1.932776274359336,-0.4140914743895126,NBF,5.0,-0.0908772652014939,R,-0.3450270454998943,-1.7347857604882453,-0.6950790750950001
Male, Private, Some-college,-0.1013101324465201, Never-married, Other-service, Own-child,-0.2644126153749733,-2.097523439543623,-0.4140914743895126,NBF,189.0,-0.0908772652014939,I,0.378769308948623,-1.6539735985859636,-0.6950790750950001
Female, Private, Some-college,-0.1013101324465201, Never-married, Exec-managerial, Not-in-family,-0.2644126153749733,-0.1205574573321805,-0.5946475955869621,PVT,5.0,-0.0908772652014939,R,-0.5322157578572695,-1.2499127890745552,-0.6950790750950001
Male, Private, HS-grad,-0.3903533538349704, Never-married, Craft-repair, Not-in-family,-0.2644126153749733,2.76251793339284,-0.4140914743895126,NBF,5.0,-0.0908772652014939,R,0.2486285851192099,-1.0882884652699918,-0.6950790750950001
Male, Federal-gov, Bachelors,0.7658195317188305, Married-civ-spouse, Exec-managerial, Husband,3.649561436428988,-0.1205574573321805,-0.74511102991817,PVT,5.0,-0.0908772652014939,R,1.5963873140923113,0.6895790965802056,1.4386852314081315
Male, Private, 10th,-1.2574830180003211, Married-civ-spouse, Craft-repair, Husband,-0.2644126153749733,-0.1205574573321805,-0.4140914743895126,NBF,5.0,-0.0908772652014939,R,0.6604437523054355,1.174452067993896,-0.6950790750950001
Male, Self-emp-not-inc, HS-grad,-0.3903533538349704, Married-civ-spouse, Sales, Husband,-0.2644126153749733,0.7031783685892541,-0.5946475955869621,PVT,5.0,-0.0908772652014939,R,0.6604437523054355,0.0430818013619519,1.4386852314081315
Female, Private, Bachelors,0.7658195317188305, Divorced, Exec-managerial, Not-in-family,-0.2644126153749733,0.7031783685892541,-0.5946475955869621,PVT,179.0,-0.0908772652014939,I,-1.4057630821916869,0.2855182870687971,1.4386852314081315
Female, Federal-gov, Doctorate,1.6329491958841815, Never-married, Prof-specialty, Not-in-family,-0.2644126153749733,0.7031783685892541,2.173879596107263,PVT,5.0,-0.0908772652014939,R,1.5393393255643493,0.3663304489710788,1.4386852314081315
Male, Private, 5th-6th,-2.1246126821656723, Married-civ-spouse, Handlers-cleaners, Husband,-0.2644126153749733,-0.1205574573321805,-0.4140914743895126,NBF,5.0,-0.0908772652014939,R,-0.478733268612305,0.2047061251665154,-0.6950790750950001
Male, Private, Some-college,-0.1013101324465201, Never-married, Prof-specialty, Not-in-family,-0.2644126153749733,-0.1205574573321805,-0.4140914743895126,PVT,227.0,-0.0908772652014939,I,-0.1988415748969917,-0.8458519795631466,-0.6950790750950001
Male, Private, Bachelors,0.7658195317188305, Never-married, Exec-managerial, Not-in-family,-0.2644126153749733,-0.1205574573321805,-0.5946475955869621,PVT,5.0,-0.0908772652014939,R,-1.475290318210141,-0.5226033319540196,1.4386852314081315
Male, Private, 10th,-1.2574830180003211, Never-married, Handlers-cleaners, Own-child,-0.2644126153749733,-1.3561611962143318,-0.74511102991817,PVT,58.0,-0.0908772652014939,M,-1.3148428504752474,-1.573161436683682,-0.6950790750950001
Male, Federal-gov, HS-grad,-0.3903533538349704, Married-civ-spouse, Adm-clerical, Husband,-0.2644126153749733,-0.1205574573321805,2.173879596107263,NBF,189.0,-0.0908772652014939,I,1.4288088477914231,0.6087669346779243,1.4386852314081315
Male, State-gov, Some-college,-0.1013101324465201, Never-married, Prof-specialty, Not-in-family,-0.2644126153749733,-0.1205574573321805,-0.4140914743895126,PVT,5.0,-0.0908772652014939,R,1.4466363442064112,-0.6842276557585831,-0.6950790750950001
Male, Self-emp-inc, HS-grad,-0.3903533538349704, Married-civ-spouse, Other-service, Husband,-0.2644126153749733,1.5269141945106874,-0.4742768481219959,NBF,5.0,-0.0908772652014939,R,0.5160410313440317,-0.2801668462471749,-0.6950790750950001
Male, Private, Assoc-acdm,0.4767763103303807, Married-civ-spouse, Tech-support, Husband,3.836237464336967,0.7031783685892541,-0.74511102991817,PUB,130.0,1.3392439082325422,I,0.8922012057002808,0.6087669346779243,1.4386852314081315
Female, Private, HS-grad,-0.3903533538349704, Never-married, Adm-clerical, Not-in-family,-0.2644126153749733,2.3506500204321217,-0.4140914743895126,PVT,5.0,-0.0908772652014939,R,1.4929878348853804,0.1238939632642336,-0.6950790750950001
Male, Private, HS-grad,-0.3903533538349704, Divorced, Transport-moving, Own-child,-0.2644126153749733,1.5269141945106874,-0.4140914743895126,NBF,5.0,-0.0908772652014939,R,-1.3576288418712192,0.0430818013619519,-0.6950790750950001
Male, Private, HS-grad,-0.3903533538349704, Married-civ-spouse, Handlers-cleaners, Husband,3.3446572575126226,-0.532425370292898,-0.5946475955869621,PVT,5.0,-0.0908772652014939,R,-0.990382415722464,0.6087669346779243,-0.6950790750950001
Male, Private, Doctorate,1.6329491958841815, Married-civ-spouse, Prof-specialty, Husband,-0.2644126153749733,-0.1205574573321805,2.173879596107263,PVT,5.0,-0.0908772652014939,R,-0.9190724300625112,0.2855182870687971,1.4386852314081315
Female, Local-gov, Bachelors,0.7658195317188305, Never-married, Prof-specialty, Own-child,-0.2644126153749733,-1.932776274359336,2.173879596107263,NBF,5.0,-0.0908772652014939,R,-0.6231359895737089,-1.3307249509768369,-0.6950790750950001
Male, Private, Masters,1.0548627531072812, Married-civ-spouse, Prof-specialty, Husband,-0.2644126153749733,0.7031783685892541,2.173879596107263,PVT,5.0,-0.0908772652014939,R,0.9492491942282428,0.5279547727756421,1.4386852314081315
Male, Private, HS-grad,-0.3903533538349704, Married-civ-spouse, Transport-moving, Husband,-0.2644126153749733,-0.1205574573321805,-0.4140914743895126,NBF,5.0,-0.0908772652014939,R,-1.5786897974170715,-0.7650398176608648,-0.6950790750950001
Female, Private, 11th,-0.9684397966118709, Never-married, Prof-specialty, Own-child,-0.2644126153749733,-3.250753595833631,-0.4140914743895126,NBF,173.0,-0.0908772652014939,I,-0.9101586818550174,-1.6539735985859636,-0.6950790750950001
Male, Private, Some-college,-0.1013101324465201, Never-married, Machine-op-inspct, Not-in-family,-0.2644126153749733,-0.1205574573321805,2.173879596107263,PVT,5.0,-0.0908772652014939,R,-1.0331684071184353,-0.4417911700517379,-0.6950790750950001
Female, Private, Some-college,-0.1013101324465201, Divorced, Adm-clerical, Unmarried,-0.2644126153749733,-0.1205574573321805,-0.4140914743895126,PVT,5.0,-0.0908772652014939,R,1.1988341440380763,-0.1993546843448932,-0.6950790750950001
Male, Private, 10th,-1.2574830180003211, Married-civ-spouse, Sales, Husband,3.836237464336967,-0.1205574573321805,-0.74511102991817,PUB,173.0,-0.0908772652014939,I,0.7299709883238891,1.0128277441893323,1.4386852314081315
Male, Self-emp-not-inc, Prof-school,1.3439059744957311, Married-civ-spouse, Prof-specialty, Husband,3.680674107746984,0.7031783685892541,2.173879596107263,PVT,5.0,-0.0908772652014939,R,-1.633955036303535,0.2855182870687971,1.4386852314081315
Male, Private, HS-grad,-0.3903533538349704, Married-civ-spouse, Craft-repair, Husband,-0.2644126153749733,-0.1205574573321805,2.173879596107263,PVT,5.0,-0.0908772652014939,R,0.5552615234570055,1.7401372013098677,-0.6950790750950001
Female, Private, HS-grad,-0.3903533538349704, Never-married, Adm-clerical, Not-in-family,3.089533352705051,-0.1205574573321805,-0.74511102991817,NBF,195.0,1.3392439082325422,I,-0.6980114745166589,-0.4417911700517379,-0.6950790750950001
Male, Private, Some-college,-0.1013101324465201, Married-civ-spouse, Transport-moving, Husband,-0.2644126153749733,-0.1205574573321805,-0.4140914743895126,PVT,123.0,-0.0908772652014939,I,1.476943088111891,0.7703912584824878,1.4386852314081315
Male, Private, HS-grad,-0.3903533538349704, Married-civ-spouse, Tech-support, Husband,-0.2644126153749733,-0.1205574573321805,-0.4140914743895126,NBF,173.0,-0.0908772652014939,I,1.6356078062052857,-0.6842276557585831,1.4386852314081315
Male, Private, Masters,1.0548627531072812, Never-married, Exec-managerial, Not-in-family,-0.2644126153749733,-0.1205574573321805,-0.3839987875232711,PUB,58.0,-0.0908772652014939,M,1.2933198750375134,-0.2801668462471749,1.4386852314081315
Male, State-gov, Masters,1.0548627531072812, Divorced, Prof-specialty, Not-in-family,-0.2644126153749733,-0.532425370292898,-0.4140914743895126,PVT,123.0,-0.0908772652014939,I,0.5124755320610341,0.2047061251665154,-0.6950790750950001
Female, Private, Assoc-voc,0.18773308894193, Married-civ-spouse, Handlers-cleaners, Wife,-0.2644126153749733,-0.9442932832536152,-0.5946475955869621,PVT,5.0,-0.0908772652014939,R,-0.9672066703829794,-0.8458519795631466,-0.6950790750950001
Male, Self-emp-not-inc, HS-grad,-0.3903533538349704, Married-civ-spouse, Farming-fishing, Husband,-0.2644126153749733,-0.532425370292898,-0.4140914743895126,PVT,5.0,-0.0908772652014939,R,-1.3665425900787131,2.629070982234966,-0.6950790750950001
Male, State-gov, HS-grad,-0.3903533538349704, Married-civ-spouse, Prof-specialty, Husband,-0.2644126153749733,1.5269141945106874,-0.5946475955869621,PVT,5.0,-0.0908772652014939,R,0.4179898010615971,1.0128277441893323,1.4386852314081315
Male, State-gov, Bachelors,0.7658195317188305, Married-civ-spouse, Exec-managerial, Husband,-0.2644126153749733,0.2913104556285366,-0.323813413790788,PVT,173.0,-0.0908772652014939,I,-0.4769505189708062,1.174452067993896,1.4386852314081315
Male, Private, HS-grad,-0.3903533538349704, Never-married, Handlers-cleaners, Own-child,-0.2644126153749733,-0.1205574573321805,2.173879596107263,NBF,5.0,-0.0908772652014939,R,-1.129436887759371,-1.4923492747814002,-0.6950790750950001
Female, Private, 11th,-0.9684397966118709, Never-married, Other-service, Other-relative,-0.2644126153749733,-1.6032819439907624,-0.4140914743895126,PVT,5.0,-0.0908772652014939,R,-0.4840815175368015,-1.7347857604882453,-0.6950790750950001
Male, Private, HS-grad,-0.3903533538349704, Married-civ-spouse, Other-service, Husband,-0.2644126153749733,-0.532425370292898,-0.4140914743895126,NBF,189.0,-0.0908772652014939,I,-0.3753337894053739,-0.6034154938563014,-0.6950790750950001
Male, State-gov, Masters,1.0548627531072812, Married-civ-spouse, Prof-specialty, Husband,3.836237464336967,0.7031783685892541,-0.3839987875232711,PVT,5.0,-0.0908772652014939,R,-0.4145542815183478,1.578512877505304,1.4386852314081315
Female, Private, Some-college,-0.1013101324465201, Divorced, Machine-op-inspct, Unmarried,-0.2644126153749733,-0.2853046225164671,-0.6247402824532038,NBF,5.0,-0.0908772652014939,R,-1.375456338286207,0.3663304489710788,-0.6950790750950001
Male, Private, Some-college,-0.1013101324465201, Never-married, Sales, Not-in-family,-0.2644126153749733,0.7031783685892541,-0.4140914743895126,NBF,189.0,-0.0908772652014939,I,-1.3665425900787131,-0.6842276557585831,1.4386852314081315
Male, Private, Some-college,-0.1013101324465201, Never-married, Sales, Not-in-family,-0.2644126153749733,-0.1205574573321805,-0.4140914743895126,NBF,191.0,-0.0908772652014939,I,-1.179353877721338,-0.2801668462471749,-0.6950790750950001
Male, Local-gov, Masters,1.0548627531072812, Divorced, Prof-specialty, Not-in-family,-0.2644126153749733,-0.1205574573321805,-0.5043695349882374,PVT,5.0,-0.0908772652014939,R,-1.3005808533432572,-0.0377303605403297,-0.6950790750950001
Male, Private, 11th,-0.9684397966118709, , Craft-repair, Own-child,-0.2644126153749733,-0.1205574573321805,-0.4140914743895126,NBF,5.0,-0.0908772652014939,R,-0.412771531876849,-0.9266641414654284,-0.6950790750950001
Male, Private, HS-grad,-0.3903533538349704, Never-married, Craft-repair, Own-child,-0.2644126153749733,-0.1205574573321805,-0.4140914743895126,NBF,5.0,-0.0908772652014939,R,0.6622265019469343,-0.1185425224426115,-0.6950790750950001
Male, Private, HS-grad,-0.3903533538349704, Never-married, Other-service, Own-child,-0.2644126153749733,-0.9442932832536152,-0.4140914743895126,NBF,5.0,-0.0908772652014939,R,1.166744650491098,-0.2801668462471749,-0.6950790750950001
Female, Private, HS-grad,-0.3903533538349704, Married-civ-spouse, Sales, Wife,-0.2644126153749733,-1.7680291091750493,-0.4140914743895126,NBF,5.0,-0.0908772652014939,R,-0.7711042098181101,-1.00747630336771,-0.6950790750950001
Male, Private, 9th,-1.5465262393887718, Married-civ-spouse, Transport-moving, Husband,-0.2644126153749733,0.2913104556285366,-0.5946475955869621,FOR,5.0,-0.0908772652014939,R,-1.279187857645271,-1.0882884652699918,-0.6950790750950001
Male, Private, Some-college,-0.1013101324465201, Married-civ-spouse, Prof-specialty, Husband,-0.2644126153749733,0.7031783685892541,-0.4140914743895126,NBF,130.0,-0.0908772652014939,I,-1.0830853970804022,0.6895790965802056,1.4386852314081315
Male, Private, HS-grad,-0.3903533538349704, Never-married, Transport-moving, Own-child,-0.2644126153749733,-0.1205574573321805,-0.4140914743895126,NBF,5.0,-0.0908772652014939,R,0.9777731884922238,-0.6842276557585831,-0.6950790750950001
Male, Private, Some-college,-0.1013101324465201, Never-married, Tech-support, Own-child,-0.2644126153749733,-2.1798970221357665,-0.323813413790788,NBF,5.0,-0.0908772652014939,R,-0.6338324874227016,-1.4923492747814002,-0.6950790750950001
Male, Self-emp-not-inc, Bachelors,0.7658195317188305, Married-civ-spouse, Farming-fishing, Husband,-0.2644126153749733,2.927265098577127,-0.323813413790788,NBF,5.0,-0.0908772652014939,R,-0.9101586818550174,0.5279547727756421,-0.6950790750950001
Male, Local-gov, Bachelors,0.7658195317188305, Married-civ-spouse, Exec-managerial, Husband,3.836237464336967,0.5384312034049671,2.173879596107263,PVT,5.0,-0.0908772652014939,R,-0.2291483188024715,0.2855182870687971,1.4386852314081315
Female, Private, HS-grad,-0.3903533538349704, Never-married, Sales, Own-child,-0.2644126153749733,-1.4385347788064753,-0.3839987875232711,HFC,5.0,-0.0908772652014939,R,-1.6107792909640504,-1.6539735985859636,-0.6950790750950001
Female, Private, Assoc-acdm,0.4767763103303807, Married-civ-spouse, Exec-managerial, Wife,-0.2644126153749733,0.7031783685892541,-0.4140914743895126,NBF,5.0,-0.0908772652014939,R,-0.1507073345765238,0.2047061251665154,1.4386852314081315
Male, Private, HS-grad,-0.3903533538349704, Married-civ-spouse, Machine-op-inspct, Husband,-0.2644126153749733,-0.1205574573321805,-0.4140914743895126,NBF,5.0,-0.0908772652014939,R,0.5962647652114784,-0.1993546843448932,1.4386852314081315
Male, Private, 9th,-1.5465262393887718, Never-married, Other-service, Own-child,-0.2644126153749733,0.7031783685892541,-0.4140914743895126,NBF,224.0,-0.0908772652014939,R,0.6051785134189723,-1.3307249509768369,-0.6950790750950001
Male, Local-gov, Prof-school,1.3439059744957311, Married-civ-spouse, Protective-serv, Husband,-0.2644126153749733,-0.1205574573321805,2.173879596107263,INS,5.0,-0.0908772652014939,R,1.3592816117729696,0.6087669346779243,1.4386852314081315
Male, Local-gov, Masters,1.0548627531072812, Married-civ-spouse, Exec-managerial, Husband,-0.2644126153749733,-0.1205574573321805,2.173879596107263,PVT,5.0,-0.0908772652014939,R,0.7674087307953641,1.4977007156030229,1.4386852314081315
Male, Private, 5th-6th,-2.1246126821656723, Married-civ-spouse, Machine-op-inspct, Husband,-0.2644126153749733,-0.1205574573321805,-0.4140914743895126,NBF,130.0,-0.0908772652014939,I,-1.072388899231409,0.4471426108733606,-0.6950790750950001
Female, Private, Some-college,-0.1013101324465201, Never-married, Prof-specialty, Not-in-family,-0.2644126153749733,-0.2853046225164671,-0.5946475955869621,PVT,58.0,1.3392439082325422,M,-1.0153409107034472,1.6593250394075854,1.4386852314081315
Female, Private, Some-college,-0.1013101324465201, Never-married, Exec-managerial, Unmarried,-0.2644126153749733,-0.1205574573321805,-0.4140914743895126,NBF,5.0,25.65130385661116,R,-0.8513279436855565,0.8512034203847689,-0.6950790750950001
Male, Private, HS-grad,-0.3903533538349704, Married-civ-spouse, Farming-fishing, Husband,-0.2644126153749733,0.7031783685892541,-0.7752037167844117,PVT,176.0,-0.0908772652014939,I,-0.1364453374445331,-0.4417911700517379,-0.6950790750950001
Female, Private, 11th,-0.9684397966118709, Never-married, Sales, Own-child,-0.2644126153749733,-1.7680291091750493,-0.4140914743895126,NBF,5.0,-0.0908772652014939,R,-0.7853662069501006,-1.7347857604882453,-0.6950790750950001
Male, Private, Bachelors,0.7658195317188305, Never-married, Prof-specialty, Not-in-family,-0.2644126153749733,0.7031783685892541,-0.5946475955869621,PVT,191.0,-0.0908772652014939,I,-1.093781894929395,-0.7650398176608648,-0.6950790750950001
Female, Private, HS-grad,-0.3903533538349704, Never-married, Exec-managerial, Not-in-family,-0.2644126153749733,-0.1205574573321805,-0.4140914743895126,PVT,130.0,-0.0908772652014939,I,-0.5536087535552551,-0.7650398176608648,-0.6950790750950001
Male, Private, Bachelors,0.7658195317188305, Married-civ-spouse, Exec-managerial, Husband,-0.2644126153749733,0.7031783685892541,-0.5946475955869621,PVT,5.0,-0.0908772652014939,R,1.4323743470744208,-0.3609790081494562,1.4386852314081315
Female, Private, Some-college,-0.1013101324465201, Never-married, Craft-repair, Other-relative,-0.2644126153749733,-0.1205574573321805,-0.4140914743895126,PVT,5.0,-0.0908772652014939,R,-1.5983000434735586,-1.3307249509768369,-0.6950790750950001
Male, State-gov, HS-grad,-0.3903533538349704, Married-civ-spouse, Exec-managerial, Husband,-0.2644126153749733,1.5269141945106874,-0.4140914743895126,NBF,189.0,-0.0908772652014939,I,-0.2897618066134311,-0.5226033319540196,1.4386852314081315
Female, Private, Bachelors,0.7658195317188305, Married-civ-spouse, Prof-specialty, Wife,-0.2644126153749733,-0.1205574573321805,-0.323813413790788,NBF,189.0,-0.0908772652014939,I,0.6996642444184092,-0.1993546843448932,1.4386852314081315
Female, Private, 7th-8th,-1.835569460777222, Never-married, Other-service, Own-child,-0.2644126153749733,-0.9442932832536152,-0.5946475955869621,PVT,58.0,-0.0908772652014939,M,-0.2968928051794262,1.4168885537007403,-0.6950790750950001
Female, Private, HS-grad,-0.3903533538349704, Divorced, Handlers-cleaners, Not-in-family,-0.2644126153749733,-0.1205574573321805,-0.4140914743895126,PVT,191.0,-0.0908772652014939,I,-1.093781894929395,0.2855182870687971,-0.6950790750950001
Male, Local-gov, Some-college,-0.1013101324465201, Widowed, Prof-specialty, Unmarried,-0.2644126153749733,-0.1205574573321805,-0.4140914743895126,PVT,5.0,-0.0908772652014939,R,0.7174917408333976,0.9320155822870502,-0.6950790750950001
Male, Self-emp-not-inc, HS-grad,-0.3903533538349704, Married-civ-spouse, Craft-repair, Husband,-0.2644126153749733,-0.9442932832536152,2.173879596107263,NBF,5.0,-0.0908772652014939,R,0.65331275373944,2.0633858489189945,1.4386852314081315
Male, Local-gov, HS-grad,-0.3903533538349704, Married-civ-spouse, Craft-repair, Husband,-0.2644126153749733,-0.1205574573321805,-0.4140914743895126,NBF,5.0,-0.0908772652014939,R,-1.3291048476072382,0.2047061251665154,-0.6950790750950001
Male, Private, HS-grad,-0.3903533538349704, Divorced, Sales, Not-in-family,-0.2644126153749733,-1.7680291091750493,-0.4140914743895126,PVT,5.0,-0.0908772652014939,R,1.0954346648311457,0.3663304489710788,-0.6950790750950001
Male, Self-emp-not-inc, Bachelors,0.7658195317188305, Married-civ-spouse, Exec-managerial, Husband,-0.2644126153749733,0.7031783685892541,-0.4140914743895126,PVT,5.0,-0.0908772652014939,R,1.4198950995839292,0.0430818013619519,-0.6950790750950001
Male, Self-emp-not-inc, Bachelors,0.7658195317188305, Married-civ-spouse, Sales, Husband,-0.2644126153749733,1.5269141945106874,-0.4140914743895126,PVT,5.0,-0.0908772652014939,R,0.2111908426477349,0.8512034203847689,1.4386852314081315
Female, Private, HS-grad,-0.3903533538349704, Divorced, Adm-clerical, Unmarried,-0.2644126153749733,-0.1205574573321805,-0.4140914743895126,NBF,189.0,-0.0908772652014939,I,-0.1917105763309963,1.174452067993896,-0.6950790750950001
Male, Federal-gov, Bachelors,0.7658195317188305, Never-married, Exec-managerial, Own-child,-0.2644126153749733,-0.1205574573321805,2.173879596107263,PVT,5.0,-0.0908772652014939,R,0.6711402501544282,-0.2801668462471749,-0.6950790750950001
Female, Private, HS-grad,-0.3903533538349704, Divorced, Other-service, Not-in-family,-0.2644126153749733,-0.1205574573321805,-0.4140914743895126,NBF,5.0,-0.0908772652014939,R,-0.4252507793673408,0.5279547727756421,-0.6950790750950001
Male, Private, HS-grad,-0.3903533538349704, Never-married, Sales, Own-child,-0.2644126153749733,1.5269141945106874,-0.4140914743895126,NBF,5.0,-0.0908772652014939,R,-0.8584589422515517,-1.2499127890745552,-0.6950790750950001
Male, Private, HS-grad,-0.3903533538349704, Married-civ-spouse, Transport-moving, Husband,-0.2644126153749733,0.7031783685892541,2.173879596107263,PVT,5.0,-0.0908772652014939,R,-1.3629770907957155,1.2552642298961771,1.4386852314081315
Female, Private, Bachelors,0.7658195317188305, Never-married, Adm-clerical, Not-in-family,-0.2644126153749733,-0.1205574573321805,-0.74511102991817,PVT,123.0,-0.0908772652014939,I,0.2860663275906849,-1.2499127890745552,-0.6950790750950001
Female, Private, HS-grad,-0.3903533538349704, Never-married, Sales, Own-child,-0.2644126153749733,-0.6971725354771846,-0.4140914743895126,NBF,177.0,4.199486255100615,I,-1.4396353253801644,-1.6539735985859636,-0.6950790750950001
Male, Private, Some-college,-0.1013101324465201, Married-civ-spouse, Tech-support, Husband,-0.2644126153749733,0.2913104556285366,2.173879596107263,NBF,227.0,-0.0908772652014939,I,-0.2077553231044858,-0.2801668462471749,-0.6950790750950001
Male, Federal-gov, Bachelors,0.7658195317188305, Married-civ-spouse, Prof-specialty, Husband,-0.2644126153749733,-0.1205574573321805,-0.4140914743895126,PVT,5.0,-0.0908772652014939,R,-1.304146352626255,1.4168885537007403,1.4386852314081315
Male, Private, HS-grad,-0.3903533538349704, Married-civ-spouse, Machine-op-inspct, Husband,-0.2644126153749733,-0.1205574573321805,-0.4140914743895126,NBF,189.0,1.3392439082325422,I,0.2539768340437063,0.6087669346779243,-0.6950790750950001
Male, Self-emp-not-inc, Some-college,-0.1013101324465201, Married-civ-spouse, Exec-managerial, Husband,-0.2644126153749733,-0.1205574573321805,-0.74511102991817,PUB,184.0,-0.0908772652014939,I,-0.6195704902907111,-0.9266641414654284,-0.6950790750950001
Male, Private, Some-college,-0.1013101324465201, Married-civ-spouse, Adm-clerical, Husband,-0.2644126153749733,-0.1205574573321805,-0.4140914743895126,NBF,5.0,-0.0908772652014939,R,0.6675747508714307,0.5279547727756421,-0.6950790750950001
Female, Private, 9th,-1.5465262393887718, Never-married, Other-service, Unmarried,-0.2644126153749733,-1.7680291091750493,-0.4140914743895126,NBF,5.0,-0.0908772652014939,R,-1.0420821553259292,-0.6034154938563014,-0.6950790750950001
Female, Private, Masters,1.0548627531072812, Widowed, Sales, Not-in-family,-0.2644126153749733,-1.1914140310300452,-0.4140914743895126,NBF,189.0,-0.0908772652014939,I,0.4465137953255781,1.578512877505304,-0.6950790750950001
Female, Private, HS-grad,-0.3903533538349704, Divorced, Craft-repair, Unmarried,-0.2644126153749733,-0.1205574573321805,-0.4140914743895126,PVT,5.0,-0.0908772652014939,R,-0.1132695921050488,0.2047061251665154,-0.6950790750950001
Female, Private, Bachelors,0.7658195317188305, Married-civ-spouse, Tech-support, Wife,-0.2644126153749733,-1.3561611962143318,-0.323813413790788,PVT,5.0,-0.0908772652014939,R,0.5053445334950389,0.2047061251665154,1.4386852314081315
Male, Private, HS-grad,-0.3903533538349704, Never-married, Sales, Unmarried,-0.2644126153749733,-1.3561611962143318,-0.4140914743895126,NBF,5.0,-0.0908772652014939,R,1.5892563155263162,-1.1691006271722737,-0.6950790750950001
Female, Private, HS-grad,-0.3903533538349704, Never-married, Machine-op-inspct, Not-in-family,-0.2644126153749733,-0.9442932832536152,-0.4140914743895126,PVT,58.0,4.199486255100615,M,0.3342005679111529,-0.1993546843448932,-0.6950790750950001
Male, Private, Doctorate,1.6329491958841815, Married-civ-spouse, Sales, Husband,-0.2644126153749733,-0.1205574573321805,-0.5946475955869621,PVT,5.0,-0.0908772652014939,R,-0.6516599838376899,0.6087669346779243,1.4386852314081315
Female, Private, Some-college,-0.1013101324465201, Divorced, Adm-clerical, Unmarried,-0.2644126153749733,1.2797934467342578,-0.5946475955869621,PVT,5.0,-0.0908772652014939,R,0.6925332458524142,0.4471426108733606,-0.6950790750950001
Female, Private, Some-college,-0.1013101324465201, Never-married, Adm-clerical, Own-child,3.30524787384316,-0.532425370292898,-0.5946475955869621,PVT,5.0,-0.0908772652014939,R,1.544687574488846,-1.4115371128791183,-0.6950790750950001
Female, Self-emp-not-inc, Masters,1.0548627531072812, Divorced, Exec-managerial, Unmarried,-0.2644126153749733,0.2913104556285366,2.173879596107263,PVT,5.0,-0.0908772652014939,R,1.6605663011862686,0.3663304489710788,1.4386852314081315
Male, Private, HS-grad,-0.3903533538349704, Married-civ-spouse, Machine-op-inspct, Husband,-0.2644126153749733,-0.1205574573321805,-0.4140914743895126,PVT,5.0,-0.0908772652014939,R,-1.592951794549062,-0.8458519795631466,-0.6950790750950001
Female, Private, 12th,-0.6793965752234207, Never-married, Other-service, Own-child,-0.2644126153749733,-1.7680291091750493,-0.4140914743895126,PVT,5.0,-0.0908772652014939,R,0.6943159954939129,-1.6539735985859636,-0.6950790750950001
Male, Self-emp-not-inc, HS-grad,-0.3903533538349704, Married-civ-spouse, Farming-fishing, Husband,-0.2644126153749733,3.5862537593142743,-0.4140914743895126,PVT,47.0,-0.0908772652014939,I,-0.753276713403122,-0.6842276557585831,-0.6950790750950001
Male, Private, 7th-8th,-1.835569460777222, Married-civ-spouse, Machine-op-inspct, Husband,-0.2644126153749733,-0.1205574573321805,2.173879596107263,PVT,5.0,-0.0908772652014939,R,-0.0651353517845808,0.1238939632642336,1.4386852314081315
Male, Private, Some-college,-0.1013101324465201, Married-civ-spouse, Craft-repair, Husband,-0.2644126153749733,-0.1205574573321805,-0.4140914743895126,NBF,5.0,-0.0908772652014939,R,1.284406126830019,-0.1993546843448932,1.4386852314081315
Female, State-gov, 12th,-0.6793965752234207, Never-married, Adm-clerical, Unmarried,-0.2644126153749733,-0.1205574573321805,-0.5946475955869621,PVT,5.0,-0.0908772652014939,R,-1.5359038060211,-0.5226033319540196,-0.6950790750950001
Male, Private, HS-grad,-0.3903533538349704, Married-civ-spouse, Transport-moving, Husband,-0.2644126153749733,-0.1205574573321805,2.173879596107263,NBF,173.0,1.3392439082325422,I,0.7335364876068867,0.6087669346779243,1.4386852314081315
Male, Private, 7th-8th,-1.835569460777222, Married-civ-spouse, Farming-fishing, Husband,-0.2644126153749733,0.7031783685892541,-0.4140914743895126,PVT,5.0,-0.0908772652014939,R,-1.6375205355865323,1.578512877505304,-0.6950790750950001
Female, Private, HS-grad,-0.3903533538349704, Divorced, Sales, Unmarried,-0.2644126153749733,-0.2853046225164671,-0.4140914743895126,NBF,189.0,-0.0908772652014939,I,1.3182783700184968,-1.4115371128791183,-0.6950790750950001
Male, Local-gov, Masters,1.0548627531072812, Married-civ-spouse, Prof-specialty, Husband,-0.2644126153749733,0.7031783685892541,-0.4140914743895126,NBF,189.0,-0.0908772652014939,I,-0.5678707506872457,1.4168885537007403,1.4386852314081315
Male, Private, HS-grad,-0.3903533538349704, Married-civ-spouse, Craft-repair, Husband,-0.2644126153749733,-0.1205574573321805,2.173879596107263,PVT,5.0,-0.0908772652014939,R,-1.3077118519092523,0.9320155822870502,-0.6950790750950001
Male, Private, 7th-8th,-1.835569460777222, Married-civ-spouse, Other-service, Husband,-0.2644126153749733,-0.1205574573321805,-0.323813413790788,NBF,173.0,-0.0908772652014939,I,-0.0455251057280937,1.4168885537007403,-0.6950790750950001
Male, Private, HS-grad,-0.3903533538349704, Married-civ-spouse, Handlers-cleaners, Husband,-0.2644126153749733,-0.1205574573321805,-0.4140914743895126,NBF,5.0,-0.0908772652014939,R,1.0883036662651502,-0.9266641414654284,-0.6950790750950001
Male, Federal-gov, Some-college,-0.1013101324465201, Married-civ-spouse, Adm-clerical, Husband,-0.2644126153749733,-0.038183874740037,-0.323813413790788,NBF,189.0,-0.0908772652014939,I,1.65878355154477,0.8512034203847689,1.4386852314081315
Male, Private, Prof-school,1.3439059744957311, Married-civ-spouse, Prof-specialty, Husband,-0.2644126153749733,1.5269141945106874,-0.4140914743895126,PVT,5.0,-0.0908772652014939,R,0.1024431145163073,0.1238939632642336,1.4386852314081315
Male, Private, HS-grad,-0.3903533538349704, Married-civ-spouse, Craft-repair, Husband,-0.2644126153749733,0.2913104556285366,-0.5946475955869621,PVT,5.0,-0.0908772652014939,R,-1.575124298134074,0.7703912584824878,1.4386852314081315
Male, Private, 10th,-1.2574830180003211, Married-civ-spouse, Machine-op-inspct, Husband,-0.2644126153749733,-0.1205574573321805,-0.4140914743895126,PVT,173.0,1.3392439082325422,I,-0.7318837177051364,0.0430818013619519,-0.6950790750950001
Male, Private, Assoc-voc,0.18773308894193, Married-civ-spouse, Craft-repair, Husband,-0.2644126153749733,1.2797934467342578,-0.4140914743895126,NBF,5.0,-0.0908772652014939,R,-1.6393032852280314,1.0128277441893323,-0.6950790750950001
Female, Private, HS-grad,-0.3903533538349704, Married-civ-spouse, Machine-op-inspct, Wife,-0.2644126153749733,-0.1205574573321805,-0.4140914743895126,PVT,5.0,-0.0908772652014939,R,-1.2774051080037725,-0.7650398176608648,-0.6950790750950001
Female, Private, Assoc-acdm,0.4767763103303807, Widowed, Adm-clerical, Unmarried,-0.2644126153749733,-0.1205574573321805,-0.4140914743895126,PVT,5.0,-0.0908772652014939,R,-1.432504326814169,0.6087669346779243,-0.6950790750950001
Female, Private, HS-grad,-0.3903533538349704, Married-civ-spouse, Other-service, Wife,-0.2644126153749733,-0.9442932832536152,-0.4140914743895126,PVT,5.0,-0.0908772652014939,R,-1.5822552967000691,-0.6842276557585831,-0.6950790750950001
Male, Private, Bachelors,0.7658195317188305, Never-married, Other-service, Not-in-family,-0.2644126153749733,-0.1205574573321805,-0.74511102991817,PVT,123.0,-0.0908772652014939,I,-1.150829883457357,-1.1691006271722737,-0.6950790750950001
Female, State-gov, Some-college,-0.1013101324465201, Never-married, Other-service, Not-in-family,-0.2644126153749733,-0.1205574573321805,-0.4140914743895126,PVT,5.0,-0.0908772652014939,R,1.6730455486767604,0.3663304489710788,-0.6950790750950001
Female, Private, Assoc-voc,0.18773308894193, Divorced, Prof-specialty, Not-in-family,-0.2644126153749733,-1.7680291091750493,-0.4140914743895126,NBF,5.0,-0.0908772652014939,R,-0.8210211997800768,0.1238939632642336,-0.6950790750950001
Male, Private, Masters,1.0548627531072812, Married-civ-spouse, Sales, Husband,-0.2644126153749733,-1.7680291091750493,-0.74511102991817,PVT,5.0,-0.0908772652014939,R,0.4144243017785995,-0.7650398176608648,-0.6950790750950001
Male, Private, 7th-8th,-1.835569460777222, Never-married, Transport-moving, Not-in-family,-0.2644126153749733,0.5384312034049671,-0.4140914743895126,PVT,5.0,-0.0908772652014939,R,-1.548383053511592,1.7401372013098677,1.4386852314081315
Male, Private, Some-college,-0.1013101324465201, Never-married, Other-service, Not-in-family,-0.2644126153749733,-0.1205574573321805,-0.4140914743895126,NBF,47.0,-0.0908772652014939,I,1.599952813375309,-0.8458519795631466,-0.6950790750950001
Male, Private, 7th-8th,-1.835569460777222, Divorced, Transport-moving, Not-in-family,-0.2644126153749733,-0.1205574573321805,-0.4140914743895126,PVT,5.0,-0.0908772652014939,R,1.5250773284323589,-0.6842276557585831,-0.6950790750950001
Male, Private, Bachelors,0.7658195317188305, Married-civ-spouse, Exec-managerial, Husband,-0.2644126153749733,-0.1205574573321805,-0.4140914743895126,NBF,189.0,-0.0908772652014939,I,1.2612303814905348,-0.5226033319540196,1.4386852314081315
Male, Private, 10th,-1.2574830180003211, Divorced, Machine-op-inspct, Not-in-family,-0.2644126153749733,1.5269141945106874,-0.4140914743895126,PVT,5.0,-0.0908772652014939,R,1.5660805701868314,-0.3609790081494562,-0.6950790750950001
Female, Private, HS-grad,-0.3903533538349704, Never-married, Other-service, Unmarried,-0.2644126153749733,-0.1205574573321805,-0.4140914743895126,PVT,5.0,-0.0908772652014939,R,-1.1276541381178722,-0.9266641414654284,-0.6950790750950001
Male, Private, HS-grad,-0.3903533538349704, Divorced, Transport-moving, Not-in-family,-0.2644126153749733,0.7031783685892541,-0.6247402824532038,PVT,5.0,-0.0908772652014939,R,1.516163580224865,-0.3609790081494562,-0.6950790750950001
Male, Private, HS-grad,-0.3903533538349704, Never-married, Other-service, Other-relative,-0.2644126153749733,-0.1205574573321805,-0.4140914743895126,NBF,5.0,-0.0908772652014939,R,-0.7586249623276186,-0.8458519795631466,-0.6950790750950001
Female, Local-gov, Bachelors,0.7658195317188305, Never-married, Prof-specialty, Not-in-family,-0.2644126153749733,-0.1205574573321805,-0.4140914743895126,NBF,5.0,-0.0908772652014939,R,-0.5981774945927254,-1.2499127890745552,-0.6950790750950001
Male, Private, HS-grad,-0.3903533538349704, Never-married, Other-service, Not-in-family,-0.2644126153749733,-0.1205574573321805,-0.4140914743895126,NBF,5.0,-0.0908772652014939,R,1.6124320608658007,-1.3307249509768369,-0.6950790750950001
Male, Private, HS-grad,-0.3903533538349704, Never-married, Adm-clerical, Own-child,-0.2644126153749733,-0.1205574573321805,-0.4140914743895126,PVT,5.0,-0.0908772652014939,R,-0.4822987678953026,-0.9266641414654284,-0.6950790750950001
Female, Private, HS-grad,-0.3903533538349704, Married-civ-spouse, Prof-specialty, Wife,-0.2644126153749733,-0.1205574573321805,-0.323813413790788,NBF,173.0,-0.0908772652014939,I,0.96885944028473,1.0936399060916138,1.4386852314081315
Female, Private, Assoc-acdm,0.4767763103303807, Never-married, Prof-specialty, Not-in-family,-0.2644126153749733,-0.1205574573321805,-0.323813413790788,PVT,189.0,-0.0908772652014939,I,0.5784372687964902,-1.0882884652699918,-0.6950790750950001
Male, Self-emp-not-inc, HS-grad,-0.3903533538349704, Never-married, Farming-fishing, Not-in-family,-0.2644126153749733,1.5269141945106874,-0.4140914743895126,NBF,5.0,-0.0908772652014939,R,0.6747057494374259,0.3663304489710788,-0.6950790750950001
Male, Self-emp-not-inc, Some-college,-0.1013101324465201, Married-civ-spouse, Other-service, Husband,-0.2644126153749733,-1.3561611962143318,2.173879596107263,PVT,5.0,-0.0908772652014939,R,-1.557296801719086,0.9320155822870502,1.4386852314081315
Male, Private, HS-grad,-0.3903533538349704, Married-civ-spouse, Prof-specialty, Husband,-0.2644126153749733,0.3736840382206801,-0.4140914743895126,PVT,5.0,-0.0908772652014939,R,-0.025914859671607,1.3360763917984593,-0.6950790750950001
Male, Private, HS-grad,-0.3903533538349704, Never-married, Craft-repair, Other-relative,-0.2644126153749733,-0.1205574573321805,-0.4140914743895126,PVT,5.0,-0.0908772652014939,R,1.0455176748691786,-1.0882884652699918,-0.6950790750950001
Female, Private, Bachelors,0.7658195317188305, Married-civ-spouse, Adm-clerical, Wife,-0.2644126153749733,-0.1205574573321805,-0.4140914743895126,NBF,189.0,-0.0908772652014939,I,0.2290183390627232,-0.6842276557585831,-0.6950790750950001
Male, Private, Assoc-acdm,0.4767763103303807, Married-civ-spouse, Other-service, Husband,-0.2644126153749733,-0.1205574573321805,2.173879596107263,PVT,5.0,-0.0908772652014939,R,0.6247887594754594,0.1238939632642336,-0.6950790750950001
Male, Private, Prof-school,1.3439059744957311, Never-married, Prof-specialty, Own-child,-0.2644126153749733,0.0441897078521065,-0.74511102991817,PVT,58.0,1.3392439082325422,M,-1.2881016058527657,-0.4417911700517379,1.4386852314081315
Female, Private, HS-grad,-0.3903533538349704, Widowed, Craft-repair, Not-in-family,-0.2644126153749733,1.5269141945106874,-0.4140914743895126,PVT,5.0,-0.0908772652014939,R,-1.0402994056844306,0.7703912584824878,1.4386852314081315
Male, Private, Some-college,-0.1013101324465201, Married-civ-spouse, Exec-managerial, Husband,3.680674107746984,0.7031783685892541,-0.4140914743895126,NBF,5.0,-0.0908772652014939,R,1.550035823413342,0.6087669346779243,1.4386852314081315
Male, Private, HS-grad,-0.3903533538349704, Never-married, Craft-repair, Unmarried,-0.2644126153749733,-0.532425370292898,-0.4140914743895126,NBF,58.0,1.3392439082325422,M,-0.1970588252554929,-1.4115371128791183,-0.6950790750950001
Female, Private, HS-grad,-0.3903533538349704, Never-married, Other-service, Not-in-family,-0.2644126153749733,1.938782107471405,-0.74511102991817,PVT,47.0,-0.0908772652014939,I,0.9866869366997176,0.2855182870687971,-0.6950790750950001
Male, Private, HS-grad,-0.3903533538349704, Married-civ-spouse, Craft-repair, Husband,-0.2644126153749733,-0.1205574573321805,-0.4140914743895126,NBF,5.0,-0.0908772652014939,R,-1.5911690449075633,-0.2801668462471749,-0.6950790750950001
Male, Private, Bachelors,0.7658195317188305, Married-civ-spouse, Sales, Husband,-0.2644126153749733,0.7031783685892541,-0.4140914743895126,PVT,191.0,-0.0908772652014939,I,1.5749943183943258,0.5279547727756421,-0.6950790750950001
Male, Private, 11th,-0.9684397966118709, Never-married, Craft-repair, Own-child,-0.2644126153749733,-0.9442932832536152,-0.4140914743895126,PVT,5.0,-0.0908772652014939,R,-0.1025730942560557,-1.3307249509768369,-0.6950790750950001
Male, Private, HS-grad,-0.3903533538349704, Married-civ-spouse, Adm-clerical, Husband,-0.2644126153749733,0.5384312034049671,-0.323813413790788,PVT,5.0,-0.0908772652014939,R,0.9100287021152692,-0.7650398176608648,1.4386852314081315
Male, Private, HS-grad,-0.3903533538349704, Married-civ-spouse, Sales, Husband,-0.2644126153749733,-0.1205574573321805,-0.4140914743895126,PVT,5.0,-0.0908772652014939,R,-0.0080873632566187,1.174452067993896,1.4386852314081315
Male, Private, HS-grad,-0.3903533538349704, Married-civ-spouse, Craft-repair, Husband,-0.2644126153749733,-0.1205574573321805,-0.4140914743895126,PVT,5.0,-0.0908772652014939,R,0.2325838383457208,1.8209493632121487,-0.6950790750950001
Male, State-gov, Bachelors,0.7658195317188305, Married-civ-spouse, Protective-serv, Husband,-0.2644126153749733,1.5269141945106874,-0.4140914743895126,PVT,5.0,-0.0908772652014939,R,-1.553731302436088,-0.0377303605403297,-0.6950790750950001
Male, Private, HS-grad,-0.3903533538349704, Married-civ-spouse, Farming-fishing, Husband,-0.2644126153749733,-0.1205574573321805,-0.4140914743895126,NBF,999.0,-0.0908772652014939,I,0.1327498584217871,1.6593250394075854,1.4386852314081315
Male, Private, 11th,-0.9684397966118709, Married-civ-spouse, Farming-fishing, Husband,-0.2644126153749733,1.1150462815499709,-0.5946475955869621,PVT,189.0,-0.0908772652014939,I,-0.2630205619909488,-0.6034154938563014,1.4386852314081315
Male, Local-gov, HS-grad,-0.3903533538349704, Married-civ-spouse, Protective-serv, Husband,-0.2644126153749733,1.1150462815499709,-0.74511102991817,PUB,189.0,-0.0908772652014939,I,-0.9226379293455088,-0.6034154938563014,1.4386852314081315
Male, Private, HS-grad,-0.3903533538349704, Married-civ-spouse, Craft-repair, Husband,-0.2644126153749733,0.7031783685892541,-0.323813413790788,NBF,5.0,-0.0908772652014939,R,-0.92085517970401,1.7401372013098677,-0.6950790750950001
Male, Private, HS-grad,-0.3903533538349704, Married-civ-spouse, Craft-repair, Husband,-0.2644126153749733,0.4560576208128236,-0.4140914743895126,PVT,5.0,-0.0908772652014939,R,-1.2292708676833046,-0.6034154938563014,-0.6950790750950001
Male, Private, Assoc-acdm,0.4767763103303807, Never-married, Adm-clerical, Not-in-family,-0.2644126153749733,-0.1205574573321805,-0.5946475955869621,PVT,5.0,-0.0908772652014939,R,-1.2987981037017584,-1.1691006271722737,-0.6950790750950001
Male, Self-emp-inc, Prof-school,1.3439059744957311, Separated, Prof-specialty, Not-in-family,-0.2644126153749733,-0.1205574573321805,-0.3839987875232711,PVT,5.0,-0.0908772652014939,R,-0.6480944845546921,1.8209493632121487,1.4386852314081315
Male, Private, HS-grad,-0.3903533538349704, Married-civ-spouse, Transport-moving, Husband,-0.2644126153749733,0.2913104556285366,-0.4140914743895126,NBF,5.0,-0.0908772652014939,R,-1.234619116607801,-1.0882884652699918,-0.6950790750950001
Female, Federal-gov, Assoc-acdm,0.4767763103303807, Divorced, Adm-clerical, Not-in-family,3.346731435600489,-0.1205574573321805,2.173879596107263,PVT,5.0,-0.0908772652014939,R,-1.093781894929395,0.4471426108733606,-0.6950790750950001
Male, Private, Masters,1.0548627531072812, Never-married, Exec-managerial, Unmarried,-0.2644126153749733,-0.1205574573321805,-0.5946475955869621,PVT,5.0,-0.0908772652014939,R,0.0721363706108275,-0.4417911700517379,-0.6950790750950001
Male, Private, Assoc-voc,0.18773308894193, Married-spouse-absent, Prof-specialty, Not-in-family,-0.2644126153749733,-0.1205574573321805,-0.4140914743895126,NBF,5.0,-0.0908772652014939,R,1.2344891368680526,0.7703912584824878,-0.6950790750950001
Male, Private, Some-college,-0.1013101324465201, Married-civ-spouse, Machine-op-inspct, Husband,-0.2644126153749733,-0.9442932832536152,-0.4140914743895126,PVT,5.0,-0.0908772652014939,R,0.2611078326097018,-0.6842276557585831,-0.6950790750950001
Male, Self-emp-not-inc, Bachelors,0.7658195317188305, Married-civ-spouse, Exec-managerial, Husband,-0.2644126153749733,-0.1205574573321805,-0.4140914743895126,PVT,189.0,-0.0908772652014939,I,-1.0884336460048984,1.174452067993896,1.4386852314081315
Male, Private, Assoc-voc,0.18773308894193, Never-married, Transport-moving, Not-in-family,-0.2644126153749733,-0.1205574573321805,-0.4140914743895126,NBF,5.0,-0.0908772652014939,R,-0.8317176976290696,-0.2801668462471749,-0.6950790750950001
Male, Private, Bachelors,0.7658195317188305, Never-married, Prof-specialty, Own-child,-0.2644126153749733,-0.1205574573321805,-0.4140914743895126,NBF,189.0,-0.0908772652014939,I,-1.179353877721338,-1.2499127890745552,-0.6950790750950001
Male, Private, Bachelors,0.7658195317188305, Divorced, Exec-managerial, Not-in-family,-0.2644126153749733,1.1150462815499709,-0.323813413790788,NBF,173.0,-0.0908772652014939,I,0.476820539231058,0.9320155822870502,1.4386852314081315
Female, Private, HS-grad,-0.3903533538349704, Separated, Tech-support, Unmarried,-0.2644126153749733,-0.1205574573321805,-0.4140914743895126,PVT,5.0,-0.0908772652014939,R,0.1309671087802883,-0.1185425224426115,-0.6950790750950001
Male, State-gov, Assoc-voc,0.18773308894193, Married-civ-spouse, Machine-op-inspct, Husband,-0.2644126153749733,-0.2853046225164671,-0.4140914743895126,PVT,5.0,-0.0908772652014939,R,-0.1685348309915119,0.1238939632642336,1.4386852314081315
Male, Private, Some-college,-0.1013101324465201, Married-civ-spouse, Transport-moving, Husband,4.744727466822466,2.3506500204321217,-0.4140914743895126,PVT,189.0,-0.0908772652014939,I,-1.5341210563796013,0.1238939632642336,1.4386852314081315
Female, Private, Masters,1.0548627531072812, Married-civ-spouse, Prof-specialty, Wife,-0.2644126153749733,-1.7680291091750493,-0.3839987875232711,NBF,58.0,1.3392439082325422,M,-0.4341645275748347,-0.0377303605403297,1.4386852314081315
Male, Private, Bachelors,0.7658195317188305, Separated, Exec-managerial, Not-in-family,-0.2644126153749733,-0.532425370292898,2.173879596107263,PVT,5.0,-0.0908772652014939,R,-0.6552254831206874,-0.1185425224426115,-0.6950790750950001
Male, Private, HS-grad,-0.3903533538349704, Married-civ-spouse, Sales, Husband,-0.2644126153749733,-0.1205574573321805,-0.4140914743895126,NBF,5.0,-0.0908772652014939,R,-1.395066584342694,1.7401372013098677,-0.6950790750950001
Male, Self-emp-inc, Bachelors,0.7658195317188305, Married-civ-spouse, Exec-managerial, Husband,-0.2644126153749733,1.5269141945106874,-0.4140914743895126,NBF,177.0,-0.0908772652014939,I,0.5909165162869816,0.5279547727756421,-0.6950790750950001
Male, Private, HS-grad,-0.3903533538349704, Married-civ-spouse, Machine-op-inspct, Husband,-0.2644126153749733,-0.1205574573321805,-0.5946475955869621,PVT,5.0,-0.0908772652014939,R,-0.298675554820925,-1.00747630336771,-0.6950790750950001
Male, Private, Some-college,-0.1013101324465201, Never-married, Other-service, Own-child,-0.2644126153749733,-2.4270177699121964,-0.4140914743895126,PVT,189.0,-0.0908772652014939,I,-0.3592890426318846,-1.6539735985859636,-0.6950790750950001
Male, Private, Bachelors,0.7658195317188305, Never-married, Prof-specialty, Not-in-family,-0.2644126153749733,-0.1205574573321805,-0.4140914743895126,PVT,5.0,-0.0908772652014939,R,0.4928652860045471,-1.3307249509768369,-0.6950790750950001
Male, Private, 11th,-0.9684397966118709, Never-married, Other-service, Own-child,-0.2644126153749733,-1.7680291091750493,2.173879596107263,NBF,5.0,-0.0908772652014939,R,1.1685274001325965,-1.6539735985859636,-0.6950790750950001
Male, Private, HS-grad,-0.3903533538349704, Never-married, Handlers-cleaners, Own-child,-0.2644126153749733,0.7031783685892541,-0.74511102991817,NBF,5.0,-0.0908772652014939,R,1.090086415906649,-1.2499127890745552,-0.6950790750950001
Male, Private, Some-college,-0.1013101324465201, Married-civ-spouse, Handlers-cleaners, Husband,-0.2644126153749733,-0.1205574573321805,2.173879596107263,PVT,5.0,-0.0908772652014939,R,1.6552180522617723,-0.8458519795631466,-0.6950790750950001
Male, Private, HS-grad,-0.3903533538349704, Married-civ-spouse, Transport-moving, Husband,-0.2644126153749733,-0.1205574573321805,-0.3839987875232711,HFC,58.0,1.3392439082325422,M,0.2236700901382265,0.2047061251665154,1.4386852314081315
Female, Private, Some-college,-0.1013101324465201, DIVORCED, Exec-managerial, Not-in-family,-0.2644126153749733,-0.2853046225164671,-0.4140914743895126,NBF,189.0,-0.0908772652014939,I,-1.4128940807576822,0.7703912584824878,-0.6950790750950001
Male, Private, Bachelors,0.7658195317188305, Married-civ-spouse, Exec-managerial, Husband,-0.2644126153749733,0.7031783685892541,2.173879596107263,PVT,5.0,-0.0908772652014939,R,0.5641752716644998,-0.4417911700517379,1.4386852314081315
Male, Private, Some-college,-0.1013101324465201, Married-civ-spouse, Craft-repair, Husband,-0.2644126153749733,-0.1205574573321805,-0.4140914743895126,PVT,5.0,-0.0908772652014939,R,-1.1989641237778248,1.4977007156030229,1.4386852314081315
Male, Private, Bachelors,0.7658195317188305, Married-civ-spouse, Adm-clerical, Husband,-0.2644126153749733,-0.1205574573321805,-0.4140914743895126,NBF,189.0,-0.0908772652014939,I,0.2147563419307325,-1.00747630336771,1.4386852314081315
Male, Private, HS-grad,-0.3903533538349704, Married-civ-spouse, Transport-moving, Husband,-0.2644126153749733,0.7031783685892541,2.173879596107263,PVT,5.0,-0.0908772652014939,R,1.2915371253960146,-0.3609790081494562,-0.6950790750950001
Female, Private, HS-grad,-0.3903533538349704, Separated, Transport-moving, Unmarried,-0.2644126153749733,-0.9442932832536152,-0.4140914743895126,PVT,5.0,-0.0908772652014939,R,1.7122660407897343,-0.0377303605403297,-0.6950790750950001
Male, Private, Assoc-voc,0.18773308894193, Married-civ-spouse, Craft-repair, Husband,-0.2644126153749733,0.5384312034049671,-0.4140914743895126,NBF,5.0,-0.0908772652014939,R,0.0079573835168703,2.0633858489189945,-0.6950790750950001
Male, Private, Assoc-acdm,0.4767763103303807, Married-civ-spouse, Exec-managerial, Husband,-0.2644126153749733,0.7031783685892541,2.173879596107263,PVT,5.0,-0.0908772652014939,R,1.6088665615828033,-0.2801668462471749,1.4386852314081315
Male, Private, HS-grad,-0.3903533538349704, Married-civ-spouse, Handlers-cleaners, Husband,-0.2644126153749733,0.0441897078521065,-0.4140914743895126,PVT,5.0,-0.0908772652014939,R,-0.025914859671607,-0.7650398176608648,-0.6950790750950001
Male, Private, Assoc-voc,0.18773308894193, Married-civ-spouse, Craft-repair, Husband,-0.2644126153749733,-0.1205574573321805,-0.3839987875232711,HFC,58.0,-0.0908772652014939,M,-1.509162561398618,0.7703912584824878,1.4386852314081315
Female, Private, Masters,1.0548627531072812, Divorced, Exec-managerial, Not-in-family,-0.2644126153749733,0.7031783685892541,-0.4140914743895126,NBF,189.0,-0.0908772652014939,I,1.644521554412779,0.5279547727756421,1.4386852314081315
Female, Private, Bachelors,0.7658195317188305, Never-married, Sales, Unmarried,-0.2644126153749733,-0.1205574573321805,-0.4140914743895126,NBF,5.0,-0.0908772652014939,R,-0.5892637463852315,2.0633858489189945,-0.6950790750950001
Male, State-gov, Some-college,-0.1013101324465201, Never-married, Prof-specialty, Own-child,-0.2644126153749733,-0.1205574573321805,-0.4140914743895126,PVT,5.0,-0.0908772652014939,R,0.8226739696818273,-1.573161436683682,-0.6950790750950001
Male, Private, 5th-6th,-2.1246126821656723, Never-married, Craft-repair, Not-in-family,-0.2644126153749733,-0.1205574573321805,-0.4140914743895126,NBF,5.0,-0.0908772652014939,R,0.9064632028322716,-1.2499127890745552,-0.6950790750950001
Female, Private, 9th,-1.5465262393887718, Widowed, Other-service, Not-in-family,-0.2644126153749733,-1.7680291091750493,2.173879596107263,PVT,5.0,-0.0908772652014939,R,0.4233380499860935,1.982573687016712,-0.6950790750950001
Male, Private, Assoc-voc,0.18773308894193, Never-married, Craft-repair, Not-in-family,-0.2644126153749733,0.208936873036393,-0.4140914743895126,NBF,5.0,-0.0908772652014939,R,-0.3307650483679038,0.2855182870687971,-0.6950790750950001
Male, Private, 11th,-0.9684397966118709, Married-civ-spouse, Handlers-cleaners, Husband,-0.2644126153749733,-0.1205574573321805,-0.5043695349882374,NBF,5.0,-0.0908772652014939,R,0.7050124933429056,1.0128277441893323,-0.6950790750950001
Female, Private, 11th,-0.9684397966118709, Never-married, Sales, Own-child,-0.2644126153749733,-1.3561611962143318,2.173879596107263,PVT,5.0,-0.0908772652014939,R,0.4197725507030959,-1.6539735985859636,-0.6950790750950001
Male, Self-emp-not-inc, 11th,-0.9684397966118709, Married-civ-spouse, Craft-repair, Husband,-0.2644126153749733,-1.7680291091750493,-0.4140914743895126,NBF,173.0,-0.0908772652014939,I,0.7994982243423426,1.4168885537007403,-0.6950790750950001
Male, Private, Bachelors,0.7658195317188305, Never-married, Exec-managerial, Not-in-family,-0.2644126153749733,0.0441897078521065,-0.4140914743895126,NBF,5.0,-0.0908772652014939,R,1.4626810909799006,-0.6842276557585831,-0.6950790750950001
Male, Self-emp-not-inc, 10th,-1.2574830180003211, Divorced, Exec-managerial, Own-child,-0.2644126153749733,1.5269141945106874,-0.4140914743895126,NBF,5.0,-0.0908772652014939,R,-0.384247537612868,1.4977007156030229,1.4386852314081315
Male, Private, 7th-8th,-1.835569460777222, Married-civ-spouse, Transport-moving, Husband,-0.2644126153749733,0.208936873036393,-0.323813413790788,NBF,5.0,-0.0908772652014939,R,-0.3682027908393788,1.4977007156030229,1.4386852314081315
Male, Private, HS-grad,-0.3903533538349704, Married-civ-spouse, Exec-managerial, Husband,-0.2644126153749733,0.7031783685892541,2.173879596107263,PVT,5.0,-0.0908772652014939,R,-0.5215192600082765,1.578512877505304,1.4386852314081315
Male, Private, Some-college,-0.1013101324465201, Married-civ-spouse, Exec-managerial, Husband,-0.2644126153749733,1.5269141945106874,2.173879596107263,PVT,5.0,-0.0908772652014939,R,-1.0527786531749224,0.2047061251665154,1.4386852314081315
Male, Self-emp-not-inc, Bachelors,0.7658195317188305, Married-civ-spouse, Exec-managerial, Husband,-0.2644126153749733,-0.1205574573321805,-0.4140914743895126,NBF,5.0,-0.0908772652014939,R,0.7656259811538653,1.9017615251144309,-0.6950790750950001
Male, Private, Some-college,-0.1013101324465201, Married-civ-spouse, Craft-repair, Husband,-0.2644126153749733,-0.1205574573321805,2.173879596107263,NBF,5.0,-0.0908772652014939,R,-1.3897183354181977,-0.5226033319540196,-0.6950790750950001
Male, Self-emp-inc, HS-grad,-0.3903533538349704, Married-civ-spouse, Craft-repair, Husband,-0.2644126153749733,0.3736840382206801,-0.4140914743895126,PVT,5.0,-0.0908772652014939,R,-1.3487150936637249,-0.1993546843448932,1.4386852314081315
Male, Private, 7th-8th,-1.835569460777222, Married-civ-spouse, Prof-specialty, Husband,-0.2644126153749733,-1.7680291091750493,2.173879596107263,PVT,5.0,-0.0908772652014939,R,1.4644638406213994,1.9017615251144309,-0.6950790750950001
Female, Private, 9th,-1.5465262393887718, Separated, Machine-op-inspct, Unmarried,-0.2644126153749733,-0.532425370292898,-0.4140914743895126,NBF,123.0,-0.0908772652014939,I,-1.1062611424198867,-0.3609790081494562,-0.6950790750950001
Male, Private, HS-grad,-0.3903533538349704, Married-civ-spouse, Machine-op-inspct, Husband,-0.2644126153749733,-0.1205574573321805,-0.4140914743895126,PVT,191.0,-0.0908772652014939,I,-0.3931612858203622,-0.7650398176608648,-0.6950790750950001
Male, Local-gov, Assoc-acdm,0.4767763103303807, Never-married, Protective-serv, Unmarried,-0.2644126153749733,-0.1205574573321805,-0.5946475955869621,SRC,5.0,-0.0908772652014939,R,0.3948140557221125,-0.6034154938563014,-0.6950790750950001
Male, Private, Bachelors,0.7658195317188305, Never-married, Tech-support, Not-in-family,-0.2644126153749733,-0.1205574573321805,-0.4140914743895126,PVT,5.0,-0.0908772652014939,R,1.11861041017063,-0.9266641414654284,-0.6950790750950001
Male, Private, HS-grad,-0.3903533538349704, Married-civ-spouse, Adm-clerical, Husband,-0.2644126153749733,-0.532425370292898,-0.5946475955869621,PVT,5.0,-0.0908772652014939,R,-0.6570082327621862,-0.6034154938563014,-0.6950790750950001
Male, Private, HS-grad,-0.3903533538349704, Married-civ-spouse, Handlers-cleaners, Husband,-0.2644126153749733,-0.1205574573321805,-0.3839987875232711,HFC,58.0,1.3392439082325422,M,-0.4377300268578324,1.4168885537007403,1.4386852314081315
Female, Private, HS-grad,-0.3903533538349704, Never-married, Sales, Not-in-family,-0.2644126153749733,-0.6971725354771846,-0.4140914743895126,PVT,189.0,-0.0908772652014939,I,-0.8602416918930504,-0.0377303605403297,-0.6950790750950001
Female, Private, Bachelors,0.7658195317188305, Never-married, Adm-clerical, Not-in-family,-0.2644126153749733,-0.1205574573321805,2.173879596107263,NBF,5.0,-0.0908772652014939,R,0.6764884990789246,-0.7650398176608648,-0.6950790750950001
Female, Private, HS-grad,-0.3903533538349704, Divorced, Adm-clerical, Not-in-family,-0.2644126153749733,-0.1205574573321805,-0.4140914743895126,PVT,173.0,-0.0908772652014939,I,1.271926879339528,-0.6842276557585831,-0.6950790750950001
Male, Local-gov, Bachelors,0.7658195317188305, Divorced, Prof-specialty, Not-in-family,-0.2644126153749733,0.7031783685892541,-0.4140914743895126,NBF,5.0,-0.0908772652014939,R,-0.8638071911760481,-0.7650398176608648,-0.6950790750950001
Female, Private, Bachelors,0.7658195317188305, Never-married, Exec-managerial, Not-in-family,-0.2644126153749733,1.1150462815499709,-0.74511102991817,NBF,191.0,-0.0908772652014939,I,0.4875170370800507,-0.4417911700517379,1.4386852314081315
Male, Federal-gov, Some-college,-0.1013101324465201, Married-civ-spouse, Adm-clerical, Husband,2.815741845106682,-0.1205574573321805,-0.4140914743895126,NBF,184.0,-0.0908772652014939,I,0.0008263849508751,0.4471426108733606,1.4386852314081315
Female, Private, HS-grad,-0.3903533538349704, Divorced, Adm-clerical, Unmarried,-0.2644126153749733,-0.2853046225164671,-0.4140914743895126,NBF,5.0,-0.0908772652014939,R,0.5873510170039841,0.1238939632642336,-0.6950790750950001
Female, Private, Some-college,-0.1013101324465201, Never-married, Adm-clerical, Not-in-family,-0.2644126153749733,-1.4385347788064753,-0.4140914743895126,PVT,5.0,-0.0908772652014939,R,-0.148924584935025,-1.2499127890745552,-0.6950790750950001
Male, Self-emp-not-inc, Bachelors,0.7658195317188305, Married-civ-spouse, Prof-specialty, Husband,-0.2644126153749733,1.5269141945106874,-0.3839987875232711,HFC,5.0,-0.0908772652014939,R,1.683742046525753,1.0936399060916138,1.4386852314081315
Male, Private, Masters,1.0548627531072812, Married-civ-spouse, Adm-clerical, Husband,-0.2644126153749733,-0.1205574573321805,-0.4140914743895126,NBF,189.0,-0.0908772652014939,I,0.4144243017785995,0.4471426108733606,-0.6950790750950001
Male, Private, HS-grad,-0.3903533538349704, Never-married, Tech-support, Not-in-family,-0.2644126153749733,-0.1205574573321805,-0.4140914743895126,PVT,123.0,-0.0908772652014939,I,0.3038938240056731,-0.2801668462471749,-0.6950790750950001
Male, Self-emp-inc, Assoc-acdm,0.4767763103303807, Married-civ-spouse, Craft-repair, Husband,-0.2644126153749733,-0.1205574573321805,-0.4140914743895126,PVT,5.0,-0.0908772652014939,R,1.079389918057656,1.6593250394075854,-0.6950790750950001
Male, Private, HS-grad,-0.3903533538349704, Never-married, Craft-repair, Not-in-family,-0.2644126153749733,0.7031783685892541,-0.4140914743895126,NBF,123.0,-0.0908772652014939,I,-0.0116528625396163,-1.1691006271722737,-0.6950790750950001
Male, Private, 10th,-1.2574830180003211, Married-civ-spouse, Machine-op-inspct, Husband,-0.2644126153749733,0.7031783685892541,2.173879596107263,NBF,189.0,-0.0908772652014939,I,-0.7033597234411553,-0.2801668462471749,-0.6950790750950001
Male, Local-gov, Masters,1.0548627531072812, Married-civ-spouse, Exec-managerial, Husband,3.680674107746984,0.7031783685892541,2.173879596107263,PVT,189.0,-0.0908772652014939,I,0.4376000471180838,0.3663304489710788,1.4386852314081315
Female, Private, HS-grad,-0.3903533538349704, Never-married, Sales, Own-child,-0.2644126153749733,-1.7680291091750493,-0.4140914743895126,NBF,189.0,-0.0908772652014939,I,-0.6142222413662147,-1.6539735985859636,-0.6950790750950001
Male, Private, 10th,-1.2574830180003211, Separated, Machine-op-inspct, Own-child,-0.2644126153749733,-0.532425370292898,2.173879596107263,PVT,5.0,-0.0908772652014939,R,-1.28097060728677,-0.9266641414654284,-0.6950790750950001
Female, Private, HS-grad,-0.3903533538349704, Never-married, Other-service, Unmarried,-0.2644126153749733,0.2913104556285366,-0.4140914743895126,NBF,121.0,-0.0908772652014939,I,-0.5518260039137564,1.0936399060916138,-0.6950790750950001
Male, Private, Some-college,-0.1013101324465201, Divorced, Craft-repair, Not-in-family,-0.2644126153749733,-0.1205574573321805,-0.4140914743895126,NBF,5.0,-0.0908772652014939,R,1.382457357112454,-0.6034154938563014,-0.6950790750950001
Male, Private, HS-grad,-0.3903533538349704, Married-civ-spouse, Machine-op-inspct, Husband,-0.2644126153749733,-0.1205574573321805,-0.4140914743895126,NBF,189.0,-0.0908772652014939,I,-0.5821327478192362,1.174452067993896,-0.6950790750950001
Male, Private, Some-college,-0.1013101324465201, Married-civ-spouse, Machine-op-inspct, Husband,-0.2644126153749733,-0.1205574573321805,-0.4140914743895126,PVT,5.0,-0.0908772652014939,R,-0.6195704902907111,-0.5226033319540196,-0.6950790750950001
Male, State-gov, Bachelors,0.7658195317188305, Never-married, Prof-specialty, Not-in-family,-0.2644126153749733,-0.1205574573321805,-0.4140914743895126,NBF,5.0,-0.0908772652014939,R,-1.1633091309478485,-0.9266641414654284,-0.6950790750950001
Male, Local-gov, HS-grad,-0.3903533538349704, Married-civ-spouse, Transport-moving, Husband,-0.2644126153749733,-0.1205574573321805,-0.4140914743895126,PVT,5.0,-0.0908772652014939,R,0.751363984021875,-0.6034154938563014,-0.6950790750950001
Male, Private, Some-college,-0.1013101324465201, Never-married, Sales, Own-child,-0.2644126153749733,-2.1798970221357665,-0.4140914743895126,PVT,5.0,-0.0908772652014939,R,-0.3289822987264048,-1.6539735985859636,-0.6950790750950001
Male, Private, Some-college,-0.1013101324465201, Married-civ-spouse, Adm-clerical, Husband,-0.2644126153749733,-0.1205574573321805,2.173879596107263,PVT,5.0,-0.0908772652014939,R,1.3396713657164827,1.2552642298961771,1.4386852314081315
Male, Self-emp-not-inc, Doctorate,1.6329491958841815, Married-civ-spouse, Transport-moving, Husband,3.888091916533628,0.2913104556285366,2.173879596107263,NBF,5.0,-0.0908772652014939,R,0.9296389481717556,0.6895790965802056,-0.6950790750950001
Male, Private, HS-grad,-0.3903533538349704, Married-civ-spouse, Craft-repair, Husband,-0.2644126153749733,-0.1205574573321805,-0.323813413790788,NBF,130.0,1.3392439082325422,I,0.7281882386823904,-0.1185425224426115,1.4386852314081315
Male, Self-emp-not-inc, Assoc-voc,0.18773308894193, Divorced, Exec-managerial, Not-in-family,-0.2644126153749733,-1.3561611962143318,2.173879596107263,PVT,5.0,-0.0908772652014939,R,0.4269035492690911,0.3663304489710788,-0.6950790750950001
Male, Private, HS-grad,-0.3903533538349704, Married-civ-spouse, Protective-serv, Husband,-0.2644126153749733,-0.1205574573321805,-0.4140914743895126,PVT,5.0,-0.0908772652014939,R,0.5962647652114784,1.0128277441893323,1.4386852314081315
Male, Local-gov, Prof-school,1.3439059744957311, Married-civ-spouse, Prof-specialty, Husband,3.680674107746984,-0.1205574573321805,2.173879596107263,PVT,5.0,-0.0908772652014939,R,1.6908730450917482,1.3360763917984593,1.4386852314081315
Male, Private, HS-grad,-0.3903533538349704, Married-civ-spouse, Craft-repair, Husband,-0.2644126153749733,-0.1205574573321805,-0.5946475955869621,PVT,47.0,-0.0908772652014939,I,-0.4002922843863573,-1.0882884652699918,1.4386852314081315
Female, Private, Bachelors,0.7658195317188305, Never-married, Adm-clerical, Not-in-family,-0.2644126153749733,-0.1205574573321805,-0.4140914743895126,NBF,5.0,-0.0908772652014939,R,-1.1044783927783877,-1.00747630336771,-0.6950790750950001
Female, Federal-gov, HS-grad,-0.3903533538349704, Never-married, Exec-managerial, Unmarried,2.597953145880706,-0.1205574573321805,-0.323813413790788,PVT,5.0,-0.0908772652014939,R,0.8779392085682906,-0.5226033319540196,-0.6950790750950001
Female, Private, HS-grad,-0.3903533538349704, Never-married, Other-service, Not-in-family,-0.2644126153749733,-0.1205574573321805,-0.323813413790788,NBF,189.0,-0.0908772652014939,I,-1.1347851366838675,-0.2801668462471749,-0.6950790750950001
Female, Private, Masters,1.0548627531072812, Divorced, Other-service, Not-in-family,-0.2644126153749733,-1.932776274359336,-0.2937207269245463,NBF,5.0,-0.0908772652014939,R,0.4554275435330721,1.0128277441893323,1.4386852314081315
Male, Private, HS-grad,-0.3903533538349704, Never-married, Handlers-cleaners, Own-child,-0.2644126153749733,-1.3561611962143318,-0.4140914743895126,NBF,5.0,-0.0908772652014939,R,1.4983360838098767,-1.3307249509768369,-0.6950790750950001
Male, Self-emp-inc, Some-college,-0.1013101324465201, Married-civ-spouse, Exec-managerial, Husband,-0.2644126153749733,4.162868837459278,-0.5946475955869621,PVT,5.0,-0.0908772652014939,R,-0.6070912428002195,0.3663304489710788,1.4386852314081315
Male, State-gov, HS-grad,-0.3903533538349704, Never-married, Craft-repair, Unmarried,-0.2644126153749733,0.7031783685892541,-0.4140914743895126,PVT,5.0,-0.0908772652014939,R,-0.2505413145004571,-1.00747630336771,-0.6950790750950001
Male, Private, HS-grad,-0.3903533538349704, Divorced, Exec-managerial, Not-in-family,-0.2644126153749733,1.5269141945106874,-0.74511102991817,PVT,191.0,-0.0908772652014939,I,0.4393827967595826,-0.4417911700517379,-0.6950790750950001
Female, Private, HS-grad,-0.3903533538349704, Never-married, Other-service, Unmarried,-0.2644126153749733,-0.1205574573321805,2.173879596107263,NBF,189.0,-0.0908772652014939,I,0.1113568627238016,-1.4115371128791183,-0.6950790750950001
Male, Private, HS-grad,-0.3903533538349704, Never-married, Handlers-cleaners, Own-child,-0.2644126153749733,-1.7680291091750493,-0.4140914743895126,NBF,5.0,-0.0908772652014939,R,-1.0117754114204496,-1.4115371128791183,-0.6950790750950001
Male, Private, Some-college,-0.1013101324465201, Married-civ-spouse, Transport-moving, Husband,-0.2644126153749733,-0.1205574573321805,-0.323813413790788,NBF,5.0,-0.0908772652014939,R,-1.3522805929467223,0.5279547727756421,-0.6950790750950001
Male, Private, HS-grad,-0.3903533538349704, Never-married, Craft-repair, Own-child,-0.2644126153749733,-0.9442932832536152,-0.4742768481219959,NBF,5.0,-0.0908772652014939,R,-0.3040238037454216,-1.4923492747814002,-0.6950790750950001
Male, Self-emp-not-inc, HS-grad,-0.3903533538349704, Married-civ-spouse, Craft-repair, Husband,3.3446572575126226,-0.1205574573321805,2.173879596107263,PVT,5.0,-0.0908772652014939,R,0.7709742300783616,1.9017615251144309,-0.6950790750950001
Female, Private, HS-grad,-0.3903533538349704, Never-married, Prof-specialty, Not-in-family,-0.2644126153749733,0.2913104556285366,-0.4140914743895126,PVT,5.0,-0.0908772652014939,R,0.1505773548367753,1.4168885537007403,-0.6950790750950001
Male, Private, Masters,1.0548627531072812, Married-civ-spouse, Prof-specialty, Husband,-0.2644126153749733,-0.1205574573321805,-0.3839987875232711,HFC,58.0,1.3392439082325422,M,-0.7390147162711315,0.3663304489710788,1.4386852314081315
Male, Self-emp-not-inc, Bachelors,-0.1013101324465201, Married-civ-spouse, Exec-managerial, Husband,-0.2644126153749733,-0.1205574573321805,-0.323813413790788,NBF,173.0,-0.0908772652014939,I,-1.6535652823600218,1.2552642298961771,1.4386852314081315
Male, Self-emp-inc, 7th-8th,-1.835569460777222, Married-civ-spouse, Machine-op-inspct, Husband,-0.2644126153749733,-0.1205574573321805,-0.323813413790788,NBF,5.0,-0.0908772652014939,R,1.3895883556784494,1.2552642298961771,1.4386852314081315
Male, Self-emp-not-inc, HS-grad,-0.3903533538349704, Married-civ-spouse, Transport-moving, Husband,-0.2644126153749733,-0.9442932832536152,-0.4140914743895126,NBF,5.0,-0.0908772652014939,R,1.1596136519251026,-0.1185425224426115,-0.6950790750950001
Male, Private, Some-college,-0.1013101324465201, Divorced, Machine-op-inspct, Unmarried,-0.2644126153749733,1.3621670293264014,-0.4140914743895126,PVT,123.0,-0.0908772652014939,I,1.173875649057093,0.4471426108733606,1.4386852314081315
Male, Local-gov, Bachelors,0.7658195317188305, Married-civ-spouse, Prof-specialty, Husband,-0.2644126153749733,-0.1205574573321805,-0.3839987875232711,HFC,5.0,-0.0908772652014939,R,0.8957667049832784,1.3360763917984593,1.4386852314081315
Male, Private, HS-grad,-0.3903533538349704, Married-civ-spouse, Sales, Husband,-0.2644126153749733,0.6208047859971102,-0.3839987875232711,HFC,121.0,-0.0908772652014939,I,0.7157089911918983,0.2047061251665154,1.4386852314081315
Male, Federal-gov, Bachelors,0.7658195317188305, Married-civ-spouse, Prof-specialty, Husband,-0.2644126153749733,-0.1205574573321805,-0.4140914743895126,PVT,123.0,-0.0908772652014939,I,-1.5341210563796013,-0.0377303605403297,1.4386852314081315
Male, Private, 11th,-0.9684397966118709, Never-married, Handlers-cleaners, Own-child,-0.2644126153749733,-2.591764935096484,-0.4140914743895126,NBF,5.0,-0.0908772652014939,R,0.0596571231203359,-1.7347857604882453,-0.6950790750950001
Female, Private, HS-grad,-0.3903533538349704, Married-civ-spouse, Adm-clerical, Wife,-0.2644126153749733,-0.1205574573321805,-0.4140914743895126,PVT,5.0,-0.0908772652014939,R,-1.1722228791553426,1.578512877505304,1.4386852314081315
Male, Private, Some-college,-0.1013101324465201, Married-civ-spouse, Transport-moving, Husband,-0.2644126153749733,0.2913104556285366,2.173879596107263,PVT,5.0,-0.0908772652014939,R,-1.3094946015507511,-0.2801668462471749,1.4386852314081315
Female, Private, Some-college,-0.1013101324465201, Widowed, Other-service, Other-relative,-0.2644126153749733,0.2913104556285366,2.173879596107263,PVT,58.0,-0.0908772652014939,M,1.619563059431796,-0.0377303605403297,-0.6950790750950001
Male, Local-gov, 11th,-0.9684397966118709, Never-married, Adm-clerical, Own-child,-0.2644126153749733,-2.4270177699121964,-0.5946475955869621,PVT,5.0,-0.0908772652014939,R,1.382457357112454,-1.6539735985859636,-0.6950790750950001
Male, Private, Some-college,-0.1013101324465201, Married-civ-spouse, Craft-repair, Husband,-0.2644126153749733,0.4560576208128236,-0.74511102991817,PVT,5.0,-0.0908772652014939,R,-1.4075458318331855,1.174452067993896,1.4386852314081315
Female, Private, HS-grad,-0.3903533538349704, Never-married, Adm-clerical, Not-in-family,-0.2644126153749733,0.7031783685892541,-0.4140914743895126,NBF,189.0,-0.0908772652014939,I,1.0847381669821528,-1.00747630336771,-0.6950790750950001
Female, Federal-gov, Some-college,-0.1013101324465201, Divorced, Exec-managerial, Not-in-family,-0.2644126153749733,0.7031783685892541,2.173879596107263,NBF,123.0,-0.0908772652014939,I,1.3468023642824778,0.8512034203847689,-0.6950790750950001
Male, Private, HS-grad,-0.3903533538349704, Married-civ-spouse, Sales, Husband,-0.2644126153749733,1.1150462815499709,-0.323813413790788,NBF,173.0,-0.0908772652014939,I,0.628354258758457,-0.2801668462471749,1.4386852314081315
Male, Self-emp-not-inc, Some-college,-0.1013101324465201, Married-civ-spouse, Farming-fishing, Husband,3.0107145853661264,1.5269141945106874,-0.4140914743895126,PVT,999.0,-0.0908772652014939,I,-0.8548934429685541,1.6593250394075854,-0.6950790750950001
Male, Private, Some-college,-0.1013101324465201, Never-married, Transport-moving, Not-in-family,-0.2644126153749733,-0.1205574573321805,-0.4140914743895126,NBF,5.0,-0.0908772652014939,R,0.4001623046466089,-1.3307249509768369,-0.6950790750950001
Female, Private, 11th,-0.9684397966118709, Never-married, Other-service, Own-child,-0.2644126153749733,-2.1798970221357665,-0.4140914743895126,NBF,5.0,-0.0908772652014939,R,0.9920351856242146,-1.7347857604882453,-0.6950790750950001
Male, Self-emp-inc, Masters,1.0548627531072812, Never-married, Other-service, Own-child,-0.2644126153749733,4.739483915604281,-0.4140914743895126,NBF,173.0,-0.0908772652014939,I,0.5178237809855305,0.1238939632642336,-0.6950790750950001
Male, Private, HS-grad,-0.3903533538349704, Never-married, Sales, Own-child,-0.2644126153749733,0.7031783685892541,2.173879596107263,PVT,5.0,-0.0908772652014939,R,1.1952686447550789,-1.573161436683682,-0.6950790750950001
Female, Self-emp-inc, Bachelors,0.7658195317188305, Separated, Prof-specialty, Not-in-family,-0.2644126153749733,0.7031783685892541,-0.4140914743895126,PVT,191.0,-0.0908772652014939,I,-0.933334427194502,-0.2801668462471749,-0.6950790750950001
Female, Private, HS-grad,-0.3903533538349704, Divorced, Adm-clerical, Unmarried,-0.2644126153749733,-0.1205574573321805,-0.323813413790788,PVT,5.0,-0.0908772652014939,R,-1.2364018662493,0.0430818013619519,-0.6950790750950001
Male, Self-emp-not-inc, HS-grad,-0.3903533538349704, Married-civ-spouse, Craft-repair, Husband,-0.2644126153749733,2.3506500204321217,-0.4140914743895126,PVT,999.0,-0.0908772652014939,I,0.65331275373944,1.0128277441893323,-0.6950790750950001
Male, Private, Prof-school,1.3439059744957311, Never-married, Prof-specialty, Not-in-family,-0.2644126153749733,-0.1205574573321805,-0.74511102991817,NBF,5.0,-0.0908772652014939,R,0.8066292229083378,-0.5226033319540196,-0.6950790750950001
Male, Private, HS-grad,-0.3903533538349704, Married-civ-spouse, Exec-managerial, Husband,-0.2644126153749733,0.7031783685892541,2.173879596107263,PVT,5.0,-0.0908772652014939,R,0.4179898010615971,0.7703912584824878,1.4386852314081315
Female, Private, 11th,-0.9684397966118709, Never-married, Other-service, Own-child,-0.2644126153749733,-1.7680291091750493,2.173879596107263,PVT,5.0,-0.0908772652014939,R,1.5518185730548413,-1.6539735985859636,-0.6950790750950001
Male, Private, HS-grad,-0.3903533538349704, Married-civ-spouse, Craft-repair, Husband,-0.2644126153749733,-0.1205574573321805,-0.4140914743895126,PVT,5.0,-0.0908772652014939,R,-0.3717682901223763,-0.2801668462471749,-0.6950790750950001
Female, Private, Some-college,-0.1013101324465201, Never-married, Other-service, Own-child,-0.2644126153749733,-0.9442932832536152,-0.5946475955869621,PVT,123.0,-0.0908772652014939,I,0.0329158784978537,-1.4923492747814002,-0.6950790750950001
Male, Private, HS-grad,-0.3903533538349704, Married-civ-spouse, Craft-repair, Husband,-0.2644126153749733,-0.1205574573321805,2.173879596107263,PVT,5.0,-0.0908772652014939,R,0.6978814947769105,-1.2499127890745552,-0.6950790750950001
Male, Self-emp-not-inc, HS-grad,-0.3903533538349704, Married-civ-spouse, Sales, Husband,3.680674107746984,1.5269141945106874,-0.5946475955869621,PVT,130.0,1.3392439082325422,I,-0.2077553231044858,-0.3609790081494562,1.4386852314081315
Male, Private, 11th,-0.9684397966118709, Married-civ-spouse, Farming-fishing, Own-child,-0.2644126153749733,-0.1205574573321805,-0.4140914743895126,NBF,5.0,-0.0908772652014939,R,-1.2577948619472856,-1.4923492747814002,-0.6950790750950001
Male, Private, Masters,1.0548627531072812, Married-civ-spouse, Sales, Husband,3.836237464336967,1.1150462815499709,2.173879596107263,PVT,58.0,-0.0908772652014939,M,0.4982135349290434,0.0430818013619519,1.4386852314081315
Male, Private, HS-grad,-0.3903533538349704, Never-married, Sales, Unmarried,-0.2644126153749733,0.0441897078521065,2.173879596107263,PVT,5.0,-0.0908772652014939,R,0.1327498584217871,-0.0377303605403297,-0.6950790750950001
Male, Private, HS-grad,-0.3903533538349704, Married-civ-spouse, Transport-moving, Husband,-0.2644126153749733,-1.7680291091750493,2.173879596107263,PUB,999.0,-0.0908772652014939,I,-0.2612378123494501,-0.4417911700517379,-0.6950790750950001
Male, Private, Some-college,-0.1013101324465201, Divorced, Sales, Not-in-family,-0.2644126153749733,1.938782107471405,-0.323813413790788,NBF,173.0,-0.0908772652014939,I,-0.1382280870860319,1.2552642298961771,1.4386852314081315
Male, Private, Bachelors,0.7658195317188305, Married-civ-spouse, Prof-specialty, Husband,3.836237464336967,0.7031783685892541,2.173879596107263,PVT,5.0,-0.0908772652014939,R,0.9332044474547536,-0.6842276557585831,1.4386852314081315
Female, Self-emp-not-inc, 10th,-1.2574830180003211, Married-spouse-absent, Other-service, Not-in-family,3.30524787384316,-2.1798970221357665,-0.5946475955869621,PVT,5.0,-0.0908772652014939,R,0.8012809739838415,0.0430818013619519,-0.6950790750950001
Male, Private, Bachelors,0.7658195317188305, Married-civ-spouse, Exec-managerial, Husband,-0.2644126153749733,-0.1205574573321805,-0.5645549087207206,PUB,130.0,-0.0908772652014939,I,-1.272056859079276,-0.4417911700517379,1.4386852314081315
Male, Self-emp-not-inc, HS-grad,-0.3903533538349704, Married-civ-spouse, Farming-fishing, Husband,-0.2644126153749733,0.2913104556285366,-0.5043695349882374,PVT,189.0,-0.0908772652014939,I,1.487639585960884,1.4168885537007403,-0.6950790750950001
Male, Private, Some-college,-0.1013101324465201, Married-civ-spouse, Sales, Husband,-0.2644126153749733,0.2913104556285366,-0.4140914743895126,PVT,5.0,-0.0908772652014939,R,1.3271921182259911,0.5279547727756421,-0.6950790750950001
Male, Private, HS-grad,-0.3903533538349704, Married-civ-spouse, Craft-repair, Husband,-0.2644126153749733,0.7031783685892541,-0.74511102991817,NBF,5.0,-0.0908772652014939,R,1.6730455486767604,-1.4115371128791183,-0.6950790750950001
Male, Private, Some-college,-0.1013101324465201, Married-civ-spouse, Transport-moving, Husband,-0.2644126153749733,-0.1205574573321805,-0.3839987875232711,HFC,58.0,1.3392439082325422,M,-0.4145542815183478,1.4168885537007403,1.4386852314081315
Male, Private, 10th,-1.2574830180003211, Divorced, Craft-repair, Not-in-family,-0.2644126153749733,-0.1205574573321805,-0.4140914743895126,NBF,5.0,-0.0908772652014939,R,-0.1435763360105284,-0.0377303605403297,-0.6950790750950001
Male, Federal-gov, Masters,1.0548627531072812, Married-civ-spouse, Tech-support, Husband,-0.2644126153749733,-0.1205574573321805,-0.4140914743895126,PVT,5.0,-0.0908772652014939,R,0.7781052286443572,0.9320155822870502,1.4386852314081315
Male, Self-emp-inc, Prof-school,1.3439059744957311, Married-civ-spouse, Prof-specialty, Husband,-0.2644126153749733,1.5269141945106874,-0.323813413790788,PVT,5.0,-0.0908772652014939,R,1.0134281813222,-0.1185425224426115,1.4386852314081315
Female, Private, Assoc-acdm,0.4767763103303807, Never-married, Other-service, Unmarried,-0.2644126153749733,-0.532425370292898,-0.4140914743895126,NBF,189.0,1.3392439082325422,I,-1.2310536173248037,-1.3307249509768369,-0.6950790750950001
Male, Self-emp-inc, Bachelors,0.7658195317188305, Married-civ-spouse, Prof-specialty, Husband,-0.2644126153749733,0.7031783685892541,-0.4140914743895126,NBF,189.0,-0.0908772652014939,I,-0.7051424730826541,1.4977007156030229,1.4386852314081315
Male, Private, 5th-6th,-2.1246126821656723, Married-civ-spouse, Other-service, Husband,-0.2644126153749733,-0.1205574573321805,2.173879596107263,PVT,5.0,-0.0908772652014939,R,0.7157089911918983,1.4977007156030229,-0.6950790750950001
Male, Self-emp-not-inc, Some-college,-0.1013101324465201, Married-civ-spouse, Craft-repair, Husband,-0.2644126153749733,1.5269141945106874,-0.4140914743895126,NBF,130.0,-0.0908772652014939,I,0.6176577609094639,-0.1993546843448932,1.4386852314081315
Female, Private, 7th-8th,-1.835569460777222, Married-civ-spouse, Handlers-cleaners, Other-relative,-0.2644126153749733,-0.9442932832536152,-0.5946475955869621,PVT,58.0,-0.0908772652014939,M,0.0436123763468465,-1.2499127890745552,-0.6950790750950001
Female, Private, Assoc-voc,0.18773308894193, Divorced, Adm-clerical, Unmarried,-0.2644126153749733,1.0326726989578272,-0.4140914743895126,NBF,5.0,-0.0908772652014939,R,-0.8014109537235898,-0.1993546843448932,-0.6950790750950001
Female, Private, Some-college,-0.1013101324465201, Divorced, Adm-clerical, Not-in-family,-0.2644126153749733,1.5269141945106874,-0.4140914743895126,NBF,5.0,-0.0908772652014939,R,0.5855682673624852,1.0936399060916138,-0.6950790750950001
Male, Private, HS-grad,-0.3903533538349704, Never-married, Tech-support, Not-in-family,-0.2644126153749733,0.7031783685892541,-0.74511102991817,NBF,123.0,-0.0908772652014939,I,-0.0009563646906236,-0.1993546843448932,-0.6950790750950001
Male, Private, Prof-school,1.3439059744957311, Never-married, Prof-specialty, Not-in-family,-0.2644126153749733,2.0211556900635483,-0.4140914743895126,PVT,5.0,-0.0908772652014939,R,0.0757018698938254,0.3663304489710788,-0.6950790750950001
Male, Private, HS-grad,-0.3903533538349704, Married-civ-spouse, Craft-repair, Husband,-0.2644126153749733,-0.1205574573321805,-0.4140914743895126,PVT,5.0,-0.0908772652014939,R,1.3878056060369504,0.7703912584824878,1.4386852314081315
Female, Federal-gov, HS-grad,-0.3903533538349704, Married-civ-spouse, Adm-clerical, Wife,-0.2644126153749733,-0.1205574573321805,-0.323813413790788,NBF,5.0,-0.0908772652014939,R,1.0740416691331596,-0.1185425224426115,1.4386852314081315
Male, Private, HS-grad,-0.3903533538349704, Married-civ-spouse, Sales, Husband,-0.2644126153749733,-1.932776274359336,-0.4140914743895126,NBF,130.0,-0.0908772652014939,I,-0.867372690459046,2.144198010821276,-0.6950790750950001
Female, Private, Some-college,-0.1013101324465201, Divorced, Prof-specialty, Not-in-family,-0.2644126153749733,-0.1205574573321805,-0.4140914743895126,NBF,5.0,-0.0908772652014939,R,0.0471778756298444,0.6087669346779243,1.4386852314081315
Female, Private, Some-college,-0.1013101324465201, Never-married, Sales, Other-relative,-0.2644126153749733,-1.7680291091750493,-0.4140914743895126,PVT,5.0,-0.0908772652014939,R,1.619563059431796,-1.4115371128791183,-0.6950790750950001
Male, Self-emp-not-inc, Prof-school,1.3439059744957311, Never-married, Prof-specialty, Not-in-family,5.593066304759837,0.2913104556285366,-0.4140914743895126,PVT,5.0,-0.0908772652014939,R,-0.8816346875910364,-0.0377303605403297,1.4386852314081315
Male, Private, Some-college,-0.1013101324465201, Never-married, Prof-specialty, Own-child,-0.2644126153749733,-2.5093913525043403,-0.4140914743895126,NBF,123.0,-0.0908772652014939,I,0.6836194976449198,-1.573161436683682,-0.6950790750950001
Male, Private, 7th-8th,-1.835569460777222, Married-civ-spouse, Handlers-cleaners, Husband,-0.2644126153749733,-0.9442932832536152,-0.4140914743895126,NBF,5.0,-0.0908772652014939,R,0.8422842157383144,0.2855182870687971,-0.6950790750950001
Male, Federal-gov, Bachelors,0.7658195317188305, Married-civ-spouse, Prof-specialty, Husband,-0.2644126153749733,0.208936873036393,-0.4140914743895126,PVT,5.0,-0.0908772652014939,R,0.0935293663088133,0.7703912584824878,1.4386852314081315
Male, Private, Bachelors,0.7658195317188305, Married-civ-spouse, Sales, Husband,-0.2644126153749733,-1.2737876136221888,-0.4140914743895126,PVT,5.0,-0.0908772652014939,R,-0.6195704902907111,0.8512034203847689,1.4386852314081315
Male, Private, Bachelors,0.7658195317188305, Married-civ-spouse, Sales, Husband,-0.2644126153749733,-0.1205574573321805,-0.323813413790788,NBF,173.0,-0.0908772652014939,I,-0.0972248453315593,1.4977007156030229,1.4386852314081315
Male, Private, Assoc-acdm,0.4767763103303807, Married-civ-spouse, Prof-specialty, Husband,-0.2644126153749733,0.7031783685892541,-0.323813413790788,NBF,173.0,-0.0908772652014939,I,0.1416636066292814,0.7703912584824878,1.4386852314081315
Male, Private, Bachelors,0.7658195317188305, Married-civ-spouse, Sales, Husband,-0.2644126153749733,1.938782107471405,-0.5946475955869621,PVT,5.0,-0.0908772652014939,R,-1.177571128079839,0.3663304489710788,1.4386852314081315
Male, Private, Assoc-voc,0.18773308894193, Married-civ-spouse, Tech-support, Husband,-0.2644126153749733,-0.1205574573321805,-0.6247402824532038,PVT,5.0,-0.0908772652014939,R,-0.5767844988947398,-0.3609790081494562,-0.6950790750950001
Male, Self-emp-not-inc, HS-grad,-0.3903533538349704, Married-civ-spouse, Craft-repair, Husband,-0.2644126153749733,-0.1205574573321805,-0.4140914743895126,PVT,5.0,-0.0908772652014939,R,-1.3861528361352,0.8512034203847689,1.4386852314081315
Male, Private, Masters,-0.1013101324465201, Married-civ-spouse, Sales, Husband,-0.2644126153749733,-0.1205574573321805,-0.4140914743895126,PVT,5.0,-0.0908772652014939,R,-0.4109887822353503,0.6895790965802056,1.4386852314081315
Male, Private, HS-grad,-0.3903533538349704, Married-civ-spouse, Craft-repair, Husband,-0.2644126153749733,-0.367678205108611,-0.4140914743895126,PVT,5.0,-0.0908772652014939,R,0.448296544967077,1.8209493632121487,-0.6950790750950001
Male, State-gov, Masters,1.0548627531072812, Divorced, Prof-specialty, Not-in-family,-0.2644126153749733,-0.1205574573321805,-0.4140914743895126,NBF,5.0,-0.0908772652014939,R,1.2255753886605585,0.2855182870687971,-0.6950790750950001
Male, Private, HS-grad,-0.3903533538349704, Never-married, Other-service, Own-child,-0.2644126153749733,-0.1205574573321805,-0.4140914743895126,PVT,5.0,-0.0908772652014939,R,1.6801765472427554,-0.4417911700517379,-0.6950790750950001
Female, Private, Some-college,-0.1013101324465201, Never-married, Adm-clerical, Own-child,-0.2644126153749733,-1.7680291091750493,2.173879596107263,PVT,5.0,-0.0908772652014939,R,-1.651782532718523,-1.573161436683682,-0.6950790750950001
Male, Self-emp-inc, Bachelors,0.7658195317188305, Married-civ-spouse, Sales, Husband,4.244850547646655,-0.1205574573321805,-0.5946475955869621,PVT,173.0,-0.0908772652014939,I,-1.6286067873790384,2.305822334625839,1.4386852314081315
Male, Self-emp-not-inc, Bachelors,0.7658195317188305, Married-civ-spouse, Exec-managerial, Husband,3.836237464336967,2.3506500204321217,-0.4140914743895126,NBF,184.0,-0.0908772652014939,I,0.5677407709474974,0.2855182870687971,1.4386852314081315
Male, Self-emp-not-inc, HS-grad,-0.3903533538349704, Married-civ-spouse, Craft-repair, Husband,-0.2644126153749733,0.7031783685892541,-0.3839987875232711,HFC,58.0,-0.0908772652014939,M,-1.05634415245792,1.174452067993896,1.4386852314081315
Male, Private, HS-grad,-0.3903533538349704, Divorced, Farming-fishing, Not-in-family,-0.2644126153749733,-0.1205574573321805,-0.4140914743895126,NBF,5.0,-0.0908772652014939,R,0.9100287021152692,-1.00747630336771,-0.6950790750950001
Female, Private, Assoc-acdm,0.4767763103303807, Divorced, Adm-clerical, Unmarried,-0.2644126153749733,-0.1205574573321805,-0.5946475955869621,PVT,5.0,-0.0908772652014939,R,0.3199385707791626,0.7703912584824878,-0.6950790750950001
Female, Self-emp-not-inc, Bachelors,0.7658195317188305, Married-civ-spouse, Prof-specialty, Wife,-0.2644126153749733,-2.75651210028077,-0.4140914743895126,PVT,5.0,-0.0908772652014939,R,-0.3949440354618609,1.3360763917984593,-0.6950790750950001
Male, Private, Prof-school,1.3439059744957311, Widowed, Prof-specialty, Unmarried,-0.2644126153749733,1.5269141945106874,-0.5946475955869621,PVT,5.0,-0.0908772652014939,R,-0.9458136746849936,2.386634496528121,1.4386852314081315
Male, Private, HS-grad,-0.3903533538349704, Never-married, Transport-moving, Not-in-family,-0.2644126153749733,-0.532425370292898,-0.4140914743895126,NBF,189.0,-0.0908772652014939,I,1.544687574488846,-1.6539735985859636,-0.6950790750950001
Female, Self-emp-not-inc, Bachelors,0.7658195317188305, Never-married, Prof-specialty, Not-in-family,-0.2644126153749733,-1.7680291091750493,-0.4140914743895126,PVT,5.0,-0.0908772652014939,R,-1.3558460922297202,-0.9266641414654284,-0.6950790750950001
Male, Private, HS-grad,-0.3903533538349704, Married-civ-spouse, Other-service, Husband,-0.2644126153749733,3.0096386811692697,-0.4140914743895126,PVT,5.0,-0.0908772652014939,R,-0.6641392313281814,1.4977007156030229,-0.6950790750950001
Male, Private, Some-college,-0.1013101324465201, Married-civ-spouse, Machine-op-inspct, Husband,4.744727466822466,-0.1205574573321805,-0.5946475955869621,PVT,5.0,-0.0908772652014939,R,1.6819592968842547,-0.7650398176608648,1.4386852314081315
Male, Private, Some-college,-0.1013101324465201, Married-civ-spouse, Adm-clerical, Husband,-0.2644126153749733,-2.1798970221357665,-0.5946475955869621,PVT,58.0,1.3392439082325422,M,0.3948140557221125,2.4674466584304025,1.4386852314081315
Male, Private, Some-college,-0.1013101324465201, Married-civ-spouse, Sales, Husband,-0.2644126153749733,-0.1205574573321805,-0.4140914743895126,PVT,5.0,-0.0908772652014939,R,-1.4984660635496252,-1.1691006271722737,-0.6950790750950001
Male, Private, 10th,-1.2574830180003211, Married-civ-spouse, Craft-repair, Husband,3.649561436428988,0.4560576208128236,-0.5946475955869621,PVT,189.0,-0.0908772652014939,I,0.6408335062489485,1.0936399060916138,1.4386852314081315
Male, Private, Some-college,-0.1013101324465201, Married-civ-spouse, Exec-managerial, Husband,-0.2644126153749733,1.5269141945106874,-0.4140914743895126,NBF,999.0,-0.0908772652014939,I,1.3182783700184968,0.2047061251665154,1.4386852314081315
Male, Self-emp-not-inc, Bachelors,0.7658195317188305, Married-civ-spouse, Exec-managerial, Husband,-0.2644126153749733,0.7031783685892541,-0.3839987875232711,PUB,5.0,-0.0908772652014939,R,-1.5055970621156205,-0.5226033319540196,1.4386852314081315
Female, Private, Some-college,-0.1013101324465201, Never-married, Adm-clerical, Unmarried,-0.2644126153749733,-0.532425370292898,-0.4140914743895126,PVT,5.0,25.65130385661116,R,-0.6819667277431697,-0.4417911700517379,-0.6950790750950001
Female, Private, Some-college,-0.1013101324465201, Never-married, Other-service, Own-child,-0.2644126153749733,-1.3561611962143318,-0.5043695349882374,NBF,5.0,-0.0908772652014939,R,0.7032297437014069,-1.4115371128791183,-0.6950790750950001
Male, Self-emp-inc, Some-college,-0.1013101324465201, Married-civ-spouse, Exec-managerial, Husband,-0.2644126153749733,0.7031783685892541,-0.5946475955869621,PVT,5.0,-0.0908772652014939,R,-0.7639732112521149,0.8512034203847689,1.4386852314081315
Male, Private, Some-college,-0.1013101324465201, Married-civ-spouse, Sales, Husband,-0.2644126153749733,-0.1205574573321805,-0.4140914743895126,NBF,5.0,-0.0908772652014939,R,-0.1364453374445331,-0.9266641414654284,-0.6950790750950001
Male, Self-emp-not-inc, Some-college,-0.1013101324465201, Married-civ-spouse, Craft-repair, Husband,-0.2644126153749733,-0.1205574573321805,-0.4140914743895126,PVT,5.0,-0.0908772652014939,R,-1.4467663239461594,-0.6034154938563014,-0.6950790750950001
Male, Private, Some-college,-0.1013101324465201, Married-civ-spouse, Exec-managerial, Husband,-0.2644126153749733,1.938782107471405,-0.6247402824532038,PVT,5.0,-0.0908772652014939,R,-0.7514939637616233,0.2047061251665154,1.4386852314081315
Male, Private, Bachelors,0.7658195317188305, Married-civ-spouse, Exec-managerial, Husband,-0.2644126153749733,0.2913104556285366,-0.4140914743895126,PVT,5.0,-0.0908772652014939,R,-1.0991301438538912,0.7703912584824878,1.4386852314081315
Male, Private, HS-grad,-0.3903533538349704, Never-married, Sales, Not-in-family,-0.2644126153749733,-0.9442932832536152,-0.4140914743895126,NBF,999.0,-0.0908772652014939,I,1.569646069469829,-1.1691006271722737,-0.6950790750950001
Male, Private, HS-grad,-0.3903533538349704, Married-civ-spouse, Craft-repair, Husband,-0.2644126153749733,-0.1205574573321805,-0.5946475955869621,PVT,189.0,-0.0908772652014939,I,-0.4626885218388157,-0.2801668462471749,1.4386852314081315
Male, Private, HS-grad,-0.3903533538349704, Married-civ-spouse, Machine-op-inspct, Husband,-0.2644126153749733,-0.1205574573321805,-0.74511102991817,NBF,191.0,-0.0908772652014939,I,-0.2059725734629868,-0.6842276557585831,-0.6950790750950001
Male, Private, Masters,1.0548627531072812, Married-civ-spouse, Prof-specialty, Husband,-0.2644126153749733,-0.1205574573321805,-0.5946475955869621,PVT,5.0,-0.0908772652014939,R,0.407293303212604,1.9017615251144309,1.4386852314081315
Male, Private, 7th-8th,-1.835569460777222, Married-civ-spouse, Craft-repair, Husband,-0.2644126153749733,-0.1205574573321805,-0.323813413790788,PVT,173.0,-0.0908772652014939,I,-0.7140562212901482,-0.7650398176608648,1.4386852314081315
Male, Private, HS-grad,-0.3903533538349704, Married-civ-spouse, Machine-op-inspct, Husband,-0.2644126153749733,-0.1205574573321805,-0.4742768481219959,NBF,5.0,-0.0908772652014939,R,-0.0954420956900605,-1.4115371128791183,-0.6950790750950001
Male, Private, Bachelors,0.7658195317188305, Married-civ-spouse, Exec-managerial, Husband,-0.2644126153749733,0.2913104556285366,-0.4140914743895126,NBF,5.0,-0.0908772652014939,R,-0.054438853935588,-0.2801668462471749,-0.6950790750950001
Male, Private, HS-grad,-0.3903533538349704, Never-married, Craft-repair, Own-child,-0.2644126153749733,-0.1205574573321805,-0.4140914743895126,PVT,5.0,-0.0908772652014939,R,-0.5678707506872457,-1.573161436683682,-0.6950790750950001
Female, Private, 9th,-1.5465262393887718, Divorced, Exec-managerial, Unmarried,-0.2644126153749733,-0.1205574573321805,-0.4140914743895126,NBF,5.0,-0.0908772652014939,R,-0.9012449336475234,0.6087669346779243,-0.6950790750950001
Female, Private, 10th,-1.2574830180003211, Never-married, Other-service, Own-child,3.0584206813870547,-2.591764935096484,-0.4140914743895126,NBF,130.0,-0.0908772652014939,I,1.2077478922455709,-1.7347857604882453,-0.6950790750950001
Male, Private, Some-college,-0.1013101324465201, Married-civ-spouse, Tech-support, Husband,-0.2644126153749733,-0.1205574573321805,-0.5946475955869621,PVT,5.0,-0.0908772652014939,R,0.6230060098339603,-0.5226033319540196,1.4386852314081315
Male, Self-emp-not-inc, Assoc-voc,0.18773308894193, Married-civ-spouse, Craft-repair, Husband,-0.2644126153749733,-0.1205574573321805,-0.4140914743895126,NBF,191.0,-0.0908772652014939,I,0.2254528397797252,0.6087669346779243,1.4386852314081315
Male, Private, Bachelors,0.7658195317188305, Never-married, Exec-managerial, Own-child,-0.2644126153749733,-0.1205574573321805,2.173879596107263,PVT,5.0,-0.0908772652014939,R,0.2771525793831909,-1.2499127890745552,-0.6950790750950001
Male, Self-emp-inc, Prof-school,1.3439059744957311, Married-civ-spouse, Prof-specialty, Husband,4.744727466822466,1.1150462815499709,2.173879596107263,PVT,5.0,-0.0908772652014939,R,-1.0420821553259292,0.3663304489710788,1.4386852314081315
Male, Self-emp-not-inc, Some-college,-0.1013101324465201, Married-civ-spouse, Sales, Husband,-0.2644126153749733,1.5269141945106874,-0.4140914743895126,PVT,5.0,-0.0908772652014939,R,0.2700215808171958,0.6087669346779243,1.4386852314081315
Male, Self-emp-not-inc, Assoc-acdm,0.4767763103303807, Married-civ-spouse, Craft-repair, Husband,3.2036131475377045,1.938782107471405,-0.4140914743895126,PVT,5.0,1.3392439082325422,R,1.0169936806051976,0.6895790965802056,-0.6950790750950001
Female, Private, Some-college,-0.1013101324465201, Never-married, Other-service, Own-child,-0.2644126153749733,-0.1205574573321805,-0.4140914743895126,NBF,5.0,-0.0908772652014939,R,0.7816707279273547,-1.2499127890745552,-0.6950790750950001
Female, Private, HS-grad,-0.3903533538349704, WIDOWED, Tech-support, Unmarried,-0.2644126153749733,-0.1205574573321805,-0.4140914743895126,NBF,123.0,-0.0908772652014939,I,0.3235040700621602,1.0128277441893323,-0.6950790750950001
Female, Private, Some-college,-0.1013101324465201, Never-married, Protective-serv, Own-child,-0.2644126153749733,-1.7680291091750493,-0.4140914743895126,PVT,5.0,-0.0908772652014939,R,1.5001188334513755,-1.6539735985859636,-0.6950790750950001
Male, Private, Masters,1.0548627531072812, Married-civ-spouse, Sales, Husband,-0.2644126153749733,0.208936873036393,2.173879596107263,PUB,47.0,-0.0908772652014939,I,-1.601865542756556,0.4471426108733606,1.4386852314081315
Male, Private, Bachelors,0.7658195317188305, Married-civ-spouse, Tech-support, Husband,-0.2644126153749733,-0.1205574573321805,-0.4140914743895126,PVT,5.0,-0.0908772652014939,R,1.1221759094536277,0.1238939632642336,-0.6950790750950001
Male, Private, 7th-8th,-1.835569460777222, Married-civ-spouse, Farming-fishing, Husband,-0.2644126153749733,-0.9442932832536152,-0.74511102991817,PVT,5.0,-0.0908772652014939,R,1.0383866763031837,0.6087669346779243,-0.6950790750950001
Male, Private, HS-grad,-0.3903533538349704, Never-married, Handlers-cleaners, Own-child,-0.2644126153749733,-2.01514985695148,-0.4140914743895126,NBF,5.0,-0.0908772652014939,R,0.145229105912279,0.6087669346779243,-0.6950790750950001
Female, Private, HS-grad,-0.3903533538349704, Never-married, Other-service, Own-child,-0.2644126153749733,-0.1205574573321805,-0.4140914743895126,PVT,5.0,-0.0908772652014939,R,-0.3860302872543668,-0.5226033319540196,-0.6950790750950001
Male, Private, Some-college,-0.1013101324465201, Married-civ-spouse, Craft-repair, Husband,-0.2644126153749733,-0.1205574573321805,-0.4140914743895126,NBF,5.0,-0.0908772652014939,R,0.1398808569877826,0.6087669346779243,-0.6950790750950001
Male, Private, Masters,1.0548627531072812, Married-civ-spouse, Prof-specialty, Husband,-0.2644126153749733,-0.1205574573321805,-0.5946475955869621,PVT,5.0,-0.0908772652014939,R,0.5445650256080127,0.6895790965802056,1.4386852314081315
Male, Private, 10th,-1.2574830180003211, Married-civ-spouse, Craft-repair, Husband,3.989726642839083,-0.1205574573321805,-0.4140914743895126,PVT,5.0,-0.0908772652014939,R,-0.6677047306111792,0.0430818013619519,-0.6950790750950001
Female, State-gov, Doctorate,1.6329491958841815, Never-married, Prof-specialty, Not-in-family,-0.2644126153749733,1.5269141945106874,2.173879596107263,PVT,5.0,-0.0908772652014939,R,-1.145481634532861,-0.3609790081494562,-0.6950790750950001
Female, Private, HS-grad,-0.3903533538349704, Never-married, Adm-clerical, Unmarried,-0.2644126153749733,-0.1205574573321805,-0.4140914743895126,PVT,5.0,-0.0908772652014939,R,-1.5965172938320598,-1.3307249509768369,-0.6950790750950001
Female, Federal-gov, HS-grad,-0.3903533538349704, Married-civ-spouse, Craft-repair, Wife,-0.2644126153749733,-0.1205574573321805,-0.5946475955869621,PVT,5.0,-0.0908772652014939,R,-1.304146352626255,-0.3609790081494562,1.4386852314081315
Male, State-gov, HS-grad,-0.3903533538349704, Never-married, Other-service, Not-in-family,-0.2644126153749733,-0.1205574573321805,2.173879596107263,PVT,5.0,-0.0908772652014939,R,1.0062971827562048,-0.0377303605403297,-0.6950790750950001
Male, Private, Some-college,-0.1013101324465201, Married-civ-spouse, Sales, Husband,3.3446572575126226,0.7031783685892541,-0.4140914743895126,NBF,189.0,-0.0908772652014939,I,0.9545974431527392,0.5279547727756421,-0.6950790750950001
Male, Private, HS-grad,-0.3903533538349704, Married-civ-spouse, Transport-moving, Husband,-0.2644126153749733,-0.1205574573321805,-0.5946475955869621,PVT,173.0,-0.0908772652014939,I,1.2576648822075371,1.8209493632121487,-0.6950790750950001
Female, State-gov, Some-college,-0.1013101324465201, Married-civ-spouse, Exec-managerial, Wife,-0.2644126153749733,-0.1205574573321805,-0.4140914743895126,NBF,191.0,-0.0908772652014939,I,-0.3717682901223763,-0.0377303605403297,-0.6950790750950001
Male, Private, Assoc-acdm,0.4767763103303807, Never-married, Adm-clerical, Own-child,-0.2644126153749733,-0.7795461180693282,-0.4140914743895126,NBF,5.0,-0.0908772652014939,R,0.5249547795515257,-0.8458519795631466,-0.6950790750950001
Male, Private, Bachelors,0.7658195317188305, Married-civ-spouse, Prof-specialty, Husband,-0.2644126153749733,0.0441897078521065,2.173879596107263,NBF,189.0,-0.0908772652014939,I,1.4662465902628985,-0.9266641414654284,1.4386852314081315
Female, Self-emp-not-inc, Bachelors,0.7658195317188305, Married-civ-spouse, Prof-specialty, Other-relative,-0.2644126153749733,-1.7680291091750493,2.173879596107263,BRO,5.0,-0.0908772652014939,R,0.0364813777808513,-1.1691006271722737,1.4386852314081315
Female, Private, Prof-school,1.3439059744957311, Married-civ-spouse, Sales, Wife,-0.2644126153749733,-0.1205574573321805,-0.4140914743895126,NBF,5.0,-0.0908772652014939,R,0.1826668483837539,-0.0377303605403297,-0.6950790750950001
Female, Private, 11th,-0.9684397966118709, Never-married, Other-service, Not-in-family,-0.2644126153749733,-1.7680291091750493,-0.74511102991817,PVT,5.0,-0.0908772652014939,R,-0.2238000698779751,-1.7347857604882453,-0.6950790750950001
Male, Private, Assoc-acdm,0.4767763103303807, Married-civ-spouse, Tech-support, Husband,-0.2644126153749733,0.7031783685892541,-0.3839987875232711,HFC,58.0,-0.0908772652014939,M,1.052648673435174,-0.1185425224426115,1.4386852314081315
Male, Private, Bachelors,0.7658195317188305, Married-civ-spouse, Prof-specialty, Husband,-0.2644126153749733,0.2913104556285366,2.173879596107263,NBF,5.0,-0.0908772652014939,R,1.2826233771885207,0.7703912584824878,1.4386852314081315
Male, State-gov, Bachelors,0.7658195317188305, Married-civ-spouse, Exec-managerial, Husband,-0.2644126153749733,-0.1205574573321805,2.173879596107263,PVT,58.0,1.3392439082325422,M,-1.027820158193939,0.4471426108733606,1.4386852314081315
Female, Private, Some-college,-0.1013101324465201, Divorced, Exec-managerial, Unmarried,-0.2644126153749733,-0.1205574573321805,-0.4140914743895126,NBF,5.0,-0.0908772652014939,R,0.6016130141359748,0.6895790965802056,-0.6950790750950001
Male, Private, Some-college,-0.1013101324465201, Married-civ-spouse, Farming-fishing, Husband,-0.2644126153749733,-0.1205574573321805,-0.4140914743895126,PVT,5.0,-0.0908772652014939,R,0.7424502358143806,0.9320155822870502,1.4386852314081315
Male, Local-gov, HS-grad,-0.3903533538349704, Married-civ-spouse, Handlers-cleaners, Husband,-0.2644126153749733,-0.1205574573321805,-0.4140914743895126,NBF,189.0,-0.0908772652014939,I,-1.5055970621156205,0.9320155822870502,-0.6950790750950001
Male, Private, Masters,1.0548627531072812, Married-civ-spouse, Prof-specialty, Husband,-0.2644126153749733,1.5269141945106874,-0.4140914743895126,PVT,123.0,-0.0908772652014939,I,0.4001623046466089,-0.2801668462471749,1.4386852314081315
Male, Private, 9th,-1.5465262393887718, Married-civ-spouse, Craft-repair, Husband,-0.2644126153749733,-0.1205574573321805,-0.4140914743895126,NBF,189.0,-0.0908772652014939,I,1.2041823929625728,0.0430818013619519,-0.6950790750950001
Male, Private, HS-grad,-0.3903533538349704, Married-civ-spouse, Craft-repair, Husband,-0.2644126153749733,-0.1205574573321805,-0.5946475955869621,PVT,195.0,-0.0908772652014939,I,1.582125316960321,0.7703912584824878,1.4386852314081315
Female, Private, Some-college,-0.1013101324465201, Never-married, Adm-clerical, Own-child,-0.2644126153749733,-0.1205574573321805,-0.5946475955869621,PVT,189.0,-0.0908772652014939,I,0.6176577609094639,-1.0882884652699918,-0.6950790750950001
Female, Private, Some-college,-0.1013101324465201, Never-married, Other-service, Own-child,-0.2644126153749733,-0.9442932832536152,-0.74511102991817,PVT,5.0,-0.0908772652014939,R,-0.9921651653639628,-1.573161436683682,-0.6950790750950001
Male, Federal-gov, Bachelors,0.7658195317188305, Married-civ-spouse, Adm-clerical, Husband,-0.2644126153749733,-0.1205574573321805,-0.74511102991817,PVT,5.0,-0.0908772652014939,R,-0.5839154974607349,1.0936399060916138,1.4386852314081315
Male, Private, Bachelors,0.7658195317188305, Married-civ-spouse, Tech-support, Husband,-0.2644126153749733,0.5384312034049671,2.173879596107263,PVT,5.0,-0.0908772652014939,R,-1.0830853970804022,-0.3609790081494562,1.4386852314081315
Female, Local-gov, Masters,1.0548627531072812, Widowed, Prof-specialty, Unmarried,3.1973906132741057,-0.532425370292898,-0.5946475955869621,PVT,5.0,-0.0908772652014939,R,-0.2380620670099654,1.174452067993896,-0.6950790750950001
Male, State-gov, Some-college,-0.1013101324465201, Never-married, Handlers-cleaners, Own-child,-0.2644126153749733,-0.1205574573321805,-0.323813413790788,NBF,5.0,-0.0908772652014939,R,0.947466444586744,-1.4115371128791183,-0.6950790750950001
Male, Self-emp-not-inc, Prof-school,1.3439059744957311, Never-married, Prof-specialty, Own-child,-0.2644126153749733,0.7031783685892541,2.173879596107263,PVT,5.0,-0.0908772652014939,R,1.5482530737718436,-0.7650398176608648,1.4386852314081315
Male, Private, Assoc-acdm,0.4767763103303807, Divorced, Sales, Unmarried,-0.2644126153749733,-0.1205574573321805,-0.4140914743895126,PVT,5.0,-0.0908772652014939,R,1.1792238979815897,0.2047061251665154,-0.6950790750950001
Male, Private, Bachelors,0.7658195317188305, Married-civ-spouse, Other-service, Husband,-0.2644126153749733,-0.1205574573321805,-0.5946475955869621,PVT,5.0,-0.0908772652014939,R,-0.5215192600082765,-0.1993546843448932,1.4386852314081315
Male, Self-emp-inc, Some-college,-0.1013101324465201, Married-civ-spouse, Farming-fishing, Husband,-0.2644126153749733,0.7031783685892541,-0.74511102991817,PVT,5.0,-0.0908772652014939,R,-1.3576288418712192,0.5279547727756421,-0.6950790750950001
Male, Private, 11th,-0.9684397966118709, Divorced, Craft-repair, Not-in-family,-0.2644126153749733,-0.1205574573321805,-0.4140914743895126,NBF,173.0,-0.0908772652014939,I,-0.5375640067817659,-0.0377303605403297,-0.6950790750950001
Male, Self-emp-not-inc, Assoc-voc,0.18773308894193, Married-civ-spouse, Farming-fishing, Husband,-0.2644126153749733,-0.1205574573321805,-0.5946475955869621,FOR,5.0,-0.0908772652014939,R,0.2076253433647374,-1.4115371128791183,-0.6950790750950001
Male, State-gov, Some-college,-0.1013101324465201, Never-married, Prof-specialty, Own-child,-0.2644126153749733,-0.1205574573321805,-0.4140914743895126,PVT,121.0,-0.0908772652014939,I,-0.6480944845546921,-1.4923492747814002,-0.6950790750950001
Male, Federal-gov, HS-grad,-0.3903533538349704, Divorced, Handlers-cleaners, Not-in-family,-0.2644126153749733,-0.1205574573321805,-0.4140914743895126,NBF,999.0,-0.0908772652014939,I,0.0204366310073622,0.7703912584824878,-0.6950790750950001
Female, Local-gov, Some-college,-0.1013101324465201, Married-civ-spouse, Exec-managerial, Wife,-0.2644126153749733,-0.1205574573321805,2.173879596107263,PVT,5.0,-0.0908772652014939,R,-0.9636411710999818,1.2552642298961771,1.4386852314081315
Female, State-gov, HS-grad,-0.3903533538349704, Never-married, Adm-clerical, Own-child,-0.2644126153749733,0.12656329044425,-0.5043695349882374,PVT,5.0,-0.0908772652014939,R,1.0152109309636987,-1.4115371128791183,-0.6950790750950001
Male, Self-emp-not-inc, Bachelors,0.7658195317188305, Married-civ-spouse, Farming-fishing, Husband,-0.2644126153749733,1.5269141945106874,-0.534462221854479,NBF,123.0,-0.0908772652014939,I,-1.1276541381178722,-0.0377303605403297,-0.6950790750950001
Male, Self-emp-inc, Some-college,-0.1013101324465201, Married-civ-spouse, Exec-managerial, Husband,-0.2644126153749733,1.5269141945106874,-0.74511102991817,PVT,189.0,-0.0908772652014939,I,-0.630266988139704,-1.00747630336771,1.4386852314081315
Male, Private, Some-college,-0.1013101324465201, Married-civ-spouse, Transport-moving, Husband,-0.2644126153749733,-0.1205574573321805,-0.4140914743895126,NBF,5.0,-0.0908772652014939,R,-1.3077118519092523,-0.4417911700517379,-0.6950790750950001
Male, Local-gov, HS-grad,-0.3903533538349704, Divorced, Protective-serv, Unmarried,-0.2644126153749733,0.8679255337735403,-0.4140914743895126,NBF,5.0,-0.0908772652014939,R,-1.1240886388348748,1.0128277441893323,-0.6950790750950001
Female, Private, HS-grad,-0.3903533538349704, Married-civ-spouse, Sales, Wife,-0.2644126153749733,-3.086006430649344,-0.74511102991817,PVT,999.0,-0.0908772652014939,,-0.0562216035770868,1.4168885537007403,-0.6950790750950001
Male, State-gov, Assoc-voc,0.18773308894193, Married-civ-spouse, Exec-managerial, Husband,-0.2644126153749733,-0.1205574573321805,-0.4140914743895126,NBF,5.0,-0.0908772652014939,R,1.3592816117729696,1.0936399060916138,-0.6950790750950001
Male, Private, HS-grad,-0.3903533538349704, Never-married, Handlers-cleaners, Own-child,-0.2644126153749733,-0.1205574573321805,-0.5946475955869621,PVT,123.0,-0.0908772652014939,I,1.2665786304150315,1.2552642298961771,-0.6950790750950001
Male, Private, Some-college,-0.1013101324465201, Married-civ-spouse, Craft-repair, Husband,-0.2644126153749733,0.2913104556285366,-0.4140914743895126,PVT,5.0,-0.0908772652014939,R,1.061562421642668,-0.5226033319540196,-0.6950790750950001
Female, Private, HS-grad,-0.3903533538349704, Married-civ-spouse, Other-service, Wife,3.680674107746984,-0.532425370292898,-0.74511102991817,PVT,58.0,-0.0908772652014939,M,-1.3861528361352,-0.7650398176608648,1.4386852314081315
Female, State-gov, Bachelors,0.7658195317188305, Separated, Prof-specialty, Not-in-family,-0.2644126153749733,-0.1205574573321805,2.173879596107263,PVT,5.0,-0.0908772652014939,R,0.4839515377970531,0.5279547727756421,-0.6950790750950001
Male, Private, HS-grad,-0.3903533538349704, Never-married, Handlers-cleaners, Not-in-family,-0.2644126153749733,-0.1205574573321805,-0.4140914743895126,PVT,5.0,-0.0908772652014939,R,1.4038503528104398,-0.0377303605403297,-0.6950790750950001
Female, Private, Assoc-voc,0.18773308894193, Never-married, Adm-clerical, Not-in-family,-0.2644126153749733,-0.1205574573321805,-0.4140914743895126,PVT,5.0,-0.0908772652014939,R,0.2611078326097018,0.1238939632642336,-0.6950790750950001
Female, Private, Some-college,-0.1013101324465201, Never-married, Other-service, Not-in-family,-0.2644126153749733,-1.3561611962143318,-0.4140914743895126,PVT,5.0,-0.0908772652014939,R,-1.140133385608364,-1.4923492747814002,-0.6950790750950001
Female, Private, Bachelors,0.7658195317188305, Never-married, Exec-managerial, Own-child,-0.2644126153749733,-0.1205574573321805,-0.4140914743895126,PVT,5.0,-0.0908772652014939,R,1.4680293399043969,-0.9266641414654284,-0.6950790750950001
Male, Self-emp-not-inc, HS-grad,-0.3903533538349704, Married-civ-spouse, Transport-moving, Husband,-0.2644126153749733,4.492363167827852,-0.4140914743895126,NBF,5.0,-0.0908772652014939,R,-0.95116192360949,0.2855182870687971,-0.6950790750950001
Male, Private, HS-grad,-0.3903533538349704, Married-civ-spouse, Transport-moving, Husband,-0.2644126153749733,1.938782107471405,-0.74511102991817,NBF,5.0,-0.0908772652014939,R,-1.1436988848913618,-0.2801668462471749,-0.6950790750950001
Male, Local-gov, Bachelors,0.7658195317188305, Married-civ-spouse, Protective-serv, Husband,-0.2644126153749733,-0.1205574573321805,-0.4140914743895126,NBF,189.0,-0.0908772652014939,I,0.3235040700621602,-0.3609790081494562,1.4386852314081315
Male, Private, Assoc-acdm,0.4767763103303807, Married-civ-spouse, Tech-support, Husband,-0.2644126153749733,0.208936873036393,-0.5946475955869621,PVT,5.0,-0.0908772652014939,R,1.3842401067539527,0.1238939632642336,-0.6950790750950001
Male, Local-gov, HS-grad,-0.3903533538349704, Never-married, Handlers-cleaners, Other-relative,-0.2644126153749733,-0.1205574573321805,-0.4140914743895126,NBF,5.0,-0.0908772652014939,R,-0.904810432930521,-1.0882884652699918,-0.6950790750950001
Female, Private, HS-grad,-0.3903533538349704, Married-civ-spouse, Adm-clerical, Wife,-0.2644126153749733,-0.1205574573321805,-0.323813413790788,NBF,5.0,-0.0908772652014939,R,-0.6267014888567064,1.0128277441893323,-0.6950790750950001
Male, Federal-gov, HS-grad,-0.3903533538349704, Married-civ-spouse, Adm-clerical, Husband,-0.2644126153749733,-0.1205574573321805,-0.323813413790788,PVT,5.0,-0.0908772652014939,R,0.3199385707791626,-0.0377303605403297,1.4386852314081315
Male, Local-gov, HS-grad,-0.3903533538349704, Married-civ-spouse, Protective-serv, Husband,-0.2644126153749733,-0.1205574573321805,-0.4140914743895126,NBF,5.0,-0.0908772652014939,R,0.6479645048149436,-0.5226033319540196,-0.6950790750950001
Male, Private, HS-grad,-0.3903533538349704, Married-civ-spouse, Machine-op-inspct, Husband,-0.2644126153749733,0.5384312034049671,2.173879596107263,NBF,5.0,-0.0908772652014939,R,0.3163730714961646,-1.2499127890745552,-0.6950790750950001
Male, Private, Some-college,-0.1013101324465201, Married-civ-spouse, Sales, Husband,-0.2644126153749733,0.2913104556285366,-0.3839987875232711,HFC,58.0,1.3392439082325422,M,0.808411972549837,0.9320155822870502,1.4386852314081315
Female, Private, 11th,-0.9684397966118709, Never-married, Adm-clerical, Own-child,-0.2644126153749733,-1.520908361398619,-0.4140914743895126,NBF,5.0,-0.0908772652014939,R,-1.3059291022677535,-1.7347857604882453,-0.6950790750950001
Male, Private, Some-college,-0.1013101324465201, Married-civ-spouse, Craft-repair, Husband,-0.2644126153749733,0.7031783685892541,-0.74511102991817,PUB,121.0,-0.0908772652014939,I,-0.8887656861570314,1.4168885537007403,-0.6950790750950001
Male, Self-emp-not-inc, Some-college,-0.1013101324465201, Married-civ-spouse, Sales, Husband,-0.2644126153749733,-0.1205574573321805,-0.4140914743895126,NBF,191.0,-0.0908772652014939,I,-1.3718908390032094,1.6593250394075854,-0.6950790750950001
Male, Private, Masters,1.0548627531072812, Married-civ-spouse, Tech-support, Husband,-0.2644126153749733,-0.1205574573321805,-0.4140914743895126,NBF,123.0,-0.0908772652014939,I,1.678393797601257,0.6087669346779243,1.4386852314081315
Male, Private, HS-grad,-0.3903533538349704, Married-civ-spouse, Handlers-cleaners, Own-child,-0.2644126153749733,-0.532425370292898,-0.4140914743895126,NBF,999.0,-0.0908772652014939,I,-0.8406314458365637,-1.1691006271722737,-0.6950790750950001
Male, Private, Bachelors,0.7658195317188305, Married-civ-spouse, Prof-specialty, Husband,-0.2644126153749733,-0.1205574573321805,-0.4140914743895126,NBF,5.0,-0.0908772652014939,R,0.9652939410017324,0.9320155822870502,1.4386852314081315
Male, State-gov, Masters,1.0548627531072812, Separated, Prof-specialty, Not-in-family,-0.2644126153749733,1.5269141945106874,-0.4140914743895126,NBF,5.0,-0.0908772652014939,R,-0.5607397521212505,0.7703912584824878,-0.6950790750950001
Male, Private, HS-grad,-0.3903533538349704, Never-married, Farming-fishing, Not-in-family,-0.2644126153749733,1.1150462815499709,-0.4140914743895126,PVT,5.0,-0.0908772652014939,R,0.1309671087802883,-1.4923492747814002,-0.6950790750950001
Female, Private, Some-college,-0.1013101324465201, Divorced, Adm-clerical, Own-child,-0.2644126153749733,0.208936873036393,2.173879596107263,PVT,189.0,-0.0908772652014939,I,0.8298049682478225,0.1238939632642336,1.4386852314081315
Male, Private, 7th-8th,-1.835569460777222, Divorced, Craft-repair, Unmarried,-0.2644126153749733,-0.1205574573321805,2.173879596107263,NBF,5.0,-0.0908772652014939,R,-1.4414180750216632,0.2855182870687971,-0.6950790750950001
Female, Private, HS-grad,-0.3903533538349704, Married-civ-spouse, Sales, Wife,-0.2644126153749733,0.7031783685892541,-0.4140914743895126,NBF,189.0,-0.0908772652014939,I,-0.5411295060647634,-0.9266641414654284,-0.6950790750950001
Female, Private, Some-college,-0.1013101324465201, Never-married, Adm-clerical, Unmarried,-0.2644126153749733,-0.1205574573321805,-0.4140914743895126,NBF,184.0,-0.0908772652014939,I,0.7157089911918983,-0.6034154938563014,-0.6950790750950001
Male, Self-emp-inc, HS-grad,-0.3903533538349704, Separated, Prof-specialty, Other-relative,-0.2644126153749733,-1.3561611962143318,-0.4140914743895126,NBF,189.0,-0.0908772652014939,I,-0.9600756718169842,-0.7650398176608648,-0.6950790750950001
Female, Private, HS-grad,-0.3903533538349704, Divorced, Other-service, Not-in-family,-0.2644126153749733,-0.532425370292898,-0.4140914743895126,NBF,189.0,-0.0908772652014939,I,1.0027316834732072,-0.2801668462471749,-0.6950790750950001
Male, Self-emp-not-inc, 7th-8th,-1.835569460777222, Married-civ-spouse, Exec-managerial, Husband,-0.2644126153749733,1.1150462815499709,-0.323813413790788,PVT,191.0,-0.0908772652014939,I,-0.384247537612868,0.5279547727756421,1.4386852314081315
Male, Private, Assoc-voc,0.18773308894193, Never-married, Other-service, Not-in-family,-0.2644126153749733,1.5269141945106874,-0.4140914743895126,PVT,5.0,-0.0908772652014939,R,-1.027820158193939,-0.2801668462471749,-0.6950790750950001
Male, Private, Assoc-voc,0.18773308894193, Married-civ-spouse, Craft-repair, Husband,-0.2644126153749733,1.5269141945106874,-0.4140914743895126,PVT,5.0,-0.0908772652014939,R,0.2165390915722313,1.7401372013098677,-0.6950790750950001
Male, Private, Doctorate,1.6329491958841815, Married-civ-spouse, Prof-specialty, Husband,-0.2644126153749733,0.2913104556285366,-0.5946475955869621,PVT,173.0,-0.0908772652014939,I,0.3805520585901222,0.2855182870687971,1.4386852314081315
Male, State-gov, Masters,1.0548627531072812, Never-married, Tech-support, Not-in-family,-0.2644126153749733,-0.1205574573321805,-0.4140914743895126,PVT,5.0,-0.0908772652014939,R,0.722839989757894,-0.6034154938563014,-0.6950790750950001
Male, Local-gov, Masters,1.0548627531072812, Married-civ-spouse, Prof-specialty, Husband,-0.2644126153749733,-0.1205574573321805,-0.4140914743895126,PVT,5.0,-0.0908772652014939,R,-1.432504326814169,1.0936399060916138,1.4386852314081315
Female, Private, HS-grad,-0.3903533538349704, Never-married, Adm-clerical, Unmarried,-0.2644126153749733,-0.532425370292898,-0.5043695349882374,PVT,5.0,-0.0908772652014939,R,-0.9850341667979672,-1.00747630336771,-0.6950790750950001
Male, Private, 1st-4th,-2.4136559035541225, Married-civ-spouse, Handlers-cleaners, Husband,-0.2644126153749733,-0.1205574573321805,-0.4140914743895126,NBF,189.0,-0.0908772652014939,I,1.0740416691331596,-0.1993546843448932,-0.6950790750950001
Male, Self-emp-not-inc, Masters,1.0548627531072812, Married-civ-spouse, Prof-specialty, Husband,-0.2644126153749733,-0.1205574573321805,-0.3839987875232711,PVT,5.0,-0.0908772652014939,R,1.533991076639853,1.4977007156030229,1.4386852314081315
Male, Private, HS-grad,-0.3903533538349704, Married-civ-spouse, Machine-op-inspct, Husband,-0.2644126153749733,-0.1205574573321805,-0.5946475955869621,PVT,5.0,-0.0908772652014939,R,0.8547634632288058,0.6087669346779243,1.4386852314081315
Male, Private, Bachelors,0.7658195317188305, Divorced, Adm-clerical, Not-in-family,-0.2644126153749733,-0.1205574573321805,-0.323813413790788,PVT,5.0,-0.0908772652014939,R,-1.5911690449075633,1.8209493632121487,1.4386852314081315
Male, Private, HS-grad,-0.3903533538349704, Married-civ-spouse, Transport-moving, Husband,-0.2644126153749733,-0.1205574573321805,-0.323813413790788,NBF,5.0,-0.0908772652014939,R,1.1952686447550789,-0.3609790081494562,-0.6950790750950001
Male, Private, HS-grad,-0.3903533538349704, Divorced, Transport-moving, Not-in-family,-0.2644126153749733,1.5269141945106874,-0.4140914743895126,NBF,189.0,-0.0908772652014939,I,-1.2096606216268178,-0.2801668462471749,-0.6950790750950001
Male, Self-emp-not-inc, Some-college,-0.1013101324465201, Married-civ-spouse, Craft-repair, Husband,-0.2644126153749733,1.1150462815499709,-0.5946475955869621,PVT,5.0,-0.0908772652014939,R,0.710360742267402,0.9320155822870502,-0.6950790750950001
Female, Self-emp-not-inc, HS-grad,-0.3903533538349704, Never-married, Sales, Not-in-family,-0.2644126153749733,0.208936873036393,2.173879596107263,INS,5.0,-0.0908772652014939,R,1.2059651426040718,1.8209493632121487,-0.6950790750950001
Male, Private, HS-grad,-0.3903533538349704, Never-married, Transport-moving, Own-child,-0.2644126153749733,-0.1205574573321805,-0.5946475955869621,PVT,178.0,-0.0908772652014939,I,-0.7728869594596091,-1.3307249509768369,-0.6950790750950001
Female, Private, HS-grad,-0.3903533538349704, Separated, Exec-managerial, Unmarried,-0.2644126153749733,-0.1205574573321805,-0.323813413790788,NBF,189.0,-0.0908772652014939,I,-1.3237565986827415,0.1238939632642336,-0.6950790750950001
Male, Private, HS-grad,-0.3903533538349704, Married-civ-spouse, Other-service, Husband,-0.2644126153749733,-1.3561611962143318,-0.4140914743895126,NBF,5.0,-0.0908772652014939,R,-1.2827533569282688,0.4471426108733606,-0.6950790750950001
Male, Private, Masters,-0.1013101324465201, Married-civ-spouse, Sales, Husband,-0.2644126153749733,0.7031783685892541,-0.4140914743895126,NBF,5.0,-0.0908772652014939,R,-0.3075893030284192,0.9320155822870502,1.4386852314081315
Male, Private, HS-grad,-0.3903533538349704, Never-married, Other-service, Own-child,-0.2644126153749733,-0.532425370292898,-0.4140914743895126,NBF,5.0,1.3392439082325422,R,0.5124755320610341,-1.4115371128791183,-0.6950790750950001
Female, Private, HS-grad,-0.3903533538349704, Divorced, Craft-repair, Not-in-family,-0.2644126153749733,-0.1205574573321805,-0.4140914743895126,NBF,58.0,-0.0908772652014939,M,0.5249547795515257,0.1238939632642336,-0.6950790750950001
Male, Private, Masters,1.0548627531072812, Married-civ-spouse, Prof-specialty, Husband,-0.2644126153749733,1.1150462815499709,-0.5946475955869621,PVT,5.0,-0.0908772652014939,R,1.3539333628484729,0.2855182870687971,1.4386852314081315
Male, Private, Some-college,-0.1013101324465201, Never-married, Tech-support, Not-in-family,-0.2644126153749733,-0.1205574573321805,-0.4140914743895126,NBF,189.0,-0.0908772652014939,I,1.34323686499948,-0.4417911700517379,-0.6950790750950001
Female, Private, Some-college,-0.1013101324465201, Divorced, Exec-managerial, Not-in-family,-0.2644126153749733,-0.1205574573321805,2.173879596107263,PVT,5.0,-0.0908772652014939,R,-0.8958966847230271,0.0430818013619519,-0.6950790750950001
Female, Local-gov, Masters,1.0548627531072812, Divorced, Prof-specialty, Unmarried,-0.2644126153749733,0.2913104556285366,-0.4140914743895126,PVT,5.0,-0.0908772652014939,R,-1.6143447902470478,1.3360763917984593,-0.6950790750950001
Female, State-gov, Assoc-acdm,0.4767763103303807, Never-married, Adm-clerical, Not-in-family,-0.2644126153749733,-1.3561611962143318,2.173879596107263,PVT,47.0,-0.0908772652014939,I,-1.3915010850596965,-1.2499127890745552,-0.6950790750950001
Male, Private, 10th,-1.2574830180003211, Married-civ-spouse, Craft-repair, Husband,-0.2644126153749733,0.2913104556285366,-0.4140914743895126,NBF,189.0,-0.0908772652014939,I,1.4662465902628985,0.2855182870687971,-0.6950790750950001
Male, Private, HS-grad,-0.3903533538349704, Married-civ-spouse, Adm-clerical, Husband,-0.2644126153749733,-0.1205574573321805,-0.4140914743895126,NBF,189.0,-0.0908772652014939,I,0.3252868197036589,0.8512034203847689,1.4386852314081315
Male, Private, HS-grad,-0.3903533538349704, Married-civ-spouse, Craft-repair, Husband,-0.2644126153749733,0.7031783685892541,2.173879596107263,PVT,5.0,-0.0908772652014939,R,0.0329158784978537,-0.3609790081494562,1.4386852314081315
Male, Private, Doctorate,1.6329491958841815, Married-civ-spouse, Exec-managerial, Husband,-0.2644126153749733,-0.1205574573321805,-0.4140914743895126,NBF,189.0,-0.0908772652014939,I,1.1685274001325965,1.6593250394075854,1.4386852314081315
Male, Private, Assoc-voc,0.18773308894193, Married-civ-spouse, Tech-support, Husband,-0.2644126153749733,-0.1205574573321805,-0.4140914743895126,PVT,5.0,-0.0908772652014939,R,-0.6160049910077136,0.2047061251665154,1.4386852314081315
Male, Private, Assoc-voc,0.18773308894193, Married-civ-spouse, Other-service, Husband,-0.2644126153749733,0.2913104556285366,-0.323813413790788,NBF,58.0,1.3392439082325422,M,0.2343665879872196,0.2855182870687971,-0.6950790750950001
Female, Local-gov, Some-college,-0.1013101324465201, Divorced, Adm-clerical, Unmarried,-0.2644126153749733,-0.1205574573321805,-0.4140914743895126,NBF,5.0,-0.0908772652014939,R,-1.4521145728706562,-0.6842276557585831,-0.6950790750950001
Male, Private, HS-grad,-0.3903533538349704, Married-civ-spouse, Machine-op-inspct, Husband,-0.2644126153749733,-0.1205574573321805,-0.4140914743895126,NBF,177.0,-0.0908772652014939,I,-0.5339985074987682,0.6895790965802056,-0.6950790750950001
Female, Private, Bachelors,0.7658195317188305, Married-civ-spouse, Prof-specialty, Wife,3.649561436428988,-0.1205574573321805,2.173879596107263,PVT,5.0,-0.0908772652014939,R,-1.5448175542285942,-1.0882884652699918,1.4386852314081315
Male, Private, HS-grad,-0.3903533538349704, Married-civ-spouse, Craft-repair, Husband,-0.2644126153749733,-0.1205574573321805,-0.5946475955869621,PVT,5.0,-0.0908772652014939,R,0.8066292229083378,-0.5226033319540196,-0.6950790750950001
Male, Private, Some-college,-0.1013101324465201, Married-civ-spouse, Transport-moving, Husband,-0.2644126153749733,0.2913104556285366,-0.4140914743895126,PVT,5.0,-0.0908772652014939,R,-0.9832514171564684,-0.7650398176608648,1.4386852314081315
Male, Private, Bachelors,0.7658195317188305, Married-civ-spouse, Sales, Husband,-0.2644126153749733,0.208936873036393,-0.4140914743895126,NBF,5.0,-0.0908772652014939,R,-0.0080873632566187,-0.0377303605403297,-0.6950790750950001
Female, Federal-gov, Masters,1.0548627531072812, Never-married, Exec-managerial, Not-in-family,-0.2644126153749733,0.7031783685892541,-0.4140914743895126,PVT,5.0,-0.0908772652014939,R,1.4894223356023828,0.9320155822870502,-0.6950790750950001
Female, Private, 10th,-1.2574830180003211, Never-married, Other-service, Own-child,-0.2644126153749733,-2.1798970221357665,-0.4140914743895126,PVT,5.0,-0.0908772652014939,R,-0.2772825591229393,-1.7347857604882453,-0.6950790750950001
Female, Private, 11th,-0.9684397966118709, Divorced, Craft-repair, Not-in-family,-0.2644126153749733,-0.1205574573321805,2.173879596107263,PVT,173.0,-0.0908772652014939,I,-0.9725549193074756,-1.00747630336771,-0.6950790750950001
Female, Private, HS-grad,-0.3903533538349704, Married-civ-spouse, Adm-clerical, Wife,-0.2644126153749733,-0.1205574573321805,2.173879596107263,INS,5.0,-0.0908772652014939,R,-0.6890977263091648,0.2047061251665154,1.4386852314081315
Male, Private, HS-grad,-0.3903533538349704, Married-civ-spouse, Transport-moving, Husband,-0.2644126153749733,0.7031783685892541,2.173879596107263,PVT,5.0,-0.0908772652014939,R,-1.4966833139081264,0.0430818013619519,1.4386852314081315
Male, Self-emp-not-inc, Prof-school,1.3439059744957311, Never-married, Prof-specialty, Not-in-family,4.804878631370592,0.2913104556285366,-0.4140914743895126,NBF,5.0,-0.0908772652014939,R,-1.4128940807576822,0.1238939632642336,1.4386852314081315
Female, Local-gov, HS-grad,-0.3903533538349704, Widowed, Adm-clerical, Not-in-family,-0.2644126153749733,-0.2853046225164671,-0.4140914743895126,NBF,5.0,-0.0908772652014939,R,-1.1240886388348748,1.9017615251144309,-0.6950790750950001
Female, Private, Some-college,-0.1013101324465201, Never-married, Sales, Own-child,3.0584206813870547,-1.6032819439907624,2.173879596107263,NBF,191.0,-0.0908772652014939,I,-0.7639732112521149,-1.4115371128791183,-0.6950790750950001
Female, Private, HS-grad,-0.3903533538349704, Never-married, Priv-house-serv, Own-child,-0.2644126153749733,-0.1205574573321805,-0.4140914743895126,PVT,5.0,-0.0908772652014939,R,-0.3682027908393788,-0.6842276557585831,-0.6950790750950001
Male, State-gov, 5th-6th,-2.1246126821656723, Married-civ-spouse, Other-service, Husband,-0.2644126153749733,-0.1205574573321805,-0.4140914743895126,PVT,5.0,-0.0908772652014939,R,0.0043918842338727,-0.1993546843448932,-0.6950790750950001
Male, Private, Bachelors,0.7658195317188305, Married-civ-spouse, Protective-serv, Husband,3.680674107746984,0.7031783685892541,2.173879596107263,PVT,5.0,-0.0908772652014939,R,-1.5448175542285942,1.0128277441893323,1.4386852314081315
Male, Private, Bachelors,0.7658195317188305, Never-married, Adm-clerical, Not-in-family,-0.2644126153749733,0.7031783685892541,-0.4140914743895126,NBF,58.0,-0.0908772652014939,M,-1.6553480320015206,-0.6842276557585831,-0.6950790750950001
Female, Private, Bachelors,0.7658195317188305, Married-civ-spouse, Adm-clerical, Wife,-0.2644126153749733,-0.1205574573321805,-0.4140914743895126,PVT,5.0,-0.0908772652014939,R,1.1007829137556415,-0.6842276557585831,1.4386852314081315
Female, Private, Bachelors,0.7658195317188305, Married-spouse-absent, Prof-specialty, Unmarried,-0.2644126153749733,-0.1205574573321805,-0.4140914743895126,NBF,173.0,1.3392439082325422,I,-0.11148684246355,1.4168885537007403,-0.6950790750950001
Male, Private, Some-college,-0.1013101324465201, Never-married, Farming-fishing, Not-in-family,-0.2644126153749733,-0.9442932832536152,-0.6849256561856869,PVT,189.0,-0.0908772652014939,I,0.4286862989105899,-1.2499127890745552,-0.6950790750950001
Male, Private, HS-grad,-0.3903533538349704, Married-civ-spouse, Craft-repair, Husband,-0.2644126153749733,-0.1205574573321805,2.173879596107263,PVT,5.0,-0.0908772652014939,R,-1.1312196374008698,-1.0882884652699918,-0.6950790750950001
Male, State-gov, Doctorate,1.6329491958841815, Married-civ-spouse, Prof-specialty, Husband,-0.2644126153749733,-3.3331271784257743,-0.4140914743895126,PVT,5.0,-0.0908772652014939,R,0.0525261245543408,1.578512877505304,1.4386852314081315
Male, Private, Bachelors,0.7658195317188305, Married-civ-spouse, Prof-specialty, Husband,-0.2644126153749733,1.5269141945106874,-0.4140914743895126,NBF,189.0,-0.0908772652014939,I,0.3645073118166327,0.5279547727756421,1.4386852314081315
Male, Private, Bachelors,0.7658195317188305, Married-civ-spouse, Exec-managerial, Husband,-0.2644126153749733,-0.367678205108611,-0.5946475955869621,PVT,189.0,-0.0908772652014939,I,1.5322083269983542,-0.2801668462471749,1.4386852314081315
Male, Private, Some-college,-0.1013101324465201, Married-civ-spouse, Exec-managerial, Husband,-0.2644126153749733,-0.1205574573321805,-0.4140914743895126,PVT,5.0,-0.0908772652014939,R,0.3466798154016444,1.578512877505304,-0.6950790750950001
Male, Local-gov, Bachelors,0.7658195317188305, Married-civ-spouse, Adm-clerical, Husband,-0.2644126153749733,0.2913104556285366,-0.5946475955869621,PVT,5.0,-0.0908772652014939,R,1.4163296003009314,0.6087669346779243,1.4386852314081315
Male, Private, Some-college,-0.1013101324465201, Married-civ-spouse, Exec-managerial, Husband,-0.2644126153749733,1.5269141945106874,-0.4140914743895126,PVT,5.0,-0.0908772652014939,R,-1.157960882023352,-0.1993546843448932,1.4386852314081315
Female, Local-gov, Some-college,-0.1013101324465201, Never-married, Adm-clerical, Own-child,-0.2644126153749733,-2.591764935096484,-0.323813413790788,NBF,5.0,-0.0908772652014939,R,0.4572102931745709,-0.6842276557585831,-0.6950790750950001
Male, Private, Bachelors,0.7658195317188305, Married-civ-spouse, Exec-managerial, Wife,-0.2644126153749733,-0.1205574573321805,-0.4140914743895126,NBF,5.0,-0.0908772652014939,R,-0.9743376689489746,-0.7650398176608648,1.4386852314081315
Female, Local-gov, Masters,1.0548627531072812, Never-married, Prof-specialty, Unmarried,-0.2644126153749733,-0.1205574573321805,2.173879596107263,PVT,5.0,-0.0908772652014939,R,-0.7158389709316471,0.2855182870687971,-0.6950790750950001
Male, Private, HS-grad,-0.3903533538349704, Never-married, Machine-op-inspct, Own-child,-0.2644126153749733,-0.1205574573321805,-0.4140914743895126,NBF,5.0,-0.0908772652014939,R,0.1398808569877826,-1.2499127890745552,-0.6950790750950001
Male, Self-emp-not-inc, Masters,1.0548627531072812, Never-married, Prof-specialty, Not-in-family,-0.2644126153749733,-0.1205574573321805,-0.4140914743895126,NBF,5.0,-0.0908772652014939,R,0.3056765736471719,-0.5226033319540196,-0.6950790750950001
Male, Federal-gov, HS-grad,-0.3903533538349704, Married-civ-spouse, Craft-repair, Husband,-0.2644126153749733,-0.1205574573321805,-0.7150183430519285,PVT,58.0,-0.0908772652014939,M,-0.3254167994434072,-0.1185425224426115,-0.6950790750950001
Male, Self-emp-not-inc, HS-grad,-0.3903533538349704, Married-civ-spouse, Transport-moving, Husband,-0.2644126153749733,0.2913104556285366,-0.323813413790788,NBF,5.0,-0.0908772652014939,R,1.0383866763031837,0.2047061251665154,-0.6950790750950001
Male, Private, 1st-4th,-2.4136559035541225, Married-civ-spouse, Machine-op-inspct, Husband,-0.2644126153749733,1.5269141945106874,-0.3839987875232711,HFC,58.0,-0.0908772652014939,M,0.0382641274223501,1.8209493632121487,1.4386852314081315
Male, Private, Masters,1.0548627531072812, Married-civ-spouse, Exec-managerial, Husband,-0.2644126153749733,0.2913104556285366,-0.5043695349882374,PVT,5.0,-0.0908772652014939,R,1.0918691655481478,0.3663304489710788,-0.6950790750950001
Male, Private, Bachelors,0.7658195317188305, Married-civ-spouse, Sales, Husband,-0.2644126153749733,0.2913104556285366,2.173879596107263,NBF,189.0,1.3392439082325422,I,-1.5679932995680788,-1.1691006271722737,-0.6950790750950001
Female, Private, Bachelors,0.7658195317188305, Divorced, Sales, Not-in-family,-0.2644126153749733,0.7031783685892541,2.173879596107263,PVT,5.0,-0.0908772652014939,R,1.0865209166236516,0.8512034203847689,1.4386852314081315
Male, Private, Assoc-acdm,0.4767763103303807, Married-civ-spouse, Craft-repair, Husband,-0.2644126153749733,-0.1205574573321805,-0.5946475955869621,PVT,5.0,-0.0908772652014939,R,-0.2754998094814406,0.9320155822870502,1.4386852314081315
Male, Private, Bachelors,0.7658195317188305, Married-civ-spouse, Other-service, Husband,-0.2644126153749733,-0.1205574573321805,-0.4140914743895126,PVT,5.0,-0.0908772652014939,R,1.325409368584492,1.0128277441893323,1.4386852314081315
Female, Private, Some-college,-0.1013101324465201, Married-spouse-absent, Prof-specialty, Not-in-family,-0.2644126153749733,-0.1205574573321805,-0.5946475955869621,PVT,58.0,1.3392439082325422,M,-1.5965172938320598,-0.1993546843448932,1.4386852314081315
Male, Local-gov, Masters,1.0548627531072812, Married-civ-spouse, Prof-specialty, Husband,-0.2644126153749733,-1.3561611962143318,-0.4140914743895126,NBF,5.0,-0.0908772652014939,R,-1.0438649049674282,2.0633858489189945,-0.6950790750950001
Male, Private, Doctorate,1.6329491958841815, Married-civ-spouse, Prof-specialty, Husband,-0.2644126153749733,-0.1205574573321805,-0.74511102991817,PUB,47.0,-0.0908772652014939,I,-0.7621904616106161,0.9320155822870502,1.4386852314081315
Female, Private, Masters,1.0548627531072812, Divorced, Exec-managerial, Unmarried,-0.2644126153749733,0.2913104556285366,2.173879596107263,PVT,5.0,-0.0908772652014939,R,0.2967628254396779,0.2047061251665154,-0.6950790750950001
Male, Private, 11th,-0.9684397966118709, Married-civ-spouse, Craft-repair, Husband,-0.2644126153749733,-0.1205574573321805,-0.4140914743895126,NBF,189.0,-0.0908772652014939,I,-1.418242329682179,-0.6034154938563014,-0.6950790750950001
Female, Self-emp-not-inc, Some-college,-0.1013101324465201, Married-civ-spouse, Adm-clerical, Wife,-0.2644126153749733,-1.7680291091750493,-0.6247402824532038,PVT,5.0,-0.0908772652014939,R,-0.2416275662929632,-0.1185425224426115,-0.6950790750950001
Male, Private, Some-college,-0.1013101324465201, Married-civ-spouse, Exec-managerial, Husband,-0.2644126153749733,-0.1205574573321805,-0.6247402824532038,PVT,189.0,-0.0908772652014939,I,-1.377239087927706,-0.4417911700517379,1.4386852314081315
Male, State-gov, Bachelors,-0.1013101324465201, Married-civ-spouse, Prof-specialty, Husband,-0.2644126153749733,-0.1205574573321805,2.173879596107263,PVT,5.0,-0.0908772652014939,R,1.364629860697466,-0.6842276557585831,1.4386852314081315
Female, Private, HS-grad,-0.3903533538349704, Separated, Exec-managerial, Unmarried,-0.2644126153749733,-0.367678205108611,2.173879596107263,PVT,5.0,1.3392439082325422,R,-0.0294803589546046,0.6895790965802056,-0.6950790750950001
Male, Local-gov, HS-grad,-0.3903533538349704, Married-civ-spouse, Transport-moving, Husband,-0.2644126153749733,-0.1205574573321805,-0.323813413790788,NBF,189.0,-0.0908772652014939,I,-0.4609057721973169,1.0936399060916138,1.4386852314081315
Male, Private, Some-college,-0.1013101324465201, Never-married, Exec-managerial, Not-in-family,-0.2644126153749733,0.8679255337735403,-0.4140914743895126,NBF,123.0,-0.0908772652014939,I,-1.1543953827403546,-0.6842276557585831,-0.6950790750950001
Male, Private, HS-grad,-0.3903533538349704, Married-civ-spouse, Other-service, Husband,-0.2644126153749733,-0.1205574573321805,-0.4140914743895126,PVT,189.0,-0.0908772652014939,I,-1.3291048476072382,-0.9266641414654284,-0.6950790750950001
Male, Private, HS-grad,-0.3903533538349704, Never-married, Machine-op-inspct, Not-in-family,-0.2644126153749733,-0.1205574573321805,-0.4140914743895126,PVT,5.0,-0.0908772652014939,R,-0.8067592026480864,-1.00747630336771,-0.6950790750950001
Male, Private, HS-grad,-0.3903533538349704, Married-civ-spouse, Machine-op-inspct, Husband,3.0107145853661264,0.0441897078521065,-0.5645549087207206,PUB,5.0,-0.0908772652014939,R,-0.942248175401996,0.2855182870687971,-0.6950790750950001
Male, Private, Some-college,-0.1013101324465201, Married-civ-spouse, Handlers-cleaners, Husband,-0.2644126153749733,0.7031783685892541,-0.4140914743895126,PVT,47.0,-0.0908772652014939,I,-1.4360698260971667,-0.3609790081494562,-0.6950790750950001
Male, Local-gov, Some-college,-0.1013101324465201, Never-married, Protective-serv, Not-in-family,-0.2644126153749733,-0.1205574573321805,-0.74511102991817,PVT,5.0,-0.0908772652014939,R,-0.8317176976290696,-1.1691006271722737,-0.6950790750950001
Male, Private, HS-grad,-0.3903533538349704, Married-civ-spouse, Machine-op-inspct, Husband,-0.2644126153749733,0.208936873036393,-0.4140914743895126,PVT,5.0,-0.0908772652014939,R,-1.5911690449075633,0.3663304489710788,1.4386852314081315
Male, Private, Some-college,-0.1013101324465201, Married-civ-spouse, Craft-repair, Husband,-0.2644126153749733,0.2913104556285366,-0.4140914743895126,NBF,5.0,-0.0908772652014939,R,1.345019614640979,0.4471426108733606,-0.6950790750950001
Male, Private, Bachelors,0.7658195317188305, Married-civ-spouse, Sales, Husband,-0.2644126153749733,0.7031783685892541,-0.4140914743895126,NBF,5.0,-0.0908772652014939,R,-0.0080873632566187,-0.3609790081494562,-0.6950790750950001
Male, Private, HS-grad,-0.3903533538349704, Married-civ-spouse, Craft-repair, Husband,3.989726642839083,-0.1205574573321805,-0.4140914743895126,NBF,5.0,-0.0908772652014939,R,1.382457357112454,0.5279547727756421,-0.6950790750950001
Male, Private, 10th,-1.2574830180003211, Married-civ-spouse, Machine-op-inspct, Husband,-0.2644126153749733,0.5384312034049671,-0.4140914743895126,PVT,5.0,-0.0908772652014939,R,0.2807180786661885,1.4977007156030229,-0.6950790750950001
Female, Private, HS-grad,-0.3903533538349704, Never-married, Transport-moving, Not-in-family,-0.2644126153749733,-0.1205574573321805,2.173879596107263,PVT,189.0,-0.0908772652014939,I,-1.0385166560429318,-0.8458519795631466,-0.6950790750950001
Male, Self-emp-not-inc, 10th,-1.2574830180003211, Married-civ-spouse, Farming-fishing, Husband,-0.2644126153749733,4.739483915604281,-0.3839987875232711,HFC,5.0,-0.0908772652014939,R,-0.8905484357985303,0.6087669346779243,1.4386852314081315
Male, State-gov, Doctorate,1.6329491958841815, Married-civ-spouse, Prof-specialty, Husband,-0.2644126153749733,0.7031783685892541,-0.4140914743895126,PVT,5.0,-0.0908772652014939,R,0.8815047078512881,-0.4417911700517379,-0.6950790750950001
Male, Private, Bachelors,0.7658195317188305, Married-civ-spouse, Sales, Husband,-0.2644126153749733,0.7031783685892541,2.173879596107263,PVT,5.0,-0.0908772652014939,R,-0.4377300268578324,-0.8458519795631466,1.4386852314081315
Male, Private, HS-grad,-0.3903533538349704, Married-civ-spouse, Sales, Husband,-0.2644126153749733,0.2913104556285366,-0.4140914743895126,PVT,5.0,-0.0908772652014939,R,-0.4858642671783004,-0.3609790081494562,1.4386852314081315
Male, Self-emp-not-inc, Doctorate,1.6329491958841815, Married-civ-spouse, Prof-specialty, Husband,-0.2644126153749733,1.5269141945106874,-0.4140914743895126,PVT,173.0,-0.0908772652014939,I,1.1150449108876326,1.0936399060916138,1.4386852314081315
Male, Private, Bachelors,0.7658195317188305, Never-married, Exec-managerial, Not-in-family,-0.2644126153749733,-0.9442932832536152,-0.4140914743895126,NBF,5.0,-0.0908772652014939,R,0.7014469940599081,-1.3307249509768369,-0.6950790750950001
Female, Private, HS-grad,-0.3903533538349704, Married-civ-spouse, Adm-clerical, Wife,-0.2644126153749733,-0.532425370292898,2.173879596107263,NBF,189.0,-0.0908772652014939,I,1.476943088111891,-0.4417911700517379,1.4386852314081315
Female, Private, HS-grad,-0.3903533538349704, Divorced, Adm-clerical, Unmarried,-0.2644126153749733,-0.1205574573321805,-0.4140914743895126,PVT,5.0,-0.0908772652014939,R,0.776322479002858,0.6087669346779243,-0.6950790750950001
Male, Private, HS-grad,-0.3903533538349704, Divorced, Transport-moving, Not-in-family,-0.2644126153749733,-0.1205574573321805,-0.4140914743895126,PVT,5.0,-0.0908772652014939,R,1.2434028850755467,1.3360763917984593,-0.6950790750950001
Male, Private, HS-grad,-0.3903533538349704, Married-civ-spouse, Craft-repair, Husband,-0.2644126153749733,-0.1205574573321805,-0.323813413790788,NBF,189.0,-0.0908772652014939,I,0.2914145765151816,1.0128277441893323,1.4386852314081315
Male, Self-emp-not-inc, Bachelors,0.7658195317188305, Married-civ-spouse, Craft-repair, Husband,-0.2644126153749733,-0.1205574573321805,-0.3839987875232711,PVT,5.0,-0.0908772652014939,R,-0.3396787965753977,0.5279547727756421,1.4386852314081315
Female, Private, Some-college,-0.1013101324465201, Never-married, Sales, Own-child,-0.2644126153749733,-0.532425370292898,-0.4140914743895126,NBF,5.0,-0.0908772652014939,R,-1.2488811137397915,-0.3609790081494562,-0.6950790750950001
Female, Self-emp-not-inc, HS-grad,-0.3903533538349704, Married-civ-spouse, Sales, Wife,-0.2644126153749733,1.0326726989578272,-0.323813413790788,NBF,173.0,-0.0908772652014939,I,-0.6284842384982052,0.0430818013619519,1.4386852314081315
Female, Private, Masters,1.0548627531072812, Married-civ-spouse, Adm-clerical, Wife,-0.2644126153749733,-1.7680291091750493,-0.4140914743895126,NBF,5.0,-0.0908772652014939,R,1.2362718865095517,-0.9266641414654284,1.4386852314081315
Female, Private, Bachelors,0.7658195317188305, Never-married, Adm-clerical, Own-child,-0.2644126153749733,-0.532425370292898,-0.7752037167844117,NBF,5.0,-0.0908772652014939,R,-0.3503752944243907,-1.3307249509768369,-0.6950790750950001
Female, Federal-gov, Some-college,-0.1013101324465201, Never-married, Adm-clerical, Own-child,-0.2644126153749733,-0.1205574573321805,-0.5946475955869621,PVT,130.0,-0.0908772652014939,I,-0.3771165390468729,-0.6842276557585831,-0.6950790750950001
Male, Private, Some-college,-0.1013101324465201, Never-married, Craft-repair, Unmarried,-0.2644126153749733,-0.367678205108611,-0.4742768481219959,NBF,189.0,-0.0908772652014939,I,-1.518076309606112,-1.00747630336771,-0.6950790750950001
Male, Private, Masters,1.0548627531072812, Married-civ-spouse, Exec-managerial, Husband,-0.2644126153749733,-0.1205574573321805,-0.323813413790788,PVT,173.0,-0.0908772652014939,I,-1.1472643841743593,0.6895790965802056,-0.6950790750950001
Female, Local-gov, Bachelors,0.7658195317188305, Married-civ-spouse, Prof-specialty, Wife,3.680674107746984,-0.1205574573321805,2.173879596107263,PVT,5.0,-0.0908772652014939,R,-1.6072137916810527,0.6087669346779243,1.4386852314081315
Male, Private, Some-college,-0.1013101324465201, Married-civ-spouse, Craft-repair, Husband,-0.2644126153749733,0.2913104556285366,-0.5946475955869621,PVT,5.0,-0.0908772652014939,R,-0.7372319666296328,0.6087669346779243,1.4386852314081315
Female, Private, Masters,1.0548627531072812, Never-married, Exec-managerial, Unmarried,-0.2644126153749733,-0.532425370292898,-0.5946475955869621,PVT,5.0,-0.0908772652014939,R,-0.4805160182538038,-0.0377303605403297,-0.6950790750950001
Female, Private, Some-college,-0.1013101324465201, Divorced, Adm-clerical, Unmarried,-0.2644126153749733,-0.532425370292898,-0.4140914743895126,PVT,5.0,-0.0908772652014939,R,0.6782712487204234,0.6087669346779243,-0.6950790750950001
Male, Self-emp-not-inc, Bachelors,0.7658195317188305, Married-civ-spouse, Exec-managerial, Husband,-0.2644126153749733,0.7031783685892541,-0.323813413790788,NBF,5.0,-0.0908772652014939,R,0.3894658067976161,0.0430818013619519,1.4386852314081315
Male, Private, 10th,-1.2574830180003211, Married-civ-spouse, Craft-repair, Husband,-0.2644126153749733,-0.1205574573321805,-0.323813413790788,NBF,189.0,-0.0908772652014939,I,0.2361493376287184,-0.3609790081494562,-0.6950790750950001
Male, Private, HS-grad,-0.3903533538349704, Married-civ-spouse, Exec-managerial, Husband,-0.2644126153749733,0.2913104556285366,-0.323813413790788,NBF,5.0,-0.0908772652014939,R,1.6980040436577433,1.174452067993896,-0.6950790750950001
Male, Private, Assoc-voc,0.18773308894193, Married-civ-spouse, Tech-support, Husband,3.649561436428988,-0.1205574573321805,2.173879596107263,PVT,5.0,-0.0908772652014939,R,0.975990438850725,-1.2499127890745552,1.4386852314081315
Female, Private, Some-college,-0.1013101324465201, Divorced, Prof-specialty, Unmarried,-0.2644126153749733,0.2913104556285366,-0.4140914743895126,PVT,5.0,-0.0908772652014939,R,-1.0046444128544545,-0.1993546843448932,-0.6950790750950001
Female, Private, Bachelors,0.7658195317188305, Never-married, Other-service, Not-in-family,-0.2644126153749733,-1.3561611962143318,-0.4140914743895126,PVT,123.0,-0.0908772652014939,I,1.400284853527442,-0.6034154938563014,-0.6950790750950001
Male, Private, Doctorate,1.6329491958841815, Married-civ-spouse, Prof-specialty, Husband,-0.2644126153749733,1.1150462815499709,-0.5946475955869621,PVT,5.0,-0.0908772652014939,R,0.776322479002858,0.6087669346779243,1.4386852314081315
Female, Self-emp-not-inc, Some-college,-0.1013101324465201, Divorced, Exec-managerial, Unmarried,-0.2644126153749733,-0.1205574573321805,-0.74511102991817,PVT,5.0,-0.0908772652014939,R,1.4805085873948889,-0.1185425224426115,-0.6950790750950001
Male, Private, HS-grad,-0.3903533538349704, Married-civ-spouse, Craft-repair, Husband,-0.2644126153749733,-0.7795461180693282,-0.4140914743895126,NBF,5.0,-0.0908772652014939,R,1.0740416691331596,-0.2801668462471749,-0.6950790750950001
Female, Private, Some-college,-0.1013101324465201, Separated, Exec-managerial, Unmarried,-0.2644126153749733,1.5269141945106874,-0.4140914743895126,PVT,121.0,-0.0908772652014939,I,0.9866869366997176,0.8512034203847689,-0.6950790750950001
Male, Private, Some-college,-0.1013101324465201, Married-civ-spouse, Transport-moving, Husband,-0.2644126153749733,1.5269141945106874,-0.4140914743895126,NBF,5.0,-0.0908772652014939,R,-0.7586249623276186,0.5279547727756421,1.4386852314081315
Female, State-gov, HS-grad,-0.3903533538349704, Divorced, Adm-clerical, Own-child,-0.2644126153749733,-0.1205574573321805,-0.4140914743895126,PVT,5.0,-0.0908772652014939,R,-1.20609512234382,0.9320155822870502,-0.6950790750950001
Male, Private, 10th,-1.2574830180003211, Never-married, Other-service, Own-child,-0.2644126153749733,-0.1205574573321805,-0.4140914743895126,PVT,5.0,-0.0908772652014939,R,0.8583289625118035,-1.6539735985859636,-0.6950790750950001
Female, State-gov, Bachelors,0.7658195317188305, Never-married, Prof-specialty, Not-in-family,-0.2644126153749733,-0.1205574573321805,-0.4140914743895126,NBF,189.0,-0.0908772652014939,I,-1.0759543985144069,0.3663304489710788,-0.6950790750950001
Male, Private, Assoc-voc,0.18773308894193, Married-civ-spouse, Craft-repair, Husband,-0.2644126153749733,-0.1205574573321805,-0.5946475955869621,PVT,5.0,-0.0908772652014939,R,0.4803860385140555,-1.0882884652699918,1.4386852314081315
Female, Private, HS-grad,-0.3903533538349704, Divorced, Exec-managerial, Unmarried,-0.2644126153749733,-0.1205574573321805,-0.323813413790788,NBF,173.0,-0.0908772652014939,I,-1.471724818927143,0.6895790965802056,1.4386852314081315
Male, Private, Some-college,-0.1013101324465201, Married-civ-spouse, Adm-clerical, Husband,-0.2644126153749733,-0.1205574573321805,2.173879596107263,PVT,47.0,-0.0908772652014939,I,-1.1062611424198867,0.8512034203847689,1.4386852314081315
Male, Self-emp-not-inc, 12th,-0.6793965752234207, Married-civ-spouse, Other-service, Husband,-0.2644126153749733,4.739483915604281,-0.5946475955869621,PVT,5.0,-0.0908772652014939,R,1.2701441296980291,1.0128277441893323,-0.6950790750950001
Male, Self-emp-not-inc, Masters,1.0548627531072812, Married-civ-spouse, Prof-specialty, Husband,4.744727466822466,0.7031783685892541,-0.3839987875232711,HFC,58.0,1.3392439082325422,M,0.6123095119849675,2.0633858489189945,1.4386852314081315
Male, Private, Masters,1.0548627531072812, Married-civ-spouse, Sales, Husband,-0.2644126153749733,0.2913104556285366,-0.5946475955869621,PVT,130.0,-0.0908772652014939,I,0.0917466166673145,0.2855182870687971,1.4386852314081315
Female, State-gov, Assoc-voc,0.18773308894193, Divorced, Prof-specialty, Unmarried,-0.2644126153749733,1.1974198641421143,2.173879596107263,PVT,58.0,-0.0908772652014939,M,-0.630266988139704,0.7703912584824878,1.4386852314081315
Male, Private, Some-college,-0.1013101324465201, Married-civ-spouse, Transport-moving, Husband,-0.2644126153749733,0.2913104556285366,-0.5946475955869621,PVT,5.0,1.3392439082325422,R,0.3306350686281553,-0.1185425224426115,-0.6950790750950001
Male, Private, Doctorate,1.6329491958841815, Married-civ-spouse, Exec-managerial, Husband,-0.2644126153749733,3.1743858463535566,-0.5946475955869621,PVT,5.0,-0.0908772652014939,R,1.024124679171193,1.3360763917984593,1.4386852314081315
Male, Private, HS-grad,-0.3903533538349704, Married-civ-spouse, Craft-repair, Husband,-0.2644126153749733,-0.1205574573321805,2.173879596107263,PVT,5.0,-0.0908772652014939,R,-0.8441969451195613,-0.1993546843448932,1.4386852314081315
Male, Private, HS-grad,-0.3903533538349704, Divorced, Handlers-cleaners, Other-relative,-0.2644126153749733,-0.1205574573321805,-0.4140914743895126,PVT,999.0,-0.0908772652014939,I,0.6176577609094639,-0.2801668462471749,-0.6950790750950001
Male, Self-emp-not-inc, Bachelors,0.7658195317188305, Married-civ-spouse, Craft-repair, Husband,-0.2644126153749733,0.2913104556285366,-0.5946475955869621,PVT,5.0,-0.0908772652014939,R,0.5392167766835163,-0.2801668462471749,-0.6950790750950001
Male, Private, Masters,1.0548627531072812, Married-civ-spouse, Exec-managerial, Husband,-0.2644126153749733,0.7031783685892541,-0.74511102991817,NBF,173.0,-0.0908772652014939,I,0.2789353290246897,1.4168885537007403,1.4386852314081315
Male, Private, HS-grad,-0.3903533538349704, Divorced, Craft-repair, Not-in-family,-0.2644126153749733,0.7031783685892541,-0.4140914743895126,NBF,5.0,-0.0908772652014939,R,-1.4200250793236775,0.8512034203847689,-0.6950790750950001
Male, Self-emp-not-inc, HS-grad,-0.3903533538349704, Married-civ-spouse, Farming-fishing, Husband,-0.2644126153749733,2.515397185616409,-0.4140914743895126,NBF,189.0,-0.0908772652014939,I,0.3609418125336351,1.578512877505304,-0.6950790750950001
Male, Private, 11th,-0.9684397966118709, Married-civ-spouse, Handlers-cleaners, Husband,-0.2644126153749733,-0.1205574573321805,-0.4140914743895126,NBF,5.0,-0.0908772652014939,R,1.594604564450813,0.3663304489710788,-0.6950790750950001
Male, State-gov, Some-college,-0.1013101324465201, Married-civ-spouse, Prof-specialty, Husband,3.680674107746984,-0.1205574573321805,-0.4140914743895126,PVT,5.0,-0.0908772652014939,R,-1.623258538454542,1.2552642298961771,1.4386852314081315
Female, Private, Some-college,-0.1013101324465201, Never-married, Transport-moving, Own-child,-0.2644126153749733,-2.01514985695148,-0.4140914743895126,NBF,47.0,-0.0908772652014939,I,-1.5198590592476109,-1.4923492747814002,-0.6950790750950001
Male, Self-emp-inc, Some-college,-0.1013101324465201, Married-civ-spouse, Sales, Husband,-0.2644126153749733,4.739483915604281,2.173879596107263,PVT,5.0,-0.0908772652014939,R,0.6212232601924614,-0.5226033319540196,1.4386852314081315
Female, Private, Some-college,-0.1013101324465201, Divorced, Tech-support, Unmarried,-0.2644126153749733,-0.4500517877007545,-0.4140914743895126,PVT,5.0,-0.0908772652014939,R,1.2933198750375134,0.2047061251665154,-0.6950790750950001
Male, Local-gov, Bachelors,0.7658195317188305, Divorced, Prof-specialty, Unmarried,-0.2644126153749733,0.2913104556285366,-0.4140914743895126,NBF,5.0,-0.0908772652014939,R,1.0455176748691786,0.4471426108733606,-0.6950790750950001
Male, Private, Bachelors,0.7658195317188305, Never-married, Prof-specialty, Own-child,-0.2644126153749733,1.5269141945106874,-0.4140914743895126,PVT,5.0,-0.0908772652014939,R,-0.3949440354618609,-1.2499127890745552,-0.6950790750950001
Male, Private, HS-grad,-0.3903533538349704, Married-civ-spouse, Machine-op-inspct, Husband,-0.2644126153749733,-0.1205574573321805,-0.323813413790788,NBF,189.0,1.3392439082325422,I,-0.8780691883080387,1.9017615251144309,-0.6950790750950001
Male, Private, Assoc-voc,0.18773308894193, Married-civ-spouse, Craft-repair, Husband,-0.2644126153749733,-0.1205574573321805,-0.4140914743895126,PUB,123.0,-0.0908772652014939,I,-0.2255828195194739,-0.2801668462471749,1.4386852314081315
Male, Private, Some-college,-0.1013101324465201, Never-married, Sales, Own-child,-0.2644126153749733,-0.532425370292898,-0.74511102991817,NBF,5.0,-0.0908772652014939,R,1.107913912321637,-1.573161436683682,-0.6950790750950001
Female, Private, HS-grad,-0.3903533538349704, Never-married, Other-service, Own-child,-0.2644126153749733,-0.7795461180693282,-0.4140914743895126,NBF,224.0,-0.0908772652014939,R,-1.649999783077024,-0.9266641414654284,-0.6950790750950001
Male, Federal-gov, HS-grad,-0.3903533538349704, Never-married, Adm-clerical, Not-in-family,-0.2644126153749733,-0.1205574573321805,-0.4140914743895126,PVT,5.0,-0.0908772652014939,R,1.3771091081879576,2.305822334625839,1.4386852314081315
Female, Private, Assoc-voc,0.18773308894193, Never-married, Prof-specialty, Not-in-family,-0.2644126153749733,-0.1205574573321805,2.173879596107263,PVT,5.0,-0.0908772652014939,R,1.2523166332830409,-0.6842276557585831,-0.6950790750950001
Male, Self-emp-inc, Assoc-acdm,0.4767763103303807, Married-civ-spouse, Transport-moving, Husband,-0.2644126153749733,0.2913104556285366,-0.4140914743895126,PVT,5.0,-0.0908772652014939,R,-0.0936593460485618,1.174452067993896,1.4386852314081315
Female, State-gov, HS-grad,-0.3903533538349704, Widowed, Prof-specialty, Unmarried,-0.2644126153749733,-0.532425370292898,-0.323813413790788,NBF,5.0,-0.0908772652014939,R,-1.4128940807576822,2.225010172723558,-0.6950790750950001
Male, Private, 10th,-1.2574830180003211, Married-civ-spouse, Handlers-cleaners, Husband,-0.2644126153749733,-0.532425370292898,-0.4140914743895126,PVT,5.0,-0.0908772652014939,R,-0.2184518209534785,-1.4115371128791183,-0.6950790750950001
Female, Private, Some-college,-0.1013101324465201, Widowed, Adm-clerical, Not-in-family,-0.2644126153749733,-1.3561611962143318,-0.74511102991817,NBF,123.0,-0.0908772652014939,I,0.3948140557221125,2.7098831441372484,-0.6950790750950001
Male, Self-emp-inc, HS-grad,-0.3903533538349704, Married-civ-spouse, Exec-managerial, Husband,-0.2644126153749733,-0.1205574573321805,-0.4140914743895126,NBF,5.0,-0.0908772652014939,R,-1.3166256001167462,0.1238939632642336,-0.6950790750950001
Male, Self-emp-inc, Some-college,-0.1013101324465201, Married-civ-spouse, Machine-op-inspct, Husband,-0.2644126153749733,2.3506500204321217,-0.4140914743895126,NBF,5.0,-0.0908772652014939,R,-0.0526561042940892,0.9320155822870502,-0.6950790750950001
Female, Federal-gov, Bachelors,0.7658195317188305, Married-civ-spouse, Prof-specialty, Wife,-0.2644126153749733,0.5384312034049671,2.173879596107263,PVT,5.0,-0.0908772652014939,R,0.4946480356460458,-0.1185425224426115,1.4386852314081315
Male, Private, HS-grad,-0.3903533538349704, Married-civ-spouse, Craft-repair, Husband,-0.2644126153749733,-0.1205574573321805,2.173879596107263,PVT,5.0,-0.0908772652014939,R,-1.4806385671346372,-0.1185425224426115,-0.6950790750950001
Male, State-gov, Masters,1.0548627531072812, Married-civ-spouse, Exec-managerial, Husband,-0.2644126153749733,-0.1205574573321805,2.173879596107263,PVT,5.0,-0.0908772652014939,R,-1.5448175542285942,1.4977007156030229,1.4386852314081315
Male, Private, 12th,-0.6793965752234207, Divorced, Craft-repair, Own-child,-0.2644126153749733,-0.532425370292898,-0.4140914743895126,PVT,5.0,-0.0908772652014939,R,0.4055105535711052,-0.1185425224426115,-0.6950790750950001
Male, Private, HS-grad,-0.3903533538349704, Married-civ-spouse, Transport-moving, Husband,-0.2644126153749733,0.8679255337735403,-0.4140914743895126,PVT,5.0,-0.0908772652014939,R,0.7870189768518511,-0.3609790081494562,-0.6950790750950001
Male, Private, Assoc-voc,0.18773308894193, Married-civ-spouse, Sales, Husband,-0.2644126153749733,-1.3561611962143318,-0.4140914743895126,NBF,189.0,-0.0908772652014939,I,-0.3200685505189108,0.8512034203847689,-0.6950790750950001
Female, Private, HS-grad,-0.3903533538349704, Widowed, Adm-clerical, Not-in-family,-0.2644126153749733,-0.2853046225164671,-0.3839987875232711,PVT,5.0,-0.0908772652014939,R,0.6194405105509626,1.9017615251144309,-0.6950790750950001
Male, Private, HS-grad,-0.3903533538349704, Married-civ-spouse, Craft-repair, Husband,-0.2644126153749733,0.2913104556285366,-0.4140914743895126,PVT,5.0,-0.0908772652014939,R,-1.6535652823600218,1.0128277441893323,1.4386852314081315
Female, Private, Some-college,-0.1013101324465201, Never-married, Sales, Not-in-family,-0.2644126153749733,-0.9442932832536152,-0.4140914743895126,NBF,5.0,-0.0908772652014939,R,0.0917466166673145,-1.573161436683682,-0.6950790750950001
Female, Private, Assoc-acdm,0.4767763103303807, Never-married, Sales, Not-in-family,-0.2644126153749733,0.3736840382206801,-0.4140914743895126,NBF,5.0,-0.0908772652014939,R,-0.8727209393835423,-0.5226033319540196,-0.6950790750950001
Male, Self-emp-inc, Bachelors,0.7658195317188305, Married-civ-spouse, Exec-managerial, Husband,4.697021370801537,2.76251793339284,-0.4140914743895126,PVT,5.0,-0.0908772652014939,R,-0.1631865820670155,2.305822334625839,1.4386852314081315
Male, Private, Bachelors,0.7658195317188305, Married-civ-spouse, Sales, Husband,-0.2644126153749733,-0.1205574573321805,-0.4140914743895126,PVT,5.0,-0.0908772652014939,R,-1.375456338286207,0.1238939632642336,1.4386852314081315
Female, Private, Some-college,-0.1013101324465201, Never-married, Protective-serv, Unmarried,-0.2644126153749733,-0.1205574573321805,-0.4140914743895126,PVT,189.0,-0.0908772652014939,I,0.3413315664771481,-0.1993546843448932,-0.6950790750950001
Male, Private, 11th,-0.9684397966118709, Married-civ-spouse, Craft-repair, Husband,-0.2644126153749733,0.7031783685892541,-0.4140914743895126,NBF,5.0,-0.0908772652014939,R,-0.5339985074987682,-0.1185425224426115,-0.6950790750950001
Female, Private, Assoc-acdm,0.4767763103303807, Never-married, Sales, Own-child,-0.2644126153749733,-0.1205574573321805,-0.5043695349882374,PVT,5.0,-0.0908772652014939,R,-0.7318837177051364,-1.2499127890745552,-0.6950790750950001
Male, Private, Some-college,-0.1013101324465201, Never-married, Other-service, Own-child,-0.2644126153749733,-0.532425370292898,-0.323813413790788,NBF,189.0,-0.0908772652014939,I,0.7584949825878701,-1.4115371128791183,-0.6950790750950001
Male, Private, HS-grad,-0.3903533538349704, Married-civ-spouse, Transport-moving, Husband,-0.2644126153749733,0.5384312034049671,-0.323813413790788,NBF,5.0,-0.0908772652014939,R,0.7067952429844044,0.8512034203847689,1.4386852314081315
Male, Self-emp-inc, HS-grad,-0.3903533538349704, Never-married, Craft-repair, Not-in-family,-0.2644126153749733,0.2913104556285366,2.173879596107263,PVT,189.0,-0.0908772652014939,I,0.9652939410017324,-0.6034154938563014,-0.6950790750950001
Male, Private, HS-grad,-0.3903533538349704, Married-civ-spouse, Craft-repair, Husband,-0.2644126153749733,-0.1205574573321805,2.173879596107263,PVT,5.0,-0.0908772652014939,R,0.4643412917405661,1.6593250394075854,-0.6950790750950001
Male, Private, 10th,-1.2574830180003211, Never-married, Transport-moving, Not-in-family,-0.2644126153749733,-0.1205574573321805,-0.4140914743895126,NBF,5.0,-0.0908772652014939,R,-1.28097060728677,0.2855182870687971,-0.6950790750950001
Male, Private, 10th,-1.2574830180003211, Never-married, Craft-repair, Not-in-family,-0.2644126153749733,-0.1205574573321805,-0.4140914743895126,NBF,5.0,-0.0908772652014939,R,-0.6338324874227016,-1.2499127890745552,-0.6950790750950001
Male, Private, Bachelors,0.7658195317188305, Never-married, Machine-op-inspct, Own-child,-0.2644126153749733,-0.1205574573321805,-0.5043695349882374,PVT,5.0,-0.0908772652014939,R,1.033038427378687,-1.2499127890745552,-0.6950790750950001
Male, Local-gov, HS-grad,-0.3903533538349704, Married-civ-spouse, Protective-serv, Husband,-0.2644126153749733,-0.1205574573321805,-0.4140914743895126,PVT,5.0,-0.0908772652014939,R,0.521389280268528,0.8512034203847689,1.4386852314081315
Female, Local-gov, Assoc-voc,0.18773308894193, Never-married, Tech-support, Not-in-family,2.9796019140481302,2.515397185616409,2.173879596107263,PVT,5.0,-0.0908772652014939,R,0.6426162558904472,-0.9266641414654284,1.4386852314081315
Male, Private, Some-college,-0.1013101324465201, Married-civ-spouse, Prof-specialty, Husband,-0.2644126153749733,1.1974198641421143,2.173879596107263,NBF,189.0,-0.0908772652014939,I,-1.5715587988510764,1.0936399060916138,1.4386852314081315
Male, Private, HS-grad,-0.3903533538349704, Never-married, Transport-moving, Not-in-family,-0.2644126153749733,-0.532425370292898,-0.4140914743895126,PVT,5.0,-0.0908772652014939,R,-1.1882676259288318,-0.1993546843448932,-0.6950790750950001
Male, Private, Bachelors,0.7658195317188305, Divorced, Tech-support, Not-in-family,-0.2644126153749733,-0.1205574573321805,-0.4140914743895126,NBF,123.0,-0.0908772652014939,I,-0.9244206789870076,0.0430818013619519,-0.6950790750950001
Male, Self-emp-not-inc, 9th,-1.5465262393887718, Married-civ-spouse, Craft-repair, Husband,-0.2644126153749733,-0.1205574573321805,-0.323813413790788,NBF,191.0,-0.0908772652014939,I,-0.1631865820670155,-0.6034154938563014,-0.6950790750950001
Female, State-gov, Some-college,-0.1013101324465201, Divorced, Prof-specialty, Not-in-family,-0.2644126153749733,-0.367678205108611,-0.323813413790788,NBF,5.0,-0.0908772652014939,R,0.8315877178893212,1.3360763917984593,-0.6950790750950001
Female, Private, Bachelors,0.7658195317188305, Married-civ-spouse, Prof-specialty, Wife,-0.2644126153749733,-0.1205574573321805,-0.5946475955869621,PVT,130.0,-0.0908772652014939,I,-1.548383053511592,-0.3609790081494562,-0.6950790750950001
Male, Local-gov, HS-grad,-0.3903533538349704, Married-civ-spouse, Protective-serv, Husband,-0.2644126153749733,1.5269141945106874,-0.5043695349882374,PVT,189.0,-0.0908772652014939,I,-0.535781257140267,0.6895790965802056,1.4386852314081315
Female, Private, Some-college,-0.1013101324465201, Divorced, Adm-clerical, Not-in-family,-0.2644126153749733,0.7031783685892541,-0.4140914743895126,PVT,189.0,-0.0908772652014939,I,0.3110248225716683,0.7703912584824878,-0.6950790750950001
Female, Private, 5th-6th,-2.1246126821656723, Married-spouse-absent, Other-service, Unmarried,-0.2644126153749733,-0.6147989528850412,2.173879596107263,PVT,5.0,-0.0908772652014939,R,1.6124320608658007,0.9320155822870502,-0.6950790750950001
Male, Local-gov, HS-grad,-0.3903533538349704, Married-civ-spouse, Transport-moving, Husband,-0.2644126153749733,-0.1205574573321805,-0.5946475955869621,PVT,5.0,-0.0908772652014939,R,1.2434028850755467,-0.0377303605403297,1.4386852314081315
Male, Private, HS-grad,-0.3903533538349704, Married-civ-spouse, Craft-repair, Husband,-0.2644126153749733,-0.1205574573321805,-0.5946475955869621,PVT,5.0,-0.0908772652014939,R,-0.9565101725339866,1.4977007156030229,1.4386852314081315
Male, Private, HS-grad,-0.3903533538349704, Never-married, Farming-fishing, Own-child,-0.2644126153749733,-1.4385347788064753,-0.323813413790788,NBF,5.0,-0.0908772652014939,R,0.7157089911918983,-1.4115371128791183,-0.6950790750950001
Female, Private, Some-college,-0.1013101324465201, Divorced, Machine-op-inspct, Unmarried,-0.2644126153749733,1.1150462815499709,-0.4140914743895126,NBF,5.0,-0.0908772652014939,R,-1.165091880589347,-0.2801668462471749,-0.6950790750950001
Female, Private, 11th,-0.9684397966118709, Never-married, Adm-clerical, Own-child,-0.2644126153749733,-2.4270177699121964,-0.4140914743895126,PVT,5.0,-0.0908772652014939,R,-1.368325339720212,-1.7347857604882453,-0.6950790750950001
Female, Federal-gov, Some-college,-0.1013101324465201, Divorced, Exec-managerial, Unmarried,-0.2644126153749733,-0.2853046225164671,-0.4140914743895126,NBF,5.0,-0.0908772652014939,R,-0.0152183618226139,-0.0377303605403297,-0.6950790750950001
Male, Private, HS-grad,-0.3903533538349704, Married-civ-spouse, Other-service, Husband,-0.2644126153749733,-0.1205574573321805,-0.4140914743895126,NBF,5.0,-0.0908772652014939,R,-0.1453590856520272,1.8209493632121487,-0.6950790750950001
Male, Private, Assoc-voc,0.18773308894193, Married-civ-spouse, Craft-repair, Husband,-0.2644126153749733,-0.1205574573321805,-0.4140914743895126,NBF,227.0,-0.0908772652014939,I,1.4555500924139055,0.6087669346779243,-0.6950790750950001
Female, Private, HS-grad,-0.3903533538349704, Divorced, Sales, Unmarried,-0.2644126153749733,0.2913104556285366,2.173879596107263,PVT,5.0,-0.0908772652014939,R,-0.4020750340278561,0.6895790965802056,-0.6950790750950001
Male, Private, HS-grad,-0.3903533538349704, Married-civ-spouse, Exec-managerial, Husband,-0.2644126153749733,2.3506500204321217,-0.4140914743895126,PVT,5.0,-0.0908772652014939,R,0.2076253433647374,-0.8458519795631466,-0.6950790750950001
Male, Private, HS-grad,-0.3903533538349704, Never-married, Craft-repair, Unmarried,-0.2644126153749733,-0.1205574573321805,-0.323813413790788,NBF,5.0,-0.0908772652014939,R,-0.6320497377812028,-0.5226033319540196,-0.6950790750950001
Male, Private, Bachelors,0.7658195317188305, Married-civ-spouse, Prof-specialty, Husband,-0.2644126153749733,1.1150462815499709,-0.4140914743895126,NBF,189.0,-0.0908772652014939,I,1.1293069080196227,0.5279547727756421,1.4386852314081315
Male, Private, Bachelors,0.7658195317188305, Married-civ-spouse, Exec-managerial, Husband,-0.2644126153749733,-0.1205574573321805,2.173879596107263,PVT,5.0,-0.0908772652014939,R,0.4714722903065612,-0.4417911700517379,1.4386852314081315
Female, Private, 10th,-1.2574830180003211, Married-spouse-absent, Craft-repair, Not-in-family,-0.2644126153749733,-0.1205574573321805,-0.4140914743895126,PVT,5.0,-0.0908772652014939,R,1.259447631849036,0.2047061251665154,-0.6950790750950001
Male, Private, Prof-school,1.3439059744957311, Divorced, Prof-specialty, Not-in-family,-0.2644126153749733,0.2913104556285366,-0.74511102991817,NBF,5.0,-0.0908772652014939,R,0.3734210600241266,0.0430818013619519,1.4386852314081315
Male, Local-gov, Some-college,-0.1013101324465201, Married-civ-spouse, Exec-managerial, Husband,-0.2644126153749733,-0.2853046225164671,-0.4140914743895126,PVT,5.0,-0.0908772652014939,R,1.6908730450917482,0.4471426108733606,1.4386852314081315
Male, Private, Some-college,-0.1013101324465201, Married-civ-spouse, Exec-managerial, Husband,-0.2644126153749733,-0.532425370292898,-0.4140914743895126,PVT,5.0,-0.0908772652014939,R,0.0721363706108275,1.982573687016712,1.4386852314081315
Male, Private, Doctorate,1.6329491958841815, Married-civ-spouse, Prof-specialty, Husband,-0.2644126153749733,-0.1205574573321805,-0.4140914743895126,NBF,195.0,-0.0908772652014939,I,-1.0706061495899102,0.1238939632642336,1.4386852314081315
Male, Self-emp-not-inc, Assoc-voc,0.18773308894193, Divorced, Farming-fishing, Not-in-family,-0.2644126153749733,-0.1205574573321805,-0.74511102991817,NBF,5.0,-0.0908772652014939,R,0.6016130141359748,0.2047061251665154,-0.6950790750950001
Male, Self-emp-not-inc, Bachelors,0.7658195317188305, Married-civ-spouse, Farming-fishing, Husband,-0.2644126153749733,3.1743858463535566,-0.4140914743895126,PVT,5.0,-0.0908772652014939,R,-0.214886321670481,0.9320155822870502,-0.6950790750950001
Female, Private, HS-grad,-0.3903533538349704, Never-married, Other-service, Own-child,-0.2644126153749733,-0.9442932832536152,-0.4140914743895126,PVT,5.0,-0.0908772652014939,R,0.8280222186063236,-1.573161436683682,-0.6950790750950001
Male, Self-emp-not-inc, Assoc-acdm,0.4767763103303807, Never-married, Craft-repair, Own-child,-0.2644126153749733,-0.1205574573321805,-0.4140914743895126,NBF,189.0,-0.0908772652014939,I,1.1310896576611216,-0.6842276557585831,-0.6950790750950001
Male, Self-emp-not-inc, Assoc-voc,0.18773308894193, Married-civ-spouse, Craft-repair, Husband,-0.2644126153749733,-0.1205574573321805,-0.323813413790788,NBF,173.0,-0.0908772652014939,I,-0.6160049910077136,0.7703912584824878,1.4386852314081315
Male, Private, HS-grad,-0.3903533538349704, Married-civ-spouse, Farming-fishing, Husband,-0.2644126153749733,-0.1205574573321805,-0.4140914743895126,NBF,123.0,-0.0908772652014939,I,-0.1738830799160082,-0.1185425224426115,-0.6950790750950001
Male, Private, 11th,-0.9684397966118709, Never-married, Sales, Own-child,-0.2644126153749733,-3.0036328480572005,-0.4140914743895126,PVT,5.0,-0.0908772652014939,R,1.2701441296980291,-1.7347857604882453,-0.6950790750950001
Male, Private, Some-college,-0.1013101324465201, Never-married, Other-service, Own-child,-0.2644126153749733,-0.6971725354771846,-0.4140914743895126,PVT,5.0,-0.0908772652014939,R,-0.9939479150054616,-1.4923492747814002,-0.6950790750950001
Male, Self-emp-not-inc, HS-grad,-0.3903533538349704, Married-civ-spouse, Craft-repair, Husband,-0.2644126153749733,-0.1205574573321805,2.173879596107263,PVT,5.0,-0.0908772652014939,R,0.9545974431527392,-0.8458519795631466,-0.6950790750950001
Male, Self-emp-inc, Prof-school,1.3439059744957311, Married-civ-spouse, Prof-specialty, Husband,-0.2644126153749733,1.5269141945106874,-0.4140914743895126,PVT,189.0,-0.0908772652014939,I,1.6534353026202733,0.7703912584824878,1.4386852314081315
Male, Private, HS-grad,-0.3903533538349704, Widowed, Craft-repair, Not-in-family,-0.2644126153749733,-0.1205574573321805,-0.4140914743895126,NBF,189.0,-0.0908772652014939,I,-0.3628545419148823,1.0936399060916138,-0.6950790750950001
Female, Private, Bachelors,0.7658195317188305, Married-spouse-absent, Adm-clerical, Unmarried,-0.2644126153749733,-0.1205574573321805,-0.74511102991817,PVT,5.0,-0.0908772652014939,R,-0.0134356121811151,0.3663304489710788,-0.6950790750950001
Female, Private, Assoc-voc,0.18773308894193, Divorced, Adm-clerical, Unmarried,-0.2644126153749733,-0.1205574573321805,-0.4140914743895126,NBF,5.0,-0.0908772652014939,R,-0.0080873632566187,-1.0882884652699918,-0.6950790750950001
Male, Private, HS-grad,-0.3903533538349704, Married-civ-spouse, Machine-op-inspct, Husband,-0.2644126153749733,-0.1205574573321805,-0.4140914743895126,NBF,5.0,-0.0908772652014939,R,-1.4735075685686418,0.2855182870687971,-0.6950790750950001
Male, Private, 5th-6th,-2.1246126821656723, Never-married, Handlers-cleaners, Own-child,-0.2644126153749733,-0.1205574573321805,-0.4140914743895126,PVT,189.0,-0.0908772652014939,I,0.5160410313440317,-1.6539735985859636,-0.6950790750950001
Male, Private, Prof-school,1.3439059744957311, Married-civ-spouse, Adm-clerical, Husband,-0.2644126153749733,-0.1205574573321805,-0.4140914743895126,PVT,5.0,-0.0908772652014939,R,1.5660805701868314,0.2047061251665154,-0.6950790750950001
Female, Private, 11th,-0.9684397966118709, Never-married, Sales, Unmarried,-0.2644126153749733,-2.01514985695148,-0.5946475955869621,PVT,5.0,-0.0908772652014939,R,-0.8192384501385781,-0.4417911700517379,-0.6950790750950001
Female, Private, HS-grad,-0.3903533538349704, Never-married, Adm-clerical, Not-in-family,-0.2644126153749733,-0.1205574573321805,-0.4140914743895126,NBF,5.0,-0.0908772652014939,R,0.995600684907212,-1.00747630336771,-0.6950790750950001
Female, Local-gov, Bachelors,0.7658195317188305, Married-civ-spouse, Prof-specialty, Wife,-0.2644126153749733,0.0441897078521065,-0.4140914743895126,PVT,5.0,-0.0908772652014939,R,-0.4894297664612979,0.0430818013619519,-0.6950790750950001
Male, Private, Some-college,-0.1013101324465201, Never-married, Other-service, Own-child,3.301099517667428,-0.4500517877007545,-0.4140914743895126,NBF,5.0,-0.0908772652014939,R,1.6373905558467838,-1.4923492747814002,-0.6950790750950001
Male, Private, 5th-6th,-2.1246126821656723, Married-civ-spouse, Craft-repair, Husband,-0.2644126153749733,1.5269141945106874,-0.4742768481219959,NBF,5.0,-0.0908772652014939,R,-1.4521145728706562,0.2855182870687971,-0.6950790750950001
Male, Private, HS-grad,-0.3903533538349704, Never-married, Machine-op-inspct, Not-in-family,-0.2644126153749733,-0.1205574573321805,-0.4140914743895126,PVT,5.0,-0.0908772652014939,R,0.4090760528541028,-1.4923492747814002,-0.6950790750950001
Male, Local-gov, HS-grad,-0.3903533538349704, Married-civ-spouse, Transport-moving, Husband,-0.2644126153749733,-0.1205574573321805,-0.4140914743895126,PVT,5.0,-0.0908772652014939,R,-0.8299349479875708,0.8512034203847689,-0.6950790750950001
Male, Self-emp-not-inc, Some-college,-0.1013101324465201, Married-civ-spouse, Craft-repair, Husband,-0.2644126153749733,-0.1205574573321805,-0.323813413790788,NBF,5.0,-0.0908772652014939,R,-1.0206891596279437,0.7703912584824878,-0.6950790750950001
Male, Self-emp-inc, Prof-school,1.3439059744957311, Married-civ-spouse, Prof-specialty, Husband,4.744727466822466,1.1150462815499709,-0.4140914743895126,PVT,5.0,-0.0908772652014939,R,0.899332204266276,0.6895790965802056,1.4386852314081315
Female, Private, 11th,-0.9684397966118709, Divorced, Other-service, Unmarried,-0.2644126153749733,-0.1205574573321805,-0.323813413790788,NBF,5.0,-0.0908772652014939,R,-0.1186178410295452,-0.8458519795631466,-0.6950790750950001
Male, Private, Bachelors,0.7658195317188305, Married-civ-spouse, Adm-clerical, Husband,-0.2644126153749733,-0.1205574573321805,2.173879596107263,PVT,5.0,-0.0908772652014939,R,1.2059651426040718,0.0430818013619519,-0.6950790750950001
Male, Private, Some-college,-0.1013101324465201, Married-civ-spouse, Exec-managerial, Husband,-0.2644126153749733,-0.1205574573321805,-0.4140914743895126,NBF,5.0,-0.0908772652014939,R,-1.4931178146251287,-0.9266641414654284,-0.6950790750950001
Male, Private, HS-grad,-0.3903533538349704, Married-civ-spouse, Craft-repair, Husband,-0.2644126153749733,-0.1205574573321805,-0.4140914743895126,PVT,47.0,-0.0908772652014939,I,-1.537686555662599,0.0430818013619519,1.4386852314081315
Male, State-gov, HS-grad,-0.3903533538349704, Divorced, Exec-managerial, Not-in-family,-0.2644126153749733,-0.1205574573321805,-0.4140914743895126,NBF,5.0,-0.0908772652014939,R,-0.95116192360949,0.6087669346779243,-0.6950790750950001
Male, Private, Some-college,-0.1013101324465201, Never-married, Adm-clerical, Own-child,-0.2644126153749733,-0.1205574573321805,-0.3839987875232711,HFC,5.0,-0.0908772652014939,R,0.410858802495602,-0.3609790081494562,-0.6950790750950001
Male, Private, Bachelors,0.7658195317188305, Married-civ-spouse, Sales, Husband,-0.2644126153749733,2.3506500204321217,-0.4140914743895126,PVT,123.0,-0.0908772652014939,I,0.1808840987422551,2.5482588203326846,1.4386852314081315
Male, Self-emp-inc, Bachelors,0.7658195317188305, Married-civ-spouse, Sales, Husband,4.744727466822466,1.5269141945106874,2.173879596107263,PVT,5.0,-0.0908772652014939,R,0.5071272831365378,0.0430818013619519,1.4386852314081315
Female, Private, HS-grad,-0.3903533538349704, Never-married, Machine-op-inspct, Own-child,-0.2644126153749733,-1.3561611962143318,-0.4140914743895126,PVT,5.0,-0.0908772652014939,R,1.286188876471518,-1.1691006271722737,-0.6950790750950001
Male, Private, Some-college,-0.1013101324465201, Never-married, Transport-moving, Own-child,-0.2644126153749733,-0.532425370292898,-0.6247402824532038,NBF,5.0,-0.0908772652014939,R,0.4233380499860935,-1.4923492747814002,-0.6950790750950001
Male, Private, Some-college,-0.1013101324465201, Never-married, Exec-managerial, Not-in-family,-0.2644126153749733,0.7031783685892541,2.173879596107263,NBF,123.0,-0.0908772652014939,I,0.6016130141359748,0.1238939632642336,-0.6950790750950001
Female, Private, Assoc-acdm,0.4767763103303807, Never-married, Other-service, Not-in-family,-0.2644126153749733,-0.1205574573321805,-0.4140914743895126,NBF,123.0,-0.0908772652014939,I,-1.2381846158907988,-1.4923492747814002,-0.6950790750950001
Male, Private, Some-college,-0.1013101324465201, Married-civ-spouse, Craft-repair, Husband,-0.2644126153749733,-0.1205574573321805,-0.4140914743895126,NBF,189.0,-0.0908772652014939,I,-0.2648033116324476,-0.2801668462471749,1.4386852314081315
Male, Local-gov, 11th,-0.9684397966118709, Never-married, Handlers-cleaners, Own-child,-0.2644126153749733,-0.532425370292898,2.173879596107263,PVT,5.0,-0.0908772652014939,R,1.5874735658848178,-1.3307249509768369,-0.6950790750950001
Male, Local-gov, Some-college,-0.1013101324465201, Married-civ-spouse, Adm-clerical, Husband,-0.2644126153749733,-0.532425370292898,2.173879596107263,NBF,189.0,-0.0908772652014939,I,1.550035823413342,1.8209493632121487,-0.6950790750950001
Male, Private, Masters,1.0548627531072812, Divorced, Tech-support, Not-in-family,-0.2644126153749733,-0.1205574573321805,-0.4140914743895126,PVT,5.0,-0.0908772652014939,R,-1.555514052077587,0.6895790965802056,-0.6950790750950001
Male, Private, HS-grad,-0.3903533538349704, Married-civ-spouse, Machine-op-inspct, Husband,-0.2644126153749733,-0.1205574573321805,-0.4140914743895126,NBF,5.0,-0.0908772652014939,R,1.054431423076673,0.2047061251665154,-0.6950790750950001
Male, Private, Bachelors,0.7658195317188305, Married-civ-spouse, Prof-specialty, Husband,-0.2644126153749733,0.7031783685892541,-0.5946475955869621,PVT,189.0,-0.0908772652014939,I,-0.5856982471022337,1.9017615251144309,1.4386852314081315
Male, Self-emp-inc, 7th-8th,-1.835569460777222, Married-civ-spouse, Exec-managerial, Husband,-0.2644126153749733,0.7031783685892541,2.173879596107263,PVT,5.0,-0.0908772652014939,R,0.7388847365313831,2.225010172723558,-0.6950790750950001
Male, Private, Bachelors,0.7658195317188305, Never-married, Tech-support, Not-in-family,-0.2644126153749733,-0.367678205108611,-0.4140914743895126,NBF,5.0,-0.0908772652014939,R,0.4197725507030959,-0.9266641414654284,-0.6950790750950001
Female, Local-gov, Masters,1.0548627531072812, Never-married, Prof-specialty, Not-in-family,-0.2644126153749733,0.7031783685892541,2.173879596107263,PVT,5.0,-0.0908772652014939,R,-0.1471418352935262,0.9320155822870502,1.4386852314081315
Male, Private, HS-grad,-0.3903533538349704, Never-married, Transport-moving, Own-child,-0.2644126153749733,-0.1205574573321805,2.173879596107263,PVT,5.0,-0.0908772652014939,R,-1.3629770907957155,-1.00747630336771,-0.6950790750950001
Female, Private, Bachelors,0.7658195317188305, Never-married, Prof-specialty, Not-in-family,-0.2644126153749733,-0.1205574573321805,-0.323813413790788,NBF,189.0,-0.0908772652014939,I,1.4145468506594323,-0.8458519795631466,-0.6950790750950001
Male, Private, Bachelors,0.7658195317188305, Married-civ-spouse, Exec-managerial, Husband,-0.2644126153749733,0.7031783685892541,-0.4140914743895126,PVT,5.0,-0.0908772652014939,R,-0.1507073345765238,1.0128277441893323,1.4386852314081315
Female, State-gov, Some-college,-0.1013101324465201, Divorced, Sales, Not-in-family,-0.2644126153749733,-0.1205574573321805,-0.4140914743895126,PVT,5.0,-0.0908772652014939,R,1.5660805701868314,0.1238939632642336,-0.6950790750950001
Female, Private, 1st-4th,-2.4136559035541225, Divorced, Other-service, Unmarried,-0.2644126153749733,-0.1205574573321805,-0.4140914743895126,NBF,999.0,-0.0908772652014939,I,1.041952175586181,1.174452067993896,-0.6950790750950001
Male, Local-gov, Masters,1.0548627531072812, Married-civ-spouse, Prof-specialty, Husband,-0.2644126153749733,-0.1205574573321805,-0.4140914743895126,PVT,47.0,-0.0908772652014939,I,1.394936604602946,1.0936399060916138,-0.6950790750950001
Female, Private, Some-college,-0.1013101324465201, Divorced, Prof-specialty, Own-child,-0.2644126153749733,-0.1205574573321805,2.173879596107263,NBF,5.0,-0.0908772652014939,R,-1.0260374085524402,-0.9266641414654284,-0.6950790750950001
Male, Private, Some-college,-0.1013101324465201, Married-civ-spouse, Tech-support, Husband,-0.2644126153749733,-0.1205574573321805,-0.323813413790788,NBF,173.0,-0.0908772652014939,I,-1.3433668447392284,0.3663304489710788,1.4386852314081315
Female, Private, 11th,-0.9684397966118709, Widowed, Adm-clerical, Not-in-family,-0.2644126153749733,-2.75651210028077,-0.4140914743895126,NBF,5.0,-0.0908772652014939,R,1.2630131311320336,2.144198010821276,-0.6950790750950001
Male, Private, Assoc-voc,0.18773308894193, Married-civ-spouse, Prof-specialty, Husband,-0.2644126153749733,0.208936873036393,2.173879596107263,HFC,123.0,-0.0908772652014939,I,0.5873510170039841,-0.9266641414654284,1.4386852314081315
Female, Private, Bachelors,0.7658195317188305, Married-civ-spouse, Tech-support, Wife,-0.2644126153749733,-0.1205574573321805,2.173879596107263,PVT,5.0,-0.0908772652014939,R,0.2147563419307325,1.578512877505304,1.4386852314081315
Female, Private, Masters,1.0548627531072812, Married-civ-spouse, Exec-managerial, Wife,-0.2644126153749733,0.7031783685892541,-0.323813413790788,NBF,5.0,-0.0908772652014939,R,0.3270695693451578,1.4168885537007403,-0.6950790750950001
Male, Private, Bachelors,0.7658195317188305, Married-civ-spouse, Prof-specialty, Husband,-0.2644126153749733,0.7031783685892541,2.173879596107263,PVT,5.0,-0.0908772652014939,R,-1.605431042039554,-0.2801668462471749,1.4386852314081315
Female, State-gov, Bachelors,0.7658195317188305, Never-married, Exec-managerial, Not-in-family,-0.2644126153749733,-0.532425370292898,-0.4140914743895126,NBF,189.0,-0.0908772652014939,I,0.9492491942282428,-1.00747630336771,-0.6950790750950001
Female, Private, Some-college,-0.1013101324465201, Never-married, Sales, Own-child,-0.2644126153749733,-1.7680291091750493,-0.5946475955869621,PVT,5.0,-0.0908772652014939,R,1.2380546361510505,-1.4115371128791183,-0.6950790750950001
Female, Private, 5th-6th,-2.1246126821656723, Separated, Machine-op-inspct, Unmarried,-0.2644126153749733,-0.1205574573321805,-0.4140914743895126,NBF,5.0,-0.0908772652014939,R,-0.8976794343645258,1.0128277441893323,-0.6950790750950001
Male, Private, HS-grad,-0.3903533538349704, Never-married, Other-service, Not-in-family,-0.2644126153749733,-0.1205574573321805,2.173879596107263,NBF,5.0,-0.0908772652014939,R,0.3128075722131671,-0.1993546843448932,-0.6950790750950001
Male, Private, Assoc-voc,0.18773308894193, Married-civ-spouse, Exec-managerial, Husband,-0.2644126153749733,-0.1205574573321805,-0.5946475955869621,PVT,189.0,-0.0908772652014939,I,-0.017001111464113,1.578512877505304,1.4386852314081315
Male, Private, HS-grad,-0.3903533538349704, Divorced, Prof-specialty, Unmarried,-0.2644126153749733,-0.1205574573321805,-0.4140914743895126,PVT,5.0,-0.0908772652014939,R,-1.3647598404372143,1.0128277441893323,-0.6950790750950001
Female, Private, Assoc-voc,0.18773308894193, Never-married, Exec-managerial, Not-in-family,-0.2644126153749733,0.12656329044425,2.173879596107263,PVT,5.0,-0.0908772652014939,R,-1.2167916201928128,1.0128277441893323,-0.6950790750950001
Male, Private, Bachelors,0.7658195317188305, Married-civ-spouse, Prof-specialty, Husband,-0.2644126153749733,-0.1205574573321805,-0.4140914743895126,PVT,5.0,-0.0908772652014939,R,-0.9226379293455088,-0.7650398176608648,1.4386852314081315
Male, Self-emp-not-inc, HS-grad,-0.3903533538349704, Never-married, Sales, Not-in-family,-0.2644126153749733,-0.1205574573321805,-0.4140914743895126,NBF,5.0,-0.0908772652014939,R,-0.8121074515725827,1.0128277441893323,-0.6950790750950001
Female, Private, Some-college,-0.1013101324465201, Married-civ-spouse, Exec-managerial, Wife,-0.2644126153749733,-0.532425370292898,-0.5946475955869621,PVT,189.0,-0.0908772652014939,I,0.4411655464010814,0.0430818013619519,1.4386852314081315
Male, Private, Bachelors,0.7658195317188305, Married-civ-spouse, Prof-specialty, Husband,-0.2644126153749733,-0.1205574573321805,2.173879596107263,PVT,5.0,-0.0908772652014939,R,-1.3059291022677535,1.174452067993896,1.4386852314081315
Male, Private, 11th,-0.9684397966118709, Never-married, Other-service, Own-child,-0.2644126153749733,0.0441897078521065,-0.4140914743895126,PVT,5.0,-0.0908772652014939,R,-0.4947780153857943,-1.4115371128791183,-0.6950790750950001
Male, Private, Bachelors,0.7658195317188305, Married-civ-spouse, Exec-managerial, Husband,-0.2644126153749733,-0.1205574573321805,2.173879596107263,PVT,5.0,-0.0908772652014939,R,-1.0420821553259292,0.2855182870687971,1.4386852314081315
Female, Private, Some-college,-0.1013101324465201, Never-married, Sales, Own-child,-0.2644126153749733,-0.1205574573321805,-0.323813413790788,NBF,5.0,-0.0908772652014939,R,0.6943159954939129,-1.0882884652699918,-0.6950790750950001
Male, Private, Some-college,-0.1013101324465201, Married-civ-spouse, Handlers-cleaners, Husband,-0.2644126153749733,-0.1205574573321805,-0.5946475955869621,FOR,5.0,-0.0908772652014939,R,-1.3291048476072382,-0.0377303605403297,-0.6950790750950001
Male, Private, HS-grad,-0.3903533538349704, Never-married, Sales, Unmarried,-0.2644126153749733,-1.7680291091750493,2.173879596107263,PVT,5.0,-0.0908772652014939,R,-0.4199025304428442,-1.3307249509768369,-0.6950790750950001
Female, Private, Bachelors,0.7658195317188305, Married-civ-spouse, Exec-managerial, Wife,-0.2644126153749733,-0.1205574573321805,2.173879596107263,PVT,5.0,-0.0908772652014939,R,-0.9885996660809652,-0.4417911700517379,1.4386852314081315
Female, Private, HS-grad,-0.3903533538349704, Widowed, Prof-specialty, Unmarried,-0.2644126153749733,-0.1205574573321805,-0.4140914743895126,PVT,5.0,-0.0908772652014939,R,1.6177803097902976,1.0128277441893323,-0.6950790750950001
Female, State-gov, Some-college,-0.1013101324465201, Divorced, Adm-clerical, Not-in-family,-0.2644126153749733,-0.1205574573321805,-0.4140914743895126,PVT,5.0,-0.0908772652014939,R,-1.279187857645271,1.0128277441893323,-0.6950790750950001
Male, Private, HS-grad,-0.3903533538349704, Separated, Machine-op-inspct, Not-in-family,-0.2644126153749733,0.12656329044425,-0.323813413790788,NBF,5.0,-0.0908772652014939,R,1.5856908162433183,-0.9266641414654284,-0.6950790750950001
Female, Private, HS-grad,-0.3903533538349704, Never-married, Other-service, Not-in-family,-0.2644126153749733,-0.7795461180693282,-0.4140914743895126,PVT,5.0,-0.0908772652014939,R,-1.2987981037017584,0.7703912584824878,-0.6950790750950001
Male, Self-emp-not-inc, Some-college,-0.1013101324465201, Married-civ-spouse, Craft-repair, Husband,-0.2644126153749733,0.2913104556285366,-0.5946475955869621,PVT,5.0,-0.0908772652014939,R,0.3627245621751339,0.2047061251665154,1.4386852314081315
Female, Private, Prof-school,1.3439059744957311, Never-married, Prof-specialty, Not-in-family,-0.2644126153749733,-1.7680291091750493,-0.323813413790788,NBF,5.0,-0.0908772652014939,R,-0.2469758152174595,-1.0882884652699918,-0.6950790750950001
Female, Private, Some-college,-0.1013101324465201, Never-married, Adm-clerical, Not-in-family,-0.2644126153749733,0.8679255337735403,-0.4140914743895126,PVT,5.0,-0.0908772652014939,R,-0.2487585648589583,-0.8458519795631466,-0.6950790750950001
Male, Private, HS-grad,-0.3903533538349704, Divorced, Sales, Not-in-family,-0.2644126153749733,0.7031783685892541,-0.4140914743895126,NBF,5.0,-0.0908772652014939,R,0.8975494546247772,0.6895790965802056,-0.6950790750950001
Female, Self-emp-not-inc, 11th,-0.9684397966118709, Divorced, Other-service, Not-in-family,-0.2644126153749733,-0.1205574573321805,-0.5946475955869621,PVT,5.0,-0.0908772652014939,R,0.476820539231058,2.225010172723558,1.4386852314081315
Male, Private, HS-grad,-0.3903533538349704, Never-married, Farming-fishing, Other-relative,-0.2644126153749733,0.7031783685892541,-0.5946475955869621,PVT,5.0,-0.0908772652014939,R,0.3662900614581315,-1.4115371128791183,-0.6950790750950001
Female, Local-gov, Some-college,-0.1013101324465201, Never-married, Sales, Own-child,-0.2644126153749733,-2.097523439543623,-0.4140914743895126,NBF,189.0,-0.0908772652014939,I,1.0740416691331596,-1.573161436683682,-0.6950790750950001
Male, Self-emp-not-inc, Some-college,-0.1013101324465201, Never-married, Tech-support, Not-in-family,-0.2644126153749733,-1.3561611962143318,-0.4140914743895126,PVT,5.0,-0.0908772652014939,R,-1.564427800285081,-1.4115371128791183,-0.6950790750950001
Female, Local-gov, Assoc-acdm,0.4767763103303807, Divorced, Adm-clerical, Unmarried,-0.2644126153749733,-2.591764935096484,-0.74511102991817,NBF,123.0,-0.0908772652014939,I,0.1559256037612717,-0.3609790081494562,-0.6950790750950001
Male, Local-gov, Some-college,-0.1013101324465201, Married-civ-spouse, Protective-serv, Husband,-0.2644126153749733,0.5384312034049671,2.173879596107263,PVT,130.0,1.3392439082325422,I,0.022219380648861,-0.1993546843448932,-0.6950790750950001
Male, Private, Bachelors,0.7658195317188305, Married-civ-spouse, Sales, Husband,-0.2644126153749733,1.938782107471405,-0.74511102991817,PVT,5.0,-0.0908772652014939,R,-0.0455251057280937,-0.6034154938563014,-0.6950790750950001
Male, Local-gov, Some-college,-0.1013101324465201, Married-civ-spouse, Tech-support, Husband,-0.2644126153749733,0.2913104556285366,2.173879596107263,PVT,5.0,-0.0908772652014939,R,1.4929878348853804,-0.1185425224426115,1.4386852314081315
Male, State-gov, Bachelors,0.7658195317188305, Married-civ-spouse, Prof-specialty, Husband,-0.2644126153749733,-0.532425370292898,2.173879596107263,NBF,189.0,-0.0908772652014939,I,1.5286428277153563,0.6895790965802056,1.4386852314081315
Female, Private, Bachelors,0.7658195317188305, Never-married, Sales, Not-in-family,-0.2644126153749733,-1.7680291091750493,2.173879596107263,PVT,5.0,-0.0908772652014939,R,-0.1328798381615355,-1.3307249509768369,-0.6950790750950001
Male, Private, 12th,-0.6793965752234207, Never-married, Other-service, Own-child,-0.2644126153749733,-0.532425370292898,-0.4140914743895126,NBF,5.0,-0.0908772652014939,R,1.5001188334513755,-1.4923492747814002,-0.6950790750950001
Female, Private, HS-grad,-0.3903533538349704, Never-married, Machine-op-inspct, Unmarried,-0.2644126153749733,-0.1205574573321805,-0.4140914743895126,NBF,189.0,-0.0908772652014939,I,1.5125980809418675,-0.1185425224426115,-0.6950790750950001
Male, Self-emp-not-inc, Doctorate,1.6329491958841815, Married-civ-spouse, Prof-specialty, Husband,-0.2644126153749733,-0.1205574573321805,-0.4140914743895126,PVT,5.0,-0.0908772652014939,R,0.1844495980252527,-0.6842276557585831,1.4386852314081315
Female, Private, HS-grad,-0.3903533538349704, Never-married, Handlers-cleaners, Own-child,-0.2644126153749733,-2.75651210028077,-0.4140914743895126,NBF,5.0,-0.0908772652014939,R,1.7176142897142304,-0.6842276557585831,-0.6950790750950001
Male, Self-emp-not-inc, Some-college,-0.1013101324465201, Married-civ-spouse, Transport-moving, Husband,-0.2644126153749733,-0.1205574573321805,-0.4140914743895126,PVT,5.0,-0.0908772652014939,R,-0.8834174372325351,-0.0377303605403297,-0.6950790750950001
Female, Private, 11th,-0.9684397966118709, Never-married, Other-service, Own-child,-0.2644126153749733,-2.1798970221357665,-0.4140914743895126,NBF,5.0,-0.0908772652014939,R,1.2630131311320336,-1.6539735985859636,-0.6950790750950001
Male, Self-emp-inc, 10th,-1.2574830180003211, Married-civ-spouse, Craft-repair, Husband,-0.2644126153749733,-0.1205574573321805,-0.5946475955869621,PVT,5.0,-0.0908772652014939,R,-0.1310970885200367,2.305822334625839,-0.6950790750950001
Female, Private, HS-grad,-0.3903533538349704, Married-civ-spouse, Other-service, Wife,-0.2644126153749733,-3.250753595833631,-0.323813413790788,NBF,5.0,-0.0908772652014939,R,-0.2273655691609727,-0.1993546843448932,-0.6950790750950001
Male, Private, Some-college,-0.1013101324465201, Married-civ-spouse, Exec-managerial, Husband,-0.2644126153749733,3.1743858463535566,2.173879596107263,NBF,5.0,-0.0908772652014939,R,1.5981700637338103,-0.1185425224426115,1.4386852314081315
Male, Private, HS-grad,-0.3903533538349704, Married-civ-spouse, Sales, Husband,-0.2644126153749733,0.2913104556285366,-0.5946475955869621,PVT,5.0,-0.0908772652014939,R,-1.5020315628326228,-0.1185425224426115,1.4386852314081315
Female, State-gov, 12th,-0.6793965752234207, Divorced, Other-service, Unmarried,-0.2644126153749733,-0.1205574573321805,-0.5946475955869621,PVT,5.0,-0.0908772652014939,R,0.4839515377970531,1.4977007156030229,-0.6950790750950001
Male, Private, 9th,-1.5465262393887718, Divorced, Craft-repair, Not-in-family,-0.2644126153749733,-0.1205574573321805,-0.4140914743895126,NBF,189.0,-0.0908772652014939,I,0.0970948655918109,0.2855182870687971,-0.6950790750950001
Female, Private, Some-college,-0.1013101324465201, Divorced, Adm-clerical, Not-in-family,-0.2644126153749733,-0.1205574573321805,-0.323813413790788,NBF,5.0,-0.0908772652014939,R,-0.3575062929903858,-0.2801668462471749,-0.6950790750950001
Female, Private, HS-grad,-0.3903533538349704, Married-civ-spouse, Craft-repair, Wife,3.112349311671581,0.2913104556285366,-0.4140914743895126,NBF,5.0,-0.0908772652014939,R,1.3147128707354991,0.1238939632642336,-0.6950790750950001
Male, Private, HS-grad,-0.3903533538349704, Married-civ-spouse, Adm-clerical, Husband,2.815741845106682,-0.1205574573321805,-0.4140914743895126,PVT,121.0,-0.0908772652014939,I,-0.1827968281235024,-0.3609790081494562,-0.6950790750950001
Female, Private, HS-grad,-0.3903533538349704, Divorced, Other-service, Own-child,-0.2644126153749733,-2.1798970221357665,-0.4140914743895126,NBF,173.0,-0.0908772652014939,I,-0.0580043532185856,-0.6034154938563014,-0.6950790750950001
Male, Private, Bachelors,0.7658195317188305, Divorced, Exec-managerial, Not-in-family,2.9796019140481302,0.2913104556285366,-0.4140914743895126,PVT,123.0,-0.0908772652014939,I,-1.1633091309478485,0.3663304489710788,1.4386852314081315
Male, Self-emp-inc, HS-grad,-0.3903533538349704, Married-civ-spouse, Sales, Husband,3.836237464336967,-0.1205574573321805,-0.4140914743895126,PVT,5.0,-0.0908772652014939,R,0.9545974431527392,-1.2499127890745552,1.4386852314081315
Female, Private, 11th,-0.9684397966118709, Divorced, Exec-managerial, Unmarried,-0.2644126153749733,-0.1205574573321805,-0.4140914743895126,PVT,5.0,-0.0908772652014939,R,1.3699781096219623,-0.4417911700517379,1.4386852314081315
Male, Private, Some-college,-0.1013101324465201, Never-married, Adm-clerical, Own-child,-0.2644126153749733,0.2913104556285366,-0.4140914743895126,NBF,189.0,-0.0908772652014939,I,0.7905844761348487,-0.6842276557585831,-0.6950790750950001
Male, Private, HS-grad,-0.3903533538349704, Never-married, Sales, Own-child,-0.2644126153749733,-2.591764935096484,-0.74511102991817,PVT,5.0,-0.0908772652014939,R,-0.573218999611742,-1.6539735985859636,-0.6950790750950001
Male, Private, HS-grad,-0.3903533538349704, Never-married, Handlers-cleaners, Other-relative,-0.2644126153749733,-1.7680291091750493,-0.4140914743895126,PVT,5.0,-0.0908772652014939,R,0.3288523189866565,-1.3307249509768369,-0.6950790750950001
Male, Private, 5th-6th,-2.1246126821656723, Married-civ-spouse, Handlers-cleaners, Husband,-0.2644126153749733,0.8679255337735403,-0.5946475955869621,PVT,5.0,-0.0908772652014939,R,1.394936604602946,1.0128277441893323,-0.6950790750950001
Female, Private, Bachelors,0.7658195317188305, Separated, Exec-managerial, Unmarried,-0.2644126153749733,-0.1205574573321805,-0.4140914743895126,NBF,47.0,-0.0908772652014939,I,0.5392167766835163,-0.4417911700517379,-0.6950790750950001
Male, Federal-gov, Some-college,-0.1013101324465201, Married-civ-spouse, Adm-clerical, Husband,-0.2644126153749733,-0.1205574573321805,-0.4140914743895126,NBF,173.0,-0.0908772652014939,I,1.380674607470955,0.0430818013619519,-0.6950790750950001
Male, Private, 10th,-1.2574830180003211, Married-civ-spouse, Craft-repair, Own-child,-0.2644126153749733,-0.1205574573321805,-0.4140914743895126,NBF,123.0,-0.0908772652014939,I,0.6390507566074497,-1.00747630336771,-0.6950790750950001
Female, Private, Some-college,-0.1013101324465201, Never-married, Other-service, Own-child,-0.2644126153749733,-1.3561611962143318,-0.4140914743895126,PVT,5.0,-0.0908772652014939,R,1.621345809073295,-1.3307249509768369,-0.6950790750950001
Male, Private, 11th,-0.9684397966118709, Never-married, Prof-specialty, Own-child,-0.2644126153749733,-0.1205574573321805,2.173879596107263,NBF,5.0,-0.0908772652014939,R,-1.2684913597962786,-1.1691006271722737,1.4386852314081315
Male, Private, Bachelors,0.7658195317188305, Married-civ-spouse, Craft-repair, Husband,-0.2644126153749733,-0.1205574573321805,-0.74511102991817,PUB,5.0,-0.0908772652014939,R,0.410858802495602,0.6895790965802056,-0.6950790750950001
Male, Private, Masters,1.0548627531072812, Married-civ-spouse, Prof-specialty, Husband,-0.2644126153749733,0.2913104556285366,-0.4140914743895126,NBF,123.0,-0.0908772652014939,I,0.9991661841902096,2.0633858489189945,1.4386852314081315
Male, Private, HS-grad,-0.3903533538349704, Married-civ-spouse, Sales, Husband,-0.2644126153749733,1.5269141945106874,-0.4140914743895126,PVT,123.0,-0.0908772652014939,I,-1.2274881180418058,0.4471426108733606,1.4386852314081315
Male, Private, Prof-school,1.3439059744957311, Married-civ-spouse, Prof-specialty, Husband,-0.2644126153749733,1.5269141945106874,2.173879596107263,PVT,5.0,-0.0908772652014939,R,-0.7390147162711315,0.9320155822870502,1.4386852314081315
Male, Private, HS-grad,-0.3903533538349704, Divorced, Craft-repair, Unmarried,-0.2644126153749733,-0.1205574573321805,-0.4140914743895126,NBF,5.0,-0.0908772652014939,R,1.0080799323977037,-0.1993546843448932,-0.6950790750950001
Male, Private, Some-college,-0.1013101324465201, Married-civ-spouse, Craft-repair, Husband,-0.2644126153749733,-0.1205574573321805,-0.4140914743895126,NBF,189.0,-0.0908772652014939,I,1.0954346648311457,0.9320155822870502,1.4386852314081315
Male, Local-gov, HS-grad,-0.3903533538349704, Married-civ-spouse, Exec-managerial, Husband,-0.2644126153749733,-0.1205574573321805,-0.323813413790788,NBF,5.0,-0.0908772652014939,R,1.6373905558467838,0.3663304489710788,1.4386852314081315
Male, Private, HS-grad,-0.3903533538349704, Never-married, Machine-op-inspct, Not-in-family,-0.2644126153749733,0.2913104556285366,-0.323813413790788,NBF,5.0,-0.0908772652014939,R,-1.3825873368522024,0.1238939632642336,-0.6950790750950001
Female, Private, Some-college,-0.1013101324465201, Divorced, Sales, Not-in-family,-0.2644126153749733,-0.1205574573321805,2.173879596107263,PVT,5.0,-0.0908772652014939,R,0.9332044474547536,-0.0377303605403297,-0.6950790750950001
Male, Self-emp-not-inc, Some-college,-0.1013101324465201, Married-civ-spouse, Prof-specialty, Husband,-0.2644126153749733,-0.1205574573321805,2.173879596107263,PVT,5.0,-0.0908772652014939,R,0.6800539983619223,0.8512034203847689,1.4386852314081315
Male, Private, HS-grad,-0.3903533538349704, Never-married, Exec-managerial, Not-in-family,-0.2644126153749733,-3.1683800132414874,-0.4140914743895126,NBF,5.0,-0.0908772652014939,R,-1.4877695657006322,2.0633858489189945,-0.6950790750950001
Female, Private, 11th,-0.9684397966118709, Never-married, Other-service, Unmarried,-0.2644126153749733,-0.1205574573321805,-0.323813413790788,NBF,5.0,-0.0908772652014939,R,-0.999296163929958,-0.5226033319540196,-0.6950790750950001
Male, Private, Assoc-acdm,0.4767763103303807, Divorced, Sales, Not-in-family,-0.2644126153749733,-0.1205574573321805,-0.4140914743895126,NBF,123.0,-0.0908772652014939,I,-0.5375640067817659,-0.3609790081494562,-0.6950790750950001
Male, Private, HS-grad,-0.3903533538349704, Married-civ-spouse, Sales, Husband,-0.2644126153749733,-0.1205574573321805,-0.4140914743895126,NBF,123.0,-0.0908772652014939,I,0.4661240413820648,1.2552642298961771,-0.6950790750950001
Female, Self-emp-not-inc, Bachelors,0.7658195317188305, Never-married, Other-service, Not-in-family,-0.2644126153749733,-2.1798970221357665,2.173879596107263,PVT,5.0,-0.0908772652014939,R,0.899332204266276,-0.4417911700517379,-0.6950790750950001
Female, Private, 10th,-1.2574830180003211, Separated, Machine-op-inspct, Unmarried,-0.2644126153749733,-0.1205574573321805,2.173879596107263,PVT,5.0,-0.0908772652014939,R,-0.2861963073304335,1.0128277441893323,-0.6950790750950001
Male, Private, HS-grad,-0.3903533538349704, Never-married, Sales, Own-child,-0.2644126153749733,-0.2853046225164671,-0.3839987875232711,PUB,5.0,-0.0908772652014939,R,-0.9939479150054616,-1.573161436683682,-0.6950790750950001
Male, Private, Some-college,-0.1013101324465201, Never-married, Other-service, Own-child,-0.2644126153749733,-0.367678205108611,-0.4140914743895126,PVT,189.0,-0.0908772652014939,I,0.6105267623434687,-1.6539735985859636,-0.6950790750950001
Female, Private, Prof-school,1.3439059744957311, Married-civ-spouse, Adm-clerical, Other-relative,-0.2644126153749733,-0.1205574573321805,-0.4140914743895126,NBF,5.0,-0.0908772652014939,R,1.728310787563223,0.1238939632642336,-0.6950790750950001
Male, Private, HS-grad,-0.3903533538349704, Divorced, Transport-moving, Not-in-family,-0.2644126153749733,0.2913104556285366,-0.5946475955869621,PVT,5.0,-0.0908772652014939,R,0.4999962845705422,1.4977007156030229,-0.6950790750950001
Male, Private, Bachelors,0.7658195317188305, Married-civ-spouse, Prof-specialty, Husband,-0.2644126153749733,-0.1205574573321805,-0.4140914743895126,PVT,5.0,-0.0908772652014939,R,-1.500248813191124,-0.4417911700517379,-0.6950790750950001
Female, Private, HS-grad,-0.3903533538349704, Married-civ-spouse, Adm-clerical, Wife,-0.2644126153749733,-0.1205574573321805,-0.323813413790788,NBF,5.0,-0.0908772652014939,R,-1.0830853970804022,1.0936399060916138,1.4386852314081315
Female, Private, Some-college,-0.1013101324465201, Divorced, Exec-managerial, Not-in-family,-0.2644126153749733,0.7031783685892541,-0.4140914743895126,PVT,5.0,-0.0908772652014939,R,-1.0224719092694423,1.0936399060916138,-0.6950790750950001
Female, Private, HS-grad,-0.3903533538349704, Married-civ-spouse, Other-service, Wife,-0.2644126153749733,-1.3561611962143318,-0.5946475955869621,PVT,5.0,-0.0908772652014939,R,-0.2754998094814406,1.0936399060916138,-0.6950790750950001
Female, Private, HS-grad,-0.3903533538349704, Divorced, Exec-managerial, Not-in-family,-0.2644126153749733,0.5384312034049671,-0.5043695349882374,NBF,189.0,-0.0908772652014939,I,-0.54647775498926,-0.3609790081494562,-0.6950790750950001
Male, Private, HS-grad,-0.3903533538349704, Married-spouse-absent, Craft-repair, Not-in-family,-0.2644126153749733,-0.1205574573321805,-0.4140914743895126,PVT,5.0,-0.0908772652014939,R,0.8565462128703046,1.0128277441893323,-0.6950790750950001
Male, Private, HS-grad,-0.3903533538349704, Married-civ-spouse, Craft-repair, Husband,-0.2644126153749733,2.185902855247836,-0.4140914743895126,NBF,5.0,-0.0908772652014939,R,-0.9529446732509886,-0.1185425224426115,-0.6950790750950001
Female, Private, 12th,-0.6793965752234207, Never-married, Other-service, Other-relative,-0.2644126153749733,-0.9442932832536152,-0.4140914743895126,PVT,5.0,-0.0908772652014939,R,1.6159975601487984,-1.573161436683682,-0.6950790750950001
Male, Private, Bachelors,0.7658195317188305, Married-civ-spouse, Tech-support, Husband,3.680674107746984,-0.1205574573321805,-0.4140914743895126,PVT,5.0,-0.0908772652014939,R,-1.489552315342131,-0.6842276557585831,1.4386852314081315
Male, Private, Some-college,-0.1013101324465201, Never-married, Farming-fishing, Own-child,-0.2644126153749733,-0.1205574573321805,-0.5946475955869621,PVT,999.0,-0.0908772652014939,I,-0.082962848199569,-1.4923492747814002,-0.6950790750950001
Male, Private, Bachelors,0.7658195317188305, Divorced, Tech-support, Other-relative,-0.2644126153749733,-0.1205574573321805,2.173879596107263,PVT,5.0,-0.0908772652014939,R,-0.1881450770479987,-0.0377303605403297,-0.6950790750950001
Male, Private, Bachelors,0.7658195317188305, Never-married, Exec-managerial, Not-in-family,-0.2644126153749733,-0.1205574573321805,-0.4140914743895126,PVT,5.0,-0.0908772652014939,R,-0.0223493603886094,-1.2499127890745552,-0.6950790750950001
Female, Private, Assoc-acdm,0.4767763103303807, Separated, Adm-clerical, Unmarried,-0.2644126153749733,-0.1205574573321805,-0.4140914743895126,PVT,130.0,-0.0908772652014939,I,0.3805520585901222,0.2855182870687971,-0.6950790750950001
Male, State-gov, Some-college,-0.1013101324465201, Married-civ-spouse, Craft-repair, Husband,-0.2644126153749733,-0.1205574573321805,2.173879596107263,PVT,5.0,-0.0908772652014939,R,-1.576907047775573,0.6895790965802056,1.4386852314081315
Female, Private, HS-grad,-0.3903533538349704, Never-married, Adm-clerical, Not-in-family,-0.2644126153749733,-0.1205574573321805,-0.4140914743895126,NBF,123.0,-0.0908772652014939,I,1.398502103885943,-0.8458519795631466,-0.6950790750950001
Male, Federal-gov, HS-grad,-0.3903533538349704, Divorced, Adm-clerical, Not-in-family,-0.2644126153749733,0.2913104556285366,-0.4140914743895126,PVT,5.0,-0.0908772652014939,R,-1.4414180750216632,-0.7650398176608648,-0.6950790750950001
Male, Private, HS-grad,-0.3903533538349704, Separated, Handlers-cleaners, Not-in-family,-0.2644126153749733,-0.1205574573321805,-0.4140914743895126,PVT,5.0,-0.0908772652014939,R,-0.1132695921050488,0.2047061251665154,-0.6950790750950001
Male, Local-gov, Doctorate,1.6329491958841815, Married-civ-spouse, Protective-serv, Husband,-0.2644126153749733,0.2913104556285366,2.173879596107263,PVT,5.0,-0.0908772652014939,R,0.5249547795515257,2.0633858489189945,1.4386852314081315
Female, Private, HS-grad,-0.3903533538349704, Married-civ-spouse, Transport-moving, Wife,3.680674107746984,-1.1090404484379015,-0.3839987875232711,HFC,58.0,-0.0908772652014939,M,1.284406126830019,-0.2801668462471749,1.4386852314081315
Male, Private, Masters,1.0548627531072812, Married-civ-spouse, Prof-specialty, Husband,-0.2644126153749733,-0.532425370292898,2.173879596107263,PVT,5.0,-0.0908772652014939,R,1.5322083269983542,-0.0377303605403297,1.4386852314081315
Male, Private, 9th,-1.5465262393887718, Never-married, Machine-op-inspct, Not-in-family,-0.2644126153749733,0.7031783685892541,-0.4140914743895126,NBF,5.0,-0.0908772652014939,R,1.7247452882802254,-0.4417911700517379,-0.6950790750950001
Female, Private, HS-grad,-0.3903533538349704, Married-civ-spouse, Adm-clerical, Wife,-0.2644126153749733,-0.1205574573321805,-0.5946475955869621,PVT,5.0,-0.0908772652014939,R,1.1524826533591075,1.174452067993896,1.4386852314081315
Male, Private, Some-college,-0.1013101324465201, Married-civ-spouse, Handlers-cleaners, Husband,-0.2644126153749733,-0.1205574573321805,-0.323813413790788,NBF,189.0,-0.0908772652014939,I,-0.7069252227241529,-0.3609790081494562,-0.6950790750950001
Male, Private, Assoc-acdm,0.4767763103303807, Divorced, Machine-op-inspct, Not-in-family,-0.2644126153749733,2.76251793339284,2.173879596107263,PVT,5.0,-0.0908772652014939,R,-0.0704836007090771,1.4977007156030229,-0.6950790750950001
Male, Federal-gov, Bachelors,0.7658195317188305, Married-civ-spouse, Adm-clerical, Husband,-0.2644126153749733,0.2913104556285366,-0.4140914743895126,NBF,189.0,-0.0908772652014939,I,-0.5660880010457469,0.6895790965802056,1.4386852314081315
Male, Self-emp-not-inc, HS-grad,-0.3903533538349704, Married-civ-spouse, Craft-repair, Husband,-0.2644126153749733,-0.1205574573321805,-0.5946475955869621,PVT,123.0,-0.0908772652014939,I,0.4803860385140555,-0.4417911700517379,-0.6950790750950001
Female, Local-gov, Bachelors,0.7658195317188305, Never-married, Exec-managerial, Not-in-family,-0.2644126153749733,0.7031783685892541,-0.4140914743895126,PVT,5.0,-0.0908772652014939,R,-0.0811800985580702,-0.4417911700517379,-0.6950790750950001
Male, Private, Some-college,-0.1013101324465201, Never-married, Prof-specialty, Own-child,-0.2644126153749733,0.7031783685892541,-0.4140914743895126,SRC,5.0,-0.0908772652014939,R,1.544687574488846,-1.3307249509768369,-0.6950790750950001
Male, Private, Bachelors,0.7658195317188305, Married-civ-spouse, Sales, Husband,3.836237464336967,1.938782107471405,-0.4140914743895126,PVT,5.0,-0.0908772652014939,R,1.4145468506594323,-0.2801668462471749,1.4386852314081315
Male, Private, Bachelors,0.7658195317188305, Married-civ-spouse, Exec-managerial, Husband,-0.2644126153749733,1.1150462815499709,-0.5946475955869621,PVT,5.0,-0.0908772652014939,R,-0.7104907220071505,0.7703912584824878,1.4386852314081315
Male, Private, Bachelors,0.7658195317188305, Married-civ-spouse, Prof-specialty, Husband,-0.2644126153749733,-0.1205574573321805,-0.4140914743895126,HFC,189.0,-0.0908772652014939,I,1.0027316834732072,-0.5226033319540196,-0.6950790750950001
Male, Private, Assoc-voc,0.18773308894193, Married-civ-spouse, Prof-specialty, Husband,-0.2644126153749733,0.2913104556285366,-0.4140914743895126,NBF,189.0,-0.0908772652014939,I,-0.5036917635932885,-0.6034154938563014,-0.6950790750950001
Male, Private, HS-grad,-0.3903533538349704, Married-civ-spouse, Transport-moving, Husband,-0.2644126153749733,-0.532425370292898,-0.4140914743895126,NBF,5.0,-0.0908772652014939,R,-0.4626885218388157,0.1238939632642336,-0.6950790750950001
Male, Private, HS-grad,-0.3903533538349704, Married-civ-spouse, Farming-fishing, Husband,-0.2644126153749733,-0.1205574573321805,2.173879596107263,PUB,177.0,-0.0908772652014939,I,0.4447310456840794,-0.9266641414654284,-0.6950790750950001
Female, Private, HS-grad,-0.3903533538349704, Never-married, Sales, Not-in-family,-0.2644126153749733,-1.3561611962143318,2.173879596107263,PVT,5.0,-0.0908772652014939,R,-0.9190724300625112,-1.3307249509768369,-0.6950790750950001
Male, Private, HS-grad,-0.3903533538349704, Married-civ-spouse, Handlers-cleaners, Husband,-0.2644126153749733,-0.1205574573321805,-0.3839987875232711,HFC,58.0,1.3392439082325422,M,1.0865209166236516,1.0936399060916138,1.4386852314081315
Male, Private, HS-grad,-0.3903533538349704, Married-civ-spouse, Other-service, Husband,-0.2644126153749733,0.7031783685892541,-0.4140914743895126,NBF,191.0,-0.0908772652014939,I,0.3930313060806137,-0.3609790081494562,-0.6950790750950001
Male, Self-emp-not-inc, HS-grad,-0.3903533538349704, Widowed, Craft-repair, Not-in-family,-0.2644126153749733,1.1150462815499709,-0.74511102991817,NBF,47.0,-0.0908772652014939,I,-1.592951794549062,1.4977007156030229,1.4386852314081315
Male, Private, HS-grad,-0.3903533538349704, Married-civ-spouse, Machine-op-inspct, Husband,-0.2644126153749733,-0.1205574573321805,-0.4140914743895126,PVT,5.0,-0.0908772652014939,R,-1.4111113311161834,1.4168885537007403,1.4386852314081315
Male, Local-gov, Masters,1.0548627531072812, Married-civ-spouse, Exec-managerial, Husband,3.836237464336967,1.5269141945106874,-0.3839987875232711,PVT,181.0,-0.0908772652014939,I,-0.1257488395955404,0.3663304489710788,1.4386852314081315
Male, Private, HS-grad,-0.3903533538349704, Married-civ-spouse, Craft-repair, Husband,-0.2644126153749733,-0.1205574573321805,-0.5946475955869621,PVT,5.0,-0.0908772652014939,R,-1.4699420692856442,-0.3609790081494562,-0.6950790750950001
Male, Private, Bachelors,0.7658195317188305, Married-civ-spouse, Prof-specialty, Husband,-0.2644126153749733,1.1150462815499709,-0.4140914743895126,PVT,5.0,-0.0908772652014939,R,-0.1168350913880464,-0.8458519795631466,-0.6950790750950001
Male, Private, 10th,-1.2574830180003211, Married-civ-spouse, Craft-repair, Husband,-0.2644126153749733,-0.1205574573321805,-0.4140914743895126,PVT,999.0,-0.0908772652014939,I,-0.6035257435172218,-0.6842276557585831,-0.6950790750950001
Male, Private, Prof-school,1.3439059744957311, Never-married, Tech-support, Not-in-family,-0.2644126153749733,1.1150462815499709,-0.323813413790788,PVT,5.0,-0.0908772652014939,R,0.7941499754178463,-0.6034154938563014,-0.6950790750950001
Male, State-gov, Some-college,-0.1013101324465201, Never-married, Exec-managerial, Own-child,-0.2644126153749733,-0.1205574573321805,-0.323813413790788,NBF,5.0,-0.0908772652014939,R,-0.4092060325938514,-1.4115371128791183,-0.6950790750950001
Male, Self-emp-not-inc, Some-college,-0.1013101324465201, Married-civ-spouse, Craft-repair, Husband,-0.2644126153749733,0.5384312034049671,-0.4140914743895126,NBF,5.0,-0.0908772652014939,R,-0.8584589422515517,0.9320155822870502,-0.6950790750950001
Male, Private, 9th,-1.5465262393887718, Divorced, Craft-repair, Not-in-family,-0.2644126153749733,-0.1205574573321805,2.173879596107263,PVT,5.0,-0.0908772652014939,R,-0.0080873632566187,0.4471426108733606,-0.6950790750950001
Male, Private, HS-grad,-0.3903533538349704, Married-civ-spouse, Transport-moving, Husband,-0.2644126153749733,-0.1205574573321805,-0.323813413790788,NBF,123.0,-0.0908772652014939,I,-1.2613603612302833,-0.8458519795631466,-0.6950790750950001
Male, Private, Doctorate,1.6329491958841815, Never-married, Prof-specialty, Not-in-family,-0.2644126153749733,-0.1205574573321805,-0.4140914743895126,PVT,5.0,-0.0908772652014939,R,0.3645073118166327,1.0128277441893323,1.4386852314081315
Male, Federal-gov, Some-college,-0.1013101324465201, Married-civ-spouse, Adm-clerical, Husband,-0.2644126153749733,0.0441897078521065,-0.4140914743895126,NBF,173.0,-0.0908772652014939,I,1.4323743470744208,-0.1185425224426115,1.4386852314081315
Female, Federal-gov, Masters,1.0548627531072812, Divorced, Adm-clerical, Unmarried,-0.2644126153749733,-0.1205574573321805,-0.4140914743895126,PVT,47.0,-0.0908772652014939,I,1.1025656633971406,1.4168885537007403,-0.6950790750950001
Female, Private, Bachelors,0.7658195317188305, Divorced, Prof-specialty, Not-in-family,-0.2644126153749733,0.7031783685892541,2.173879596107263,PVT,5.0,-0.0908772652014939,R,-1.489552315342131,-0.1993546843448932,-0.6950790750950001
Male, Private, Bachelors,0.7658195317188305, Never-married, Tech-support, Not-in-family,-0.2644126153749733,-0.9442932832536152,-0.5946475955869621,FOR,5.0,-0.0908772652014939,R,0.1256188598557919,-0.8458519795631466,-0.6950790750950001
Male, Self-emp-inc, Masters,1.0548627531072812, Married-civ-spouse, Sales, Husband,3.680674107746984,-0.1205574573321805,-0.5946475955869621,PVT,5.0,-0.0908772652014939,R,-0.4876470168197991,0.5279547727756421,1.4386852314081315
Male, Self-emp-inc, Masters,1.0548627531072812, Married-civ-spouse, Exec-managerial, Husband,-0.2644126153749733,1.5269141945106874,-0.4140914743895126,PVT,5.0,-0.0908772652014939,R,1.1970513943965777,0.6087669346779243,1.4386852314081315
Male, Private, HS-grad,-0.3903533538349704, Never-married, Handlers-cleaners, Not-in-family,-0.2644126153749733,-0.1205574573321805,-0.4140914743895126,PVT,189.0,-0.0908772652014939,I,0.927856198530257,-1.2499127890745552,-0.6950790750950001
Male, Private, HS-grad,-0.3903533538349704, Never-married, Handlers-cleaners, Own-child,-0.2644126153749733,-2.1798970221357665,-0.4140914743895126,PVT,5.0,-0.0908772652014939,R,0.1612738526857681,-1.4923492747814002,-0.6950790750950001
Female, Private, Some-college,-0.1013101324465201, Never-married, Prof-specialty, Not-in-family,-0.2644126153749733,-0.1205574573321805,-0.4140914743895126,NBF,5.0,-0.0908772652014939,R,-0.5019090139517897,-1.0882884652699918,-0.6950790750950001
Male, Private, Bachelors,0.7658195317188305, Married-civ-spouse, Exec-managerial, Husband,-0.2644126153749733,-0.1205574573321805,-0.5946475955869621,PVT,5.0,-0.0908772652014939,R,0.1149223620067992,-0.8458519795631466,1.4386852314081315
Female, Private, Some-college,-0.1013101324465201, Never-married, Other-service, Own-child,-0.2644126153749733,-1.7680291091750493,-0.4140914743895126,PVT,123.0,-0.0908772652014939,I,-0.0722663503505759,-1.2499127890745552,-0.6950790750950001
Female, Private, Assoc-voc,0.18773308894193, Divorced, Tech-support, Unmarried,-0.2644126153749733,-0.1205574573321805,-0.4140914743895126,NBF,5.0,-0.0908772652014939,R,-0.4270335290088395,-0.3609790081494562,-0.6950790750950001
Male, Private, HS-grad,-0.3903533538349704, Married-civ-spouse, Craft-repair, Husband,-0.2644126153749733,-0.1205574573321805,2.173879596107263,PVT,58.0,-0.0908772652014939,M,0.8298049682478225,0.2047061251665154,1.4386852314081315
Male, Self-emp-not-inc, HS-grad,-0.3903533538349704, Married-civ-spouse, Sales, Husband,-0.2644126153749733,2.3506500204321217,-0.4140914743895126,PVT,5.0,-0.0908772652014939,R,0.9777731884922238,0.0430818013619519,-0.6950790750950001
Male, Private, Bachelors,0.7658195317188305, Married-civ-spouse, Prof-specialty, Husband,-0.2644126153749733,-0.1205574573321805,-0.4140914743895126,PVT,5.0,-0.0908772652014939,R,-0.5482605046307587,2.225010172723558,1.4386852314081315
Female, Local-gov, Some-college,-0.1013101324465201, Divorced, Adm-clerical, Not-in-family,-0.2644126153749733,1.1150462815499709,2.173879596107263,PVT,5.0,-0.0908772652014939,R,1.5232945787908605,1.3360763917984593,1.4386852314081315
Male, Private, HS-grad,-0.3903533538349704, Married-civ-spouse, Sales, Husband,-0.2644126153749733,-0.1205574573321805,-0.4140914743895126,NBF,5.0,-0.0908772652014939,R,0.4393827967595826,0.8512034203847689,-0.6950790750950001
Male, State-gov, Bachelors,0.7658195317188305, Never-married, Prof-specialty, Not-in-family,-0.2644126153749733,1.938782107471405,2.173879596107263,PVT,5.0,-0.0908772652014939,R,-1.5965172938320598,-0.8458519795631466,1.4386852314081315
Male, Private, Prof-school,1.3439059744957311, Married-civ-spouse, Prof-specialty, Husband,-0.2644126153749733,3.1743858463535566,-0.323813413790788,NBF,189.0,-0.0908772652014939,I,-1.6321722866620358,-0.6842276557585831,1.4386852314081315
Male, Self-emp-inc, Bachelors,0.7658195317188305, Never-married, Sales, Not-in-family,-0.2644126153749733,0.7031783685892541,-0.5946475955869621,PVT,5.0,-0.0908772652014939,R,-1.2257053684003067,-0.8458519795631466,-0.6950790750950001
Male, Private, Bachelors,0.7658195317188305, Married-civ-spouse, Sales, Husband,-0.2644126153749733,-0.532425370292898,-0.4140914743895126,PVT,5.0,-0.0908772652014939,R,-1.3005808533432572,1.2552642298961771,1.4386852314081315
Female, Private, 7th-8th,-1.835569460777222, Divorced, Priv-house-serv, Own-child,-0.2644126153749733,-2.097523439543623,-0.4140914743895126,PVT,5.0,-0.0908772652014939,R,-0.2612378123494501,1.0936399060916138,-0.6950790750950001
Male, Self-emp-inc, Masters,1.0548627531072812, Married-civ-spouse, Exec-managerial, Husband,-0.2644126153749733,1.5269141945106874,-0.5946475955869621,PVT,5.0,-0.0908772652014939,R,-0.9226379293455088,0.3663304489710788,1.4386852314081315
Male, Private, Some-college,-0.1013101324465201, Never-married, Craft-repair, Not-in-family,-0.2644126153749733,-0.1205574573321805,-0.4140914743895126,NBF,191.0,-0.0908772652014939,I,1.34323686499948,-1.2499127890745552,-0.6950790750950001
Female, Private, Some-college,-0.1013101324465201, Never-married, Adm-clerical, Own-child,-0.2644126153749733,-1.7680291091750493,2.173879596107263,PVT,5.0,-0.0908772652014939,R,-0.7978454544405923,-1.4115371128791183,-0.6950790750950001
Female, Local-gov, HS-grad,-0.3903533538349704, Married-civ-spouse, Exec-managerial, Wife,-0.2644126153749733,-0.7795461180693282,-0.4140914743895126,NBF,123.0,-0.0908772652014939,I,-0.8923311854400291,1.982573687016712,-0.6950790750950001
Male, Private, HS-grad,-0.3903533538349704, Married-civ-spouse, Protective-serv, Husband,-0.2644126153749733,-0.1205574573321805,2.173879596107263,PVT,123.0,-0.0908772652014939,I,1.5928218148093138,-0.1185425224426115,1.4386852314081315
Female, Private, Some-college,-0.1013101324465201, Never-married, Tech-support, Not-in-family,-0.2644126153749733,-0.1205574573321805,-0.5946475955869621,PVT,5.0,-0.0908772652014939,R,-1.4057630821916869,-1.2499127890745552,-0.6950790750950001
Female, Private, Assoc-acdm,0.4767763103303807, Never-married, Other-service, Own-child,-0.2644126153749733,-2.1798970221357665,-0.4140914743895126,NBF,227.0,-0.0908772652014939,I,-0.4359472772163335,-1.00747630336771,-0.6950790750950001
Male, Private, Bachelors,0.7658195317188305, Married-civ-spouse, Exec-managerial, Husband,-0.2644126153749733,0.7031783685892541,2.173879596107263,NBF,189.0,-0.0908772652014939,I,1.4323743470744208,0.6087669346779243,1.4386852314081315
Male, Private, HS-grad,-0.3903533538349704, Married-civ-spouse, Exec-managerial, Husband,-0.2644126153749733,-0.1205574573321805,-0.4140914743895126,NBF,5.0,-0.0908772652014939,R,-0.6427462356301957,-0.5226033319540196,-0.6950790750950001
Male, Private, Assoc-voc,0.18773308894193, Married-civ-spouse, Exec-managerial, Husband,-0.2644126153749733,-0.1205574573321805,2.173879596107263,PVT,5.0,-0.0908772652014939,R,-1.2684913597962786,1.174452067993896,1.4386852314081315
Male, Private, Some-college,-0.1013101324465201, Married-civ-spouse, Adm-clerical, Husband,-0.2644126153749733,0.3736840382206801,-0.4140914743895126,NBF,173.0,-0.0908772652014939,I,0.83337046753082,0.2047061251665154,1.4386852314081315
Male, Private, Some-college,-0.1013101324465201, Never-married, Craft-repair, Not-in-family,-0.2644126153749733,-0.1205574573321805,-0.4140914743895126,NBF,176.0,4.199486255100615,I,-1.361194341154217,-0.6842276557585831,-0.6950790750950001
Male, Private, HS-grad,-0.3903533538349704, Married-spouse-absent, Protective-serv, Not-in-family,-0.2644126153749733,-0.1205574573321805,2.173879596107263,PVT,5.0,-0.0908772652014939,R,-1.0135581610619484,-1.00747630336771,-0.6950790750950001
Male, Self-emp-not-inc, Some-college,-0.1013101324465201, Married-civ-spouse, Tech-support, Husband,-0.2644126153749733,-1.7680291091750493,-0.4140914743895126,NBF,191.0,-0.0908772652014939,I,-0.7996282040820911,2.5482588203326846,-0.6950790750950001
Male, Private, HS-grad,-0.3903533538349704, Married-civ-spouse, Machine-op-inspct, Husband,-0.2644126153749733,-0.1205574573321805,-0.4140914743895126,NBF,5.0,-0.0908772652014939,R,0.0863983677428182,-0.9266641414654284,-0.6950790750950001
Male, Self-emp-not-inc, 11th,-0.9684397966118709, Married-civ-spouse, Farming-fishing, Husband,-0.2644126153749733,0.7031783685892541,2.173879596107263,PVT,5.0,-0.0908772652014939,R,0.2414975865532147,1.7401372013098677,-0.6950790750950001
Male, Self-emp-not-inc, HS-grad,-0.3903533538349704, Married-civ-spouse, Exec-managerial, Husband,-0.2644126153749733,-0.1205574573321805,2.173879596107263,PVT,5.0,-0.0908772652014939,R,-0.6570082327621862,0.6087669346779243,-0.6950790750950001
Female, Private, HS-grad,-0.3903533538349704, Married-civ-spouse, Adm-clerical, Wife,-0.2644126153749733,-0.1205574573321805,-0.5946475955869621,PVT,5.0,-0.0908772652014939,R,-0.9939479150054616,0.6895790965802056,1.4386852314081315
Female, Local-gov, Bachelors,0.7658195317188305, Never-married, Prof-specialty, Not-in-family,-0.2644126153749733,-0.1205574573321805,-0.5946475955869621,PVT,5.0,-0.0908772652014939,R,0.8137602214743334,-0.6034154938563014,-0.6950790750950001
Male, Private, 10th,-1.2574830180003211, Never-married, Prof-specialty, Not-in-family,-0.2644126153749733,-0.1205574573321805,-0.4140914743895126,PVT,189.0,-0.0908772652014939,I,-0.384247537612868,-0.7650398176608648,-0.6950790750950001
Male, Private, Some-college,-0.1013101324465201, Married-civ-spouse, Exec-managerial, Husband,-0.2644126153749733,1.1150462815499709,-0.4140914743895126,PVT,5.0,-0.0908772652014939,R,0.7495812343803762,-0.0377303605403297,-0.6950790750950001
Male, Private, HS-grad,-0.3903533538349704, Never-married, Handlers-cleaners, Not-in-family,-0.2644126153749733,-0.1205574573321805,-0.4140914743895126,PVT,5.0,-0.0908772652014939,R,1.4680293399043969,-1.1691006271722737,-0.6950790750950001
Female, Private, HS-grad,-0.3903533538349704, Married-civ-spouse, Tech-support, Wife,-0.2644126153749733,-0.1205574573321805,-0.74511102991817,PVT,5.0,-0.0908772652014939,R,-1.5786897974170715,-0.9266641414654284,-0.6950790750950001
Male, Private, HS-grad,-0.3903533538349704, Divorced, Farming-fishing, Not-in-family,-0.2644126153749733,0.208936873036393,-0.4140914743895126,PVT,5.0,-0.0908772652014939,R,0.0346986281393525,0.2855182870687971,-0.6950790750950001
Male, Local-gov, Masters,1.0548627531072812, Married-civ-spouse, Prof-specialty, Husband,-0.2644126153749733,0.7031783685892541,-0.3839987875232711,HFC,58.0,-0.0908772652014939,M,-1.368325339720212,0.2855182870687971,1.4386852314081315
Female, Federal-gov, Some-college,-0.1013101324465201, Divorced, Exec-managerial, Unmarried,-0.2644126153749733,-0.1205574573321805,-0.4140914743895126,PVT,5.0,-0.0908772652014939,R,0.96885944028473,0.0430818013619519,-0.6950790750950001
Female, Local-gov, Assoc-voc,0.18773308894193, Divorced, Craft-repair, Unmarried,-0.2644126153749733,0.2913104556285366,-0.4140914743895126,NBF,5.0,-0.0908772652014939,R,-0.5161710110837802,0.2047061251665154,-0.6950790750950001
Female, Private, Some-college,-0.1013101324465201, Never-married, Adm-clerical, Unmarried,-0.2644126153749733,-0.9442932832536152,-0.323813413790788,NBF,189.0,-0.0908772652014939,I,0.7121434919089008,-1.3307249509768369,-0.6950790750950001
Male, Private, Some-college,-0.1013101324465201, Never-married, Other-service, Own-child,-0.2644126153749733,-1.3561611962143318,-0.4140914743895126,NBF,130.0,-0.0908772652014939,I,0.8155429711158321,-1.573161436683682,-0.6950790750950001
Female, Private, Bachelors,0.7658195317188305, Never-married, Prof-specialty, Not-in-family,-0.2644126153749733,-0.1205574573321805,2.173879596107263,HFC,5.0,-0.0908772652014939,R,1.514380830583366,-0.4417911700517379,-0.6950790750950001
Male, Private, HS-grad,-0.3903533538349704, Married-civ-spouse, Craft-repair, Husband,-0.2644126153749733,-0.1205574573321805,-0.4140914743895126,NBF,5.0,-0.0908772652014939,R,-0.232713818085469,1.0128277441893323,-0.6950790750950001
Male, Private, Some-college,-0.1013101324465201, Married-civ-spouse, Craft-repair, Husband,-0.2644126153749733,-0.1205574573321805,-0.4140914743895126,NBF,5.0,-0.0908772652014939,R,-1.6143447902470478,-0.1993546843448932,-0.6950790750950001
Male, Private, HS-grad,-0.3903533538349704, Never-married, Machine-op-inspct, Not-in-family,-0.2644126153749733,-0.1205574573321805,-0.4140914743895126,NBF,5.0,-0.0908772652014939,R,-1.603648292398055,-1.1691006271722737,-0.6950790750950001
Male, Private, HS-grad,-0.3903533538349704, Never-married, Exec-managerial, Not-in-family,-0.2644126153749733,-0.1205574573321805,2.173879596107263,PVT,172.0,1.3392439082325422,I,-1.3915010850596965,-1.3307249509768369,-0.6950790750950001
Female, Private, HS-grad,-0.3903533538349704, Never-married, Exec-managerial, Not-in-family,-0.2644126153749733,-0.2853046225164671,-0.4140914743895126,NBF,5.0,-0.0908772652014939,R,1.1114794116046345,-0.1993546843448932,-0.6950790750950001
Female, Private, Assoc-acdm,0.4767763103303807, Never-married, Other-service, Not-in-family,-0.2644126153749733,-0.9442932832536152,-0.4140914743895126,PVT,5.0,-0.0908772652014939,R,1.2451856347170456,-0.1185425224426115,-0.6950790750950001
Male, Federal-gov, Some-college,-0.1013101324465201, Married-civ-spouse, Transport-moving, Husband,-0.2644126153749733,-0.1205574573321805,2.173879596107263,PVT,5.0,-0.0908772652014939,R,-0.7265354687806398,0.2855182870687971,-0.6950790750950001
Male, Private, HS-grad,-0.3903533538349704, Never-married, Craft-repair, Own-child,-0.2644126153749733,-0.9442932832536152,-0.6247402824532038,PVT,189.0,-0.0908772652014939,I,-1.5983000434735586,-0.1993546843448932,-0.6950790750950001
Male, Private, HS-grad,-0.3903533538349704, Never-married, Sales, Other-relative,-0.2644126153749733,1.5269141945106874,2.173879596107263,PVT,5.0,-0.0908772652014939,R,0.0346986281393525,-1.4923492747814002,-0.6950790750950001
Male, Private, HS-grad,-0.3903533538349704, Never-married, Other-service, Own-child,-0.2644126153749733,-1.3561611962143318,-0.4140914743895126,NBF,5.0,-0.0908772652014939,R,1.6249113083562927,-1.573161436683682,-0.6950790750950001
Female, Private, Some-college,-0.1013101324465201, Never-married, Other-service, Unmarried,-0.2644126153749733,0.5384312034049671,-0.4140914743895126,PVT,5.0,-0.0908772652014939,R,0.107791363440804,-1.2499127890745552,-0.6950790750950001
Male, Private, HS-grad,-0.3903533538349704, Never-married, Handlers-cleaners, Own-child,-0.2644126153749733,-0.1205574573321805,2.173879596107263,NBF,176.0,-0.0908772652014939,I,0.7959327250593451,-0.4417911700517379,-0.6950790750950001
Female, Private, Assoc-voc,0.18773308894193, Divorced, Prof-specialty, Unmarried,-0.2644126153749733,0.12656329044425,-0.4140914743895126,NBF,5.0,-0.0908772652014939,R,0.5909165162869816,0.2047061251665154,-0.6950790750950001
Male, Private, HS-grad,-0.3903533538349704, Never-married, Handlers-cleaners, Not-in-family,-0.2644126153749733,0.7031783685892541,-0.4140914743895126,PVT,130.0,-0.0908772652014939,I,0.9581629424357369,-0.6842276557585831,-0.6950790750950001
Male, Self-emp-inc, Masters,1.0548627531072812, Married-civ-spouse, Sales, Husband,-0.2644126153749733,1.1150462815499709,-0.4140914743895126,PVT,5.0,-0.0908772652014939,R,1.4983360838098767,0.9320155822870502,-0.6950790750950001
Male, Private, HS-grad,-0.3903533538349704, Married-civ-spouse, Sales, Own-child,-0.2644126153749733,-0.1205574573321805,-0.4140914743895126,NBF,5.0,-0.0908772652014939,R,-1.425373328248174,-1.4923492747814002,-0.6950790750950001
Female, Private, HS-grad,-0.3903533538349704, Never-married, Adm-clerical, Not-in-family,-0.2644126153749733,-0.2853046225164671,-0.5946475955869621,PVT,5.0,-0.0908772652014939,R,-1.482421316776136,1.4168885537007403,-0.6950790750950001
Female, Private, Bachelors,0.7658195317188305, Never-married, Exec-managerial, Own-child,-0.2644126153749733,-0.1205574573321805,-0.74511102991817,NBF,5.0,-0.0908772652014939,R,1.5429048248473471,-1.1691006271722737,-0.6950790750950001
Female, Private, 10th,-1.2574830180003211, Never-married, Other-service, Own-child,-0.2644126153749733,-2.4270177699121964,-0.4140914743895126,PVT,189.0,-0.0908772652014939,I,0.83337046753082,-1.7347857604882453,-0.6950790750950001
Male, Federal-gov, Some-college,-0.1013101324465201, Never-married, Adm-clerical, Not-in-family,-0.2644126153749733,-0.1205574573321805,-0.4140914743895126,NBF,123.0,-0.0908772652014939,I,-1.0581269020994188,-0.3609790081494562,-0.6950790750950001
Male, State-gov, HS-grad,-0.3903533538349704, Married-civ-spouse, Protective-serv, Husband,-0.2644126153749733,0.0441897078521065,-0.323813413790788,NBF,5.0,-0.0908772652014939,R,-1.3291048476072382,-0.7650398176608648,-0.6950790750950001
Male, Private, Doctorate,1.6329491958841815, Divorced, Prof-specialty, Not-in-family,-0.2644126153749733,-0.1205574573321805,2.173879596107263,PVT,5.0,-0.0908772652014939,R,-1.5983000434735586,-0.5226033319540196,1.4386852314081315
Male, State-gov, Doctorate,1.6329491958841815, Never-married, Prof-specialty, Not-in-family,-0.2644126153749733,0.2913104556285366,-0.4140914743895126,PVT,130.0,-0.0908772652014939,I,0.2183218412137301,0.4471426108733606,1.4386852314081315
Male, Private, HS-grad,-0.3903533538349704, Divorced, Machine-op-inspct, Not-in-family,-0.2644126153749733,-0.1205574573321805,-0.4140914743895126,NBF,5.0,-0.0908772652014939,R,0.0115228827998679,0.7703912584824878,-0.6950790750950001
Male, Private, HS-grad,-0.3903533538349704, Married-civ-spouse, Craft-repair, Husband,-0.2644126153749733,-0.1205574573321805,-0.4140914743895126,PVT,5.0,-0.0908772652014939,R,-1.215008870551314,-1.00747630336771,-0.6950790750950001
Male, Private, Bachelors,0.7658195317188305, Never-married, Prof-specialty, Not-in-family,-0.2644126153749733,-0.1205574573321805,-0.7752037167844117,PVT,5.0,-0.0908772652014939,R,-0.1453590856520272,-1.1691006271722737,-0.6950790750950001
Female, Private, 10th,-1.2574830180003211, Never-married, Other-service, Own-child,-0.2644126153749733,-1.3561611962143318,-0.4140914743895126,PVT,5.0,-0.0908772652014939,R,0.35381081396764,-0.4417911700517379,-0.6950790750950001
Female, Self-emp-inc, Some-college,-0.1013101324465201, Never-married, Adm-clerical, Own-child,-0.2644126153749733,-1.7680291091750493,-0.4140914743895126,PVT,123.0,-0.0908772652014939,I,-1.475290318210141,-1.4923492747814002,-0.6950790750950001
Male, State-gov, Assoc-acdm,0.4767763103303807, Married-civ-spouse, Adm-clerical, Husband,-0.2644126153749733,-0.9442932832536152,-0.4140914743895126,PVT,5.0,-0.0908772652014939,R,-0.6106567420832172,-1.1691006271722737,-0.6950790750950001
Female, Private, Assoc-acdm,0.4767763103303807, Divorced, Machine-op-inspct, Unmarried,-0.2644126153749733,-0.1205574573321805,-0.4140914743895126,NBF,189.0,-0.0908772652014939,I,0.8208912200403284,-0.4417911700517379,-0.6950790750950001
Male, Private, Some-college,-0.1013101324465201, Married-civ-spouse, Sales, Husband,-0.2644126153749733,-0.1205574573321805,-0.74511102991817,PVT,5.0,-0.0908772652014939,R,0.0632226224033335,0.4471426108733606,1.4386852314081315
Male, Private, Some-college,-0.1013101324465201, Married-civ-spouse, Sales, Husband,3.836237464336967,0.7031783685892541,-0.4140914743895126,NBF,123.0,-0.0908772652014939,I,1.1417861555101143,0.8512034203847689,1.4386852314081315
Female, Local-gov, Some-college,-0.1013101324465201, Divorced, Transport-moving, Not-in-family,-0.2644126153749733,-0.1205574573321805,-0.4140914743895126,NBF,5.0,-0.0908772652014939,R,-1.5252073081721071,0.6087669346779243,-0.6950790750950001
Female, Self-emp-inc, Assoc-voc,0.18773308894193, Divorced, Sales, Unmarried,-0.2644126153749733,-0.9442932832536152,-0.4140914743895126,PVT,5.0,-0.0908772652014939,R,0.5855682673624852,0.5279547727756421,-0.6950790750950001
Male, Private, Bachelors,0.7658195317188305, Married-civ-spouse, Exec-managerial, Husband,-0.2644126153749733,0.7031783685892541,-0.5946475955869621,PVT,5.0,-0.0908772652014939,R,1.0811726676991549,0.1238939632642336,1.4386852314081315
Male, Private, 10th,-1.2574830180003211, Married-civ-spouse, Handlers-cleaners, Husband,-0.2644126153749733,0.2913104556285366,-0.7752037167844117,PVT,224.0,-0.0908772652014939,R,-0.8727209393835423,0.6087669346779243,-0.6950790750950001
Male, Private, HS-grad,-0.3903533538349704, Married-civ-spouse, Sales, Husband,-0.2644126153749733,0.8679255337735403,-0.4140914743895126,NBF,999.0,-0.0908772652014939,I,-0.2380620670099654,-1.0882884652699918,-0.6950790750950001
Female, Private, HS-grad,-0.3903533538349704, Never-married, Adm-clerical, Own-child,-0.2644126153749733,-0.1205574573321805,2.173879596107263,PVT,5.0,-0.0908772652014939,R,-1.621475788813043,-0.7650398176608648,-0.6950790750950001
Male, Private, 9th,-1.5465262393887718, Married-civ-spouse, Farming-fishing, Husband,-0.2644126153749733,1.0326726989578272,-0.4140914743895126,NBF,5.0,-0.0908772652014939,R,0.6925332458524142,-0.0377303605403297,-0.6950790750950001
Male, State-gov, Bachelors,0.7658195317188305, Never-married, Prof-specialty, Not-in-family,-0.2644126153749733,0.7031783685892541,-0.74511102991817,NBF,5.0,-0.0908772652014939,R,-1.5876035456245658,-0.7650398176608648,-0.6950790750950001
Female, Private, Assoc-voc,0.18773308894193, Divorced, Prof-specialty, Not-in-family,-0.2644126153749733,-0.1205574573321805,-0.6548329693194453,NBF,5.0,-0.0908772652014939,R,-0.0312631085961034,0.2855182870687971,-0.6950790750950001
Female, State-gov, Bachelors,0.7658195317188305, Never-married, Exec-managerial, Not-in-family,-0.2644126153749733,-0.1205574573321805,-0.4140914743895126,PVT,5.0,-0.0908772652014939,R,0.9635111913602336,1.6593250394075854,-0.6950790750950001
Male, Federal-gov, Some-college,-0.1013101324465201, Married-civ-spouse, Adm-clerical, Husband,-0.2644126153749733,-0.1205574573321805,-0.323813413790788,NBF,5.0,-0.0908772652014939,R,-0.62135323993221,1.4168885537007403,-0.6950790750950001
Male, Private, Some-college,-0.1013101324465201, Never-married, Handlers-cleaners, Not-in-family,-0.2644126153749733,-0.1205574573321805,-0.4140914743895126,PVT,5.0,-0.0908772652014939,R,0.6497472544564424,0.3663304489710788,-0.6950790750950001
Male, Federal-gov, Masters,1.0548627531072812, Married-civ-spouse, Prof-specialty, Husband,-0.2644126153749733,0.2913104556285366,-0.5946475955869621,PVT,5.0,-0.0908772652014939,R,1.599952813375309,0.5279547727756421,1.4386852314081315
Male, Private, Some-college,-0.1013101324465201, Never-married, Other-service, Own-child,-0.2644126153749733,-1.7680291091750493,2.173879596107263,NBF,5.0,-0.0908772652014939,R,0.4750377895895591,-1.4115371128791183,-0.6950790750950001
Male, Private, HS-grad,-0.3903533538349704, Married-civ-spouse, Handlers-cleaners, Husband,-0.2644126153749733,-0.1205574573321805,2.173879596107263,PVT,189.0,-0.0908772652014939,I,-1.045647654608927,0.4471426108733606,1.4386852314081315
Female, Private, Assoc-voc,0.18773308894193, Never-married, Tech-support, Other-relative,-0.2644126153749733,-0.4500517877007545,-0.4140914743895126,NBF,5.0,-0.0908772652014939,R,-1.4735075685686418,-0.9266641414654284,-0.6950790750950001
Female, Local-gov, Some-college,-0.1013101324465201, Never-married, Protective-serv, Unmarried,-0.2644126153749733,-0.1205574573321805,-0.4140914743895126,PVT,5.0,-0.0908772652014939,R,-0.44129552614083,-0.9266641414654284,-0.6950790750950001
Female, Private, HS-grad,-0.3903533538349704, Separated, Other-service, Unmarried,-0.2644126153749733,-0.1205574573321805,-0.4140914743895126,NBF,5.0,-0.0908772652014939,R,-1.2364018662493,-1.1691006271722737,-0.6950790750950001
Male, Local-gov, HS-grad,-0.3903533538349704, Married-civ-spouse, Exec-managerial, Husband,-0.2644126153749733,1.1974198641421143,-0.4140914743895126,PVT,5.0,-0.0908772652014939,R,-0.148924584935025,1.2552642298961771,-0.6950790750950001
Male, Self-emp-inc, HS-grad,-0.3903533538349704, Never-married, Sales, Own-child,-0.2644126153749733,-0.1205574573321805,-0.4140914743895126,PVT,5.0,-0.0908772652014939,R,0.0846156181013194,-1.573161436683682,-0.6950790750950001
Male, Private, Some-college,-0.1013101324465201, Married-civ-spouse, Transport-moving, Husband,-0.2644126153749733,2.680144350800696,-0.323813413790788,PVT,173.0,-0.0908772652014939,I,1.2630131311320336,1.6593250394075854,1.4386852314081315
Male, Self-emp-not-inc, Bachelors,0.7658195317188305, Married-civ-spouse, Sales, Husband,-0.2644126153749733,1.5269141945106874,-0.5946475955869621,PVT,5.0,-0.0908772652014939,R,-0.9868169164394665,0.6087669346779243,1.4386852314081315
Male, Private, Bachelors,0.7658195317188305, Married-civ-spouse, Prof-specialty, Husband,-0.2644126153749733,-0.532425370292898,2.173879596107263,PVT,5.0,-0.0908772652014939,R,0.9777731884922238,0.7703912584824878,-0.6950790750950001
Male, Local-gov, Masters,1.0548627531072812, Married-civ-spouse, Prof-specialty, Husband,-0.2644126153749733,-0.1205574573321805,-0.4140914743895126,PVT,47.0,-0.0908772652014939,I,-0.1649693317085143,-0.1185425224426115,1.4386852314081315
Female, Private, HS-grad,-0.3903533538349704, Divorced, Other-service, Own-child,-0.2644126153749733,-2.591764935096484,-0.5946475955869621,PVT,5.0,-0.0908772652014939,R,0.7121434919089008,-1.2499127890745552,-0.6950790750950001
Male, Private, Some-college,-0.1013101324465201, Married-civ-spouse, Sales, Husband,3.680674107746984,0.7031783685892541,-0.4140914743895126,PVT,5.0,-0.0908772652014939,R,0.6889677465694165,1.0128277441893323,1.4386852314081315
Male, Private, Some-college,-0.1013101324465201, Married-civ-spouse, Craft-repair, Husband,-0.2644126153749733,0.7031783685892541,-0.4140914743895126,NBF,5.0,-0.0908772652014939,R,-1.304146352626255,-0.1993546843448932,1.4386852314081315
Female, Private, Assoc-voc,0.18773308894193, Married-civ-spouse, Tech-support, Other-relative,-0.2644126153749733,-0.1205574573321805,2.173879596107263,PVT,5.0,-0.0908772652014939,R,0.571306270230495,-0.6842276557585831,1.4386852314081315
Male, Private, HS-grad,-0.3903533538349704, Married-civ-spouse, Craft-repair, Husband,-0.2644126153749733,-0.1205574573321805,2.173879596107263,PVT,5.0,-0.0908772652014939,R,-0.9083759322135184,1.578512877505304,1.4386852314081315
Male, Private, Bachelors,0.7658195317188305, Married-civ-spouse, Sales, Husband,-0.2644126153749733,0.7031783685892541,2.173879596107263,PVT,5.0,-0.0908772652014939,R,-1.3255393483242404,-0.1993546843448932,1.4386852314081315
Female, Private, Some-college,-0.1013101324465201, Never-married, Protective-serv, Own-child,-0.2644126153749733,-1.7680291091750493,-0.4140914743895126,PVT,123.0,-0.0908772652014939,I,1.614214810507299,-1.3307249509768369,-0.6950790750950001
Male, Private, 5th-6th,-2.1246126821656723, Married-civ-spouse, Farming-fishing, Husband,-0.2644126153749733,-0.1205574573321805,-0.4140914743895126,PVT,189.0,-0.0908772652014939,I,0.4001623046466089,-0.3609790081494562,-0.6950790750950001
Male, Private, HS-grad,-0.3903533538349704, Married-civ-spouse, Craft-repair, Husband,-0.2644126153749733,0.5384312034049671,-0.4140914743895126,PVT,5.0,-0.0908772652014939,R,0.2486285851192099,-1.0882884652699918,-0.6950790750950001
Male, Private, Some-college,-0.1013101324465201, Never-married, Transport-moving, Own-child,-0.2644126153749733,-0.1205574573321805,-0.323813413790788,NBF,189.0,1.3392439082325422,I,1.054431423076673,-1.3307249509768369,-0.6950790750950001
Male, Private, Some-college,-0.1013101324465201, Never-married, Other-service, Not-in-family,-0.2644126153749733,-0.9442932832536152,-0.4140914743895126,NBF,130.0,-0.0908772652014939,I,0.3894658067976161,-0.6034154938563014,-0.6950790750950001
Male, Local-gov, Bachelors,0.7658195317188305, Married-civ-spouse, Protective-serv, Husband,-0.2644126153749733,2.185902855247836,-0.4140914743895126,NBF,5.0,-0.0908772652014939,R,1.3610643614144684,-0.9266641414654284,-0.6950790750950001
Male, Private, HS-grad,-0.3903533538349704, Married-civ-spouse, Handlers-cleaners, Husband,-0.2644126153749733,-0.1205574573321805,-0.4140914743895126,PVT,5.0,-0.0908772652014939,R,-1.557296801719086,-0.3609790081494562,-0.6950790750950001
Male, Private, Masters,1.0548627531072812, Married-civ-spouse, Prof-specialty, Husband,-0.2644126153749733,1.5269141945106874,-0.4140914743895126,PVT,5.0,-0.0908772652014939,R,-0.5161710110837802,-0.1993546843448932,1.4386852314081315
Male, Private, HS-grad,-0.3903533538349704, Married-civ-spouse, Craft-repair, Husband,-0.2644126153749733,-0.1205574573321805,-0.5946475955869621,PVT,173.0,1.3392439082325422,I,0.7210572401163952,0.3663304489710788,1.4386852314081315
Male, Private, Some-college,-0.1013101324465201, Married-civ-spouse, Exec-managerial, Husband,-0.2644126153749733,1.5269141945106874,-0.4140914743895126,PVT,5.0,-0.0908772652014939,R,1.678393797601257,0.0430818013619519,-0.6950790750950001
Male, Self-emp-not-inc, HS-grad,-0.3903533538349704, Married-civ-spouse, Transport-moving, Husband,-0.2644126153749733,1.5269141945106874,2.173879596107263,PVT,5.0,-0.0908772652014939,R,0.7121434919089008,-0.4417911700517379,-0.6950790750950001
Female, Private, HS-grad,-0.3903533538349704, Widowed, Adm-clerical, Unmarried,-0.2644126153749733,-2.75651210028077,2.173879596107263,NBF,5.0,-0.0908772652014939,R,-0.2594550627079512,2.0633858489189945,-0.6950790750950001
Male, Private, Assoc-voc,0.18773308894193, Married-civ-spouse, Tech-support, Husband,-0.2644126153749733,0.8679255337735403,-0.4140914743895126,NBF,191.0,1.3392439082325422,I,0.3145903218546659,-0.2801668462471749,1.4386852314081315
Male, Private, Bachelors,0.7658195317188305, Married-civ-spouse, Exec-managerial, Husband,-0.2644126153749733,1.5269141945106874,-0.4140914743895126,PVT,5.0,-0.0908772652014939,R,-1.3291048476072382,0.1238939632642336,1.4386852314081315
Male, Private, HS-grad,-0.3903533538349704, Never-married, Transport-moving, Not-in-family,-0.2644126153749733,-0.1205574573321805,-0.4140914743895126,PVT,5.0,-0.0908772652014939,R,1.5286428277153563,-0.4417911700517379,-0.6950790750950001
Male, Self-emp-inc, Bachelors,0.7658195317188305, Married-civ-spouse, Sales, Husband,-0.2644126153749733,0.7031783685892541,-0.3839987875232711,HFC,5.0,-0.0908772652014939,R,-1.034951156759934,2.305822334625839,1.4386852314081315
Female, Private, Some-college,-0.1013101324465201, Divorced, Adm-clerical, Not-in-family,-0.2644126153749733,-0.1205574573321805,-0.5043695349882374,NBF,5.0,-0.0908772652014939,R,0.2914145765151816,0.6895790965802056,-0.6950790750950001
Female, Private, HS-grad,-0.3903533538349704, Never-married, Sales, Not-in-family,-0.2644126153749733,-2.591764935096484,-0.4140914743895126,PVT,5.0,-0.0908772652014939,R,-1.537686555662599,-0.7650398176608648,-0.6950790750950001
Female, State-gov, Assoc-voc,0.18773308894193, Never-married, Adm-clerical, Unmarried,-0.2644126153749733,-0.1205574573321805,-0.4140914743895126,PVT,5.0,-0.0908772652014939,R,-1.3879355857766988,-0.3609790081494562,-0.6950790750950001
Male, Private, Bachelors,0.7658195317188305, Married-civ-spouse, Adm-clerical, Husband,-0.2644126153749733,0.2913104556285366,-0.323813413790788,NBF,5.0,-0.0908772652014939,R,-1.5876035456245658,-0.0377303605403297,1.4386852314081315
Male, Private, HS-grad,-0.3903533538349704, Married-civ-spouse, Prof-specialty, Not-in-family,-0.2644126153749733,-0.1205574573321805,-0.4140914743895126,NBF,5.0,-0.0908772652014939,R,-0.1364453374445331,-1.00747630336771,-0.6950790750950001
Female, Private, Bachelors,0.7658195317188305, Married-spouse-absent, Exec-managerial, Not-in-family,-0.2644126153749733,1.5269141945106874,-0.74511102991817,PVT,47.0,-0.0908772652014939,I,-0.4145542815183478,1.0128277441893323,1.4386852314081315
Female, Self-emp-not-inc, Some-college,-0.1013101324465201, Married-civ-spouse, Exec-managerial, Wife,-0.2644126153749733,-0.9442932832536152,-0.4140914743895126,PVT,5.0,-0.0908772652014939,R,1.300450873603509,0.9320155822870502,-0.6950790750950001
Male, Self-emp-not-inc, HS-grad,-0.3903533538349704, Married-civ-spouse, Transport-moving, Husband,-0.2644126153749733,-0.9442932832536152,-0.3839987875232711,NBF,5.0,-0.0908772652014939,R,1.6480870536957772,0.0430818013619519,-0.6950790750950001
Male, Private, Bachelors,0.7658195317188305, Married-civ-spouse, Prof-specialty, Husband,-0.2644126153749733,-0.1205574573321805,2.173879596107263,NBF,189.0,-0.0908772652014939,I,-1.31127735119225,-0.3609790081494562,1.4386852314081315
Male, Private, HS-grad,-0.3903533538349704, Married-civ-spouse, Craft-repair, Husband,-0.2644126153749733,-0.1205574573321805,-0.4140914743895126,NBF,191.0,-0.0908772652014939,I,-0.175665829557507,-1.1691006271722737,-0.6950790750950001
Male, Private, Some-college,-0.1013101324465201, Married-civ-spouse, Sales, Husband,-0.2644126153749733,0.208936873036393,-0.4140914743895126,PVT,189.0,-0.0908772652014939,I,1.325409368584492,-0.6842276557585831,-0.6950790750950001
Male, Private, Bachelors,0.7658195317188305, Married-civ-spouse, Exec-managerial, Husband,-0.2644126153749733,1.5269141945106874,-0.4140914743895126,NBF,189.0,-0.0908772652014939,I,-1.1953986244948271,-0.2801668462471749,1.4386852314081315
Male, Private, Bachelors,0.7658195317188305, Married-civ-spouse, Exec-managerial, Husband,-0.2644126153749733,-0.1205574573321805,-0.4140914743895126,NBF,184.0,-0.0908772652014939,I,-0.6427462356301957,0.4471426108733606,-0.6950790750950001
Male, Private, Doctorate,1.6329491958841815, Married-civ-spouse, Prof-specialty, Husband,3.836237464336967,0.7031783685892541,-0.4140914743895126,NBF,189.0,-0.0908772652014939,I,-1.621475788813043,1.2552642298961771,1.4386852314081315
Male, Self-emp-inc, Doctorate,1.6329491958841815, Separated, Prof-specialty, Not-in-family,-0.2644126153749733,-0.1205574573321805,-0.74511102991817,PUB,5.0,-0.0908772652014939,R,-1.4111113311161834,0.9320155822870502,1.4386852314081315
Male, Local-gov, HS-grad,-0.3903533538349704, Never-married, Protective-serv, Not-in-family,-0.2644126153749733,-0.1205574573321805,-0.4140914743895126,NBF,5.0,-0.0908772652014939,R,1.1382206562271169,-0.6842276557585831,-0.6950790750950001
Male, Private, Bachelors,0.7658195317188305, Married-civ-spouse, Exec-managerial, Husband,-0.2644126153749733,1.5269141945106874,-0.5946475955869621,PVT,5.0,-0.0908772652014939,R,-0.2469758152174595,-0.2801668462471749,1.4386852314081315
Female, Private, Some-college,-0.1013101324465201, Never-married, Adm-clerical, Not-in-family,3.30524787384316,-0.1205574573321805,-0.4140914743895126,NBF,123.0,-0.0908772652014939,I,0.8405014660968155,-1.2499127890745552,-0.6950790750950001
Male, Self-emp-not-inc, HS-grad,-0.3903533538349704, Married-civ-spouse, Transport-moving, Husband,-0.2644126153749733,-0.532425370292898,-0.4140914743895126,PVT,5.0,-0.0908772652014939,R,-1.5626450506435825,-0.3609790081494562,-0.6950790750950001
Male, Self-emp-not-inc, HS-grad,-0.3903533538349704, Married-civ-spouse, Sales, Husband,-0.2644126153749733,1.1150462815499709,-0.323813413790788,NBF,47.0,4.199486255100615,I,-0.9368999264774996,2.144198010821276,-0.6950790750950001
Male, Private, Assoc-voc,0.18773308894193, Never-married, Other-service, Not-in-family,-0.2644126153749733,-0.1205574573321805,-0.4140914743895126,NBF,5.0,-0.0908772652014939,R,-0.0027391143321224,-0.1185425224426115,-0.6950790750950001
Female, Private, Bachelors,0.7658195317188305, Divorced, Prof-specialty, Unmarried,-0.2644126153749733,-1.4385347788064753,-0.3839987875232711,NBF,123.0,-0.0908772652014939,I,1.5553840723378387,0.3663304489710788,-0.6950790750950001
Female, Local-gov, Masters,1.0548627531072812, Married-civ-spouse, Prof-specialty, Wife,4.437749109818233,-0.1205574573321805,-0.4140914743895126,PVT,5.0,-0.0908772652014939,R,1.0098626820392025,1.3360763917984593,-0.6950790750950001
Male, Private, HS-grad,-0.3903533538349704, Never-married, Other-service, Unmarried,-0.2644126153749733,-0.532425370292898,-0.323813413790788,NBF,189.0,-0.0908772652014939,I,0.7085779926259033,-1.2499127890745552,-0.6950790750950001
Female, Private, HS-grad,-0.3903533538349704, Divorced, Other-service, Unmarried,-0.2644126153749733,-1.3561611962143318,-0.5946475955869621,PVT,5.0,-0.0908772652014939,R,-1.2774051080037725,0.9320155822870502,-0.6950790750950001
Female, Private, Assoc-acdm,0.4767763103303807, Married-civ-spouse, Sales, Wife,3.680674107746984,-0.1205574573321805,2.173879596107263,PVT,58.0,-0.0908772652014939,M,-1.120523139551877,0.8512034203847689,1.4386852314081315
Male, State-gov, Bachelors,0.7658195317188305, Married-civ-spouse, Prof-specialty, Husband,-0.2644126153749733,-0.367678205108611,-0.4140914743895126,NBF,189.0,-0.0908772652014939,I,-1.576907047775573,-0.6842276557585831,1.4386852314081315
Male, Local-gov, Bachelors,0.7658195317188305, Married-civ-spouse, Prof-specialty, Husband,-0.2644126153749733,-0.1205574573321805,2.173879596107263,NBF,5.0,-0.0908772652014939,R,1.5553840723378387,0.7703912584824878,-0.6950790750950001
Female, Private, 12th,-0.6793965752234207, Divorced, Machine-op-inspct, Not-in-family,-0.2644126153749733,-0.1205574573321805,-0.4140914743895126,PVT,5.0,-0.0908772652014939,R,1.5393393255643493,-0.8458519795631466,-0.6950790750950001
Female, Private, Assoc-voc,0.18773308894193, Never-married, Other-service, Own-child,-0.2644126153749733,-0.532425370292898,-0.4140914743895126,PVT,5.0,-0.0908772652014939,R,-1.507379811757119,-1.1691006271722737,-0.6950790750950001
Male, Private, 9th,-1.5465262393887718, Never-married, Craft-repair, Not-in-family,-0.2644126153749733,-0.1205574573321805,-0.4140914743895126,NBF,227.0,-0.0908772652014939,I,-1.3130601008337486,-0.2801668462471749,-0.6950790750950001
Male, Private, Masters,1.0548627531072812, Married-civ-spouse, Prof-specialty, Husband,-0.2644126153749733,0.7031783685892541,2.173879596107263,PVT,5.0,-0.0908772652014939,R,-0.3236340498019084,-0.0377303605403297,1.4386852314081315
Female, Private, Bachelors,0.7658195317188305, Divorced, Sales, Not-in-family,-0.2644126153749733,-0.1205574573321805,-0.4140914743895126,PVT,5.0,-0.0908772652014939,R,-1.1543953827403546,0.0430818013619519,-0.6950790750950001
Male, Self-emp-not-inc, Bachelors,0.7658195317188305, Married-civ-spouse, Prof-specialty, Husband,-0.2644126153749733,-0.9442932832536152,-0.4140914743895126,PVT,5.0,-0.0908772652014939,R,1.2683613800565303,0.5279547727756421,-0.6950790750950001
Female, Private, 11th,-0.9684397966118709, Never-married, Sales, Own-child,-0.2644126153749733,-1.7680291091750493,-0.323813413790788,NBF,5.0,-0.0908772652014939,R,1.4662465902628985,-1.6539735985859636,-0.6950790750950001
Female, Private, HS-grad,-0.3903533538349704, Never-married, Other-service, Not-in-family,-0.2644126153749733,-0.1205574573321805,-0.4140914743895126,NBF,5.0,-0.0908772652014939,R,-1.4574628217951524,0.8512034203847689,-0.6950790750950001
Female, Private, Some-college,-0.1013101324465201, Divorced, Prof-specialty, Not-in-family,-0.2644126153749733,-0.9442932832536152,2.173879596107263,NBF,5.0,-0.0908772652014939,R,1.2915371253960146,-0.5226033319540196,-0.6950790750950001
Male, Private, Bachelors,0.7658195317188305, Married-civ-spouse, Sales, Husband,-0.2644126153749733,1.1150462815499709,2.173879596107263,NBF,189.0,-0.0908772652014939,I,1.5357738262813516,-0.7650398176608648,1.4386852314081315
Male, Private, Bachelors,0.7658195317188305, Married-civ-spouse, Exec-managerial, Husband,3.680674107746984,1.938782107471405,2.173879596107263,PVT,5.0,-0.0908772652014939,R,1.0205591798881952,1.0936399060916138,1.4386852314081315
Male, Private, Masters,1.0548627531072812, Married-civ-spouse, Sales, Husband,-0.2644126153749733,0.7031783685892541,-0.5946475955869621,PVT,181.0,-0.0908772652014939,I,-1.165091880589347,0.0430818013619519,1.4386852314081315
Female, Private, Some-college,-0.1013101324465201, Never-married, Other-service, Own-child,-0.2644126153749733,-0.1205574573321805,-0.323813413790788,NBF,5.0,-0.0908772652014939,R,0.6301370083999558,-1.4923492747814002,-0.6950790750950001
Male, Private, Assoc-acdm,0.4767763103303807, Married-civ-spouse, Exec-managerial, Husband,3.836237464336967,0.7031783685892541,-0.4140914743895126,NBF,58.0,-0.0908772652014939,M,1.0651279209256657,0.4471426108733606,1.4386852314081315
Male, Private, HS-grad,-0.3903533538349704, Married-civ-spouse, Other-service, Husband,-0.2644126153749733,0.7031783685892541,2.173879596107263,PVT,123.0,-0.0908772652014939,I,-0.601742993875723,-0.7650398176608648,-0.6950790750950001
Male, Private, HS-grad,-0.3903533538349704, Married-civ-spouse, Transport-moving, Husband,4.394191369973038,-0.1205574573321805,-0.4140914743895126,NBF,173.0,-0.0908772652014939,I,-1.1597436316648508,2.144198010821276,1.4386852314081315
Male, Private, HS-grad,-0.3903533538349704, Married-civ-spouse, Prof-specialty, Husband,-0.2644126153749733,0.7031783685892541,-0.4140914743895126,PVT,5.0,-0.0908772652014939,R,1.2826233771885207,0.1238939632642336,-0.6950790750950001
Male, State-gov, Bachelors,0.7658195317188305, Married-civ-spouse, Prof-specialty, Husband,-0.2644126153749733,-0.1205574573321805,-0.5946475955869621,PVT,5.0,-0.0908772652014939,R,1.1917031454720812,-0.1185425224426115,1.4386852314081315
Female, Private, HS-grad,-0.3903533538349704, Never-married, Other-service, Unmarried,-0.2644126153749733,-0.9442932832536152,-0.4140914743895126,NBF,5.0,-0.0908772652014939,R,1.5928218148093138,-0.1185425224426115,-0.6950790750950001
Male, Private, HS-grad,-0.3903533538349704, Married-civ-spouse, Exec-managerial, Husband,-0.2644126153749733,-0.1205574573321805,-0.4140914743895126,NBF,5.0,-0.0908772652014939,R,1.052648673435174,-0.3609790081494562,-0.6950790750950001
Male, Private, Some-college,-0.1013101324465201, Married-civ-spouse, Exec-managerial, Husband,-0.2644126153749733,-1.7680291091750493,-0.4140914743895126,NBF,130.0,-0.0908772652014939,I,-1.336235846173233,2.0633858489189945,-0.6950790750950001
Female, Private, 11th,-0.9684397966118709, Never-married, Machine-op-inspct, Unmarried,-0.2644126153749733,-2.1798970221357665,-0.5946475955869621,PVT,5.0,-0.0908772652014939,R,-0.7015769737996566,-1.00747630336771,-0.6950790750950001
Female, Federal-gov, Some-college,-0.1013101324465201, Widowed, Protective-serv, Not-in-family,-0.2644126153749733,-0.1205574573321805,2.173879596107263,PVT,5.0,-0.0908772652014939,R,1.4751603384703922,1.9017615251144309,-0.6950790750950001
Male, Private, Assoc-voc,0.18773308894193, Married-civ-spouse, Sales, Husband,-0.2644126153749733,-0.1205574573321805,-0.4140914743895126,NBF,5.0,-0.0908772652014939,R,0.0953121159503121,-0.9266641414654284,-0.6950790750950001
Male, Private, 5th-6th,-2.1246126821656723, Never-married, Handlers-cleaners, Unmarried,-0.2644126153749733,-0.9442932832536152,-0.74511102991817,PVT,999.0,-0.0908772652014939,I,1.676611047959758,-1.4923492747814002,-0.6950790750950001
Female, Private, HS-grad,-0.3903533538349704, Never-married, Sales, Own-child,-0.2644126153749733,-0.9442932832536152,-0.4140914743895126,PVT,5.0,-0.0908772652014939,R,0.0293503792148561,-1.0882884652699918,-0.6950790750950001
Male, Private, HS-grad,-0.3903533538349704, Married-civ-spouse, Protective-serv, Husband,-0.2644126153749733,-0.1205574573321805,-0.5946475955869621,PVT,5.0,-0.0908772652014939,R,1.1899203958305824,-0.6842276557585831,1.4386852314081315
Female, Private, HS-grad,-0.3903533538349704, Divorced, Adm-clerical, Unmarried,-0.2644126153749733,-0.1205574573321805,-0.323813413790788,NBF,5.0,-0.0908772652014939,R,1.0936519151896469,-0.2801668462471749,-0.6950790750950001
Male, Private, HS-grad,-0.3903533538349704, Married-civ-spouse, Prof-specialty, Husband,-0.2644126153749733,-0.9442932832536152,-0.4140914743895126,PVT,130.0,-0.0908772652014939,I,-1.537686555662599,1.7401372013098677,-0.6950790750950001
Male, Private, Some-college,-0.1013101324465201, Separated, Craft-repair, Not-in-family,3.626745477462457,1.1150462815499709,-0.4140914743895126,PVT,5.0,-0.0908772652014939,R,-0.2398448166514644,0.4471426108733606,-0.6950790750950001
Male, Private, Some-college,-0.1013101324465201, Never-married, Craft-repair, Not-in-family,-0.2644126153749733,-0.1205574573321805,-0.74511102991817,PVT,47.0,-0.0908772652014939,I,0.3199385707791626,-0.8458519795631466,-0.6950790750950001
Male, Private, Bachelors,0.7658195317188305, Married-civ-spouse, Exec-managerial, Husband,-0.2644126153749733,0.7031783685892541,-0.5946475955869621,PVT,5.0,-0.0908772652014939,R,-0.5411295060647634,-0.0377303605403297,1.4386852314081315
Male, Private, Some-college,-0.1013101324465201, Married-civ-spouse, Craft-repair, Husband,-0.2644126153749733,-0.1205574573321805,-0.4140914743895126,NBF,191.0,-0.0908772652014939,I,-0.0526561042940892,0.6895790965802056,-0.6950790750950001
Female, Private, Some-college,-0.1013101324465201, Separated, Tech-support, Not-in-family,-0.2644126153749733,-0.2853046225164671,-0.323813413790788,PVT,5.0,-0.0908772652014939,R,-1.2257053684003067,0.4471426108733606,-0.6950790750950001
Male, Private, Some-college,-0.1013101324465201, Married-civ-spouse, Craft-repair, Husband,-0.2644126153749733,-0.1205574573321805,-0.4140914743895126,NBF,189.0,-0.0908772652014939,I,-0.5660880010457469,1.9017615251144309,1.4386852314081315
Male, Private, Bachelors,0.7658195317188305, Married-civ-spouse, Exec-managerial, Husband,3.649561436428988,0.7031783685892541,2.173879596107263,NBF,5.0,-0.0908772652014939,R,-0.0722663503505759,0.2047061251665154,1.4386852314081315
Female, Private, Some-college,-0.1013101324465201, Married-civ-spouse, Other-service, Wife,-0.2644126153749733,1.5269141945106874,-0.4140914743895126,NBF,5.0,-0.0908772652014939,R,-1.2595776115887845,-1.0882884652699918,-0.6950790750950001
Female, Private, Masters,1.0548627531072812, Never-married, Exec-managerial, Not-in-family,-0.2644126153749733,0.7031783685892541,2.173879596107263,PVT,5.0,-0.0908772652014939,R,-0.8691554401005448,-0.7650398176608648,1.4386852314081315
Male, Private, Bachelors,0.7658195317188305, Never-married, Exec-managerial, Unmarried,-0.2644126153749733,1.5269141945106874,2.173879596107263,NBF,179.0,-0.0908772652014939,I,-0.5571742528382527,-1.00747630336771,-0.6950790750950001
Female, Private, Prof-school,1.3439059744957311, Married-civ-spouse, Other-service, Wife,-0.2644126153749733,1.5269141945106874,-0.4140914743895126,NBF,189.0,-0.0908772652014939,I,-0.6819667277431697,-0.1185425224426115,1.4386852314081315
Female, Private, HS-grad,-0.3903533538349704, Never-married, Other-service, Not-in-family,3.886017738445762,-0.1205574573321805,-0.323813413790788,NBF,5.0,-0.0908772652014939,R,0.0293503792148561,-0.1993546843448932,-0.6950790750950001
Male, Private, HS-grad,-0.3903533538349704, Married-civ-spouse, Craft-repair, Husband,-0.2644126153749733,-0.1205574573321805,-0.4140914743895126,PVT,999.0,-0.0908772652014939,I,1.5215118291493614,-1.1691006271722737,-0.6950790750950001
Male, Private, Masters,1.0548627531072812, Married-civ-spouse, Exec-managerial, Husband,3.836237464336967,-0.1205574573321805,-0.5946475955869621,PVT,5.0,-0.0908772652014939,R,-0.2166690713119797,-0.5226033319540196,1.4386852314081315
Male, Private, HS-grad,-0.3903533538349704, Married-civ-spouse, Transport-moving, Husband,-0.2644126153749733,-0.1205574573321805,-0.4140914743895126,PVT,5.0,-0.0908772652014939,R,1.2469683843585444,-0.7650398176608648,-0.6950790750950001
Male, Private, Assoc-acdm,0.4767763103303807, Divorced, Prof-specialty, Not-in-family,-0.2644126153749733,0.7031783685892541,-0.4140914743895126,NBF,5.0,-0.0908772652014939,R,-0.1150523417465476,0.1238939632642336,-0.6950790750950001
Male, Private, Bachelors,0.7658195317188305, Divorced, Exec-managerial, Unmarried,-0.2644126153749733,0.2913104556285366,-0.3839987875232711,PVT,58.0,-0.0908772652014939,M,1.3200611196599956,0.9320155822870502,1.4386852314081315
Male, Private, 10th,-1.2574830180003211, Married-civ-spouse, Transport-moving, Husband,-0.2644126153749733,-0.1205574573321805,-0.4140914743895126,NBF,5.0,-0.0908772652014939,R,-0.3824647879713693,-0.8458519795631466,-0.6950790750950001
Male, Private, Some-college,-0.1013101324465201, Married-civ-spouse, Transport-moving, Husband,-0.2644126153749733,0.7031783685892541,-0.323813413790788,NBF,5.0,-0.0908772652014939,R,-1.5804725470585703,-0.6034154938563014,-0.6950790750950001
Male, Private, HS-grad,-0.3903533538349704, Married-civ-spouse, Craft-repair, Husband,3.5686684910021973,0.7031783685892541,-0.74511102991817,PVT,5.0,-0.0908772652014939,R,-1.478855817493138,-0.6842276557585831,1.4386852314081315
Female, Private, Assoc-acdm,0.4767763103303807, Never-married, Adm-clerical, Own-child,3.830014930073368,-1.7680291091750493,-0.5043695349882374,PVT,121.0,-0.0908772652014939,I,1.6855247961672524,-1.2499127890745552,-0.6950790750950001
Male, Self-emp-not-inc, Assoc-voc,0.18773308894193, Separated, Craft-repair, Not-in-family,-0.2644126153749733,-0.1205574573321805,-0.4140914743895126,NBF,5.0,-0.0908772652014939,R,-0.6855322270261672,1.174452067993896,-0.6950790750950001
Female, Private, Bachelors,0.7658195317188305, Never-married, Adm-clerical, Other-relative,-0.2644126153749733,-0.1205574573321805,-0.4140914743895126,PVT,5.0,-0.0908772652014939,R,0.17375310017626,-1.00747630336771,-0.6950790750950001
Male, Self-emp-not-inc, Bachelors,0.7658195317188305, Married-civ-spouse, Sales, Husband,-0.2644126153749733,-0.1205574573321805,-0.323813413790788,NBF,173.0,-0.0908772652014939,I,0.4714722903065612,1.0128277441893323,1.4386852314081315
Male, Private, Some-college,-0.1013101324465201, Never-married, Handlers-cleaners, Own-child,-0.2644126153749733,-2.591764935096484,-0.4140914743895126,NBF,189.0,-0.0908772652014939,I,0.8583289625118035,-1.2499127890745552,-0.6950790750950001
Male, State-gov, Masters,1.0548627531072812, Married-civ-spouse, Prof-specialty, Husband,-0.2644126153749733,0.7031783685892541,-0.6548329693194453,NBF,189.0,-0.0908772652014939,I,1.279057877905523,0.5279547727756421,1.4386852314081315
Male, Private, HS-grad,-0.3903533538349704, Married-civ-spouse, Machine-op-inspct, Husband,-0.2644126153749733,0.5384312034049671,-0.4140914743895126,NBF,5.0,-0.0908772652014939,R,1.5803425673188218,0.4471426108733606,-0.6950790750950001
Male, Private, Some-college,-0.1013101324465201, Married-civ-spouse, Prof-specialty, Husband,-0.2644126153749733,-0.1205574573321805,2.173879596107263,PVT,5.0,-0.0908772652014939,R,0.5534787738155067,0.3663304489710788,1.4386852314081315
Male, Self-emp-not-inc, Masters,1.0548627531072812, Married-civ-spouse, Prof-specialty, Husband,-0.2644126153749733,-0.202931039924324,-0.4140914743895126,NBF,5.0,-0.0908772652014939,R,0.9652939410017324,2.144198010821276,1.4386852314081315
Female, Federal-gov, Bachelors,0.7658195317188305, Divorced, Exec-managerial, Not-in-family,-0.2644126153749733,-0.1205574573321805,-0.74511102991817,NBF,5.0,-0.0908772652014939,R,-0.9226379293455088,0.4471426108733606,-0.6950790750950001
Male, Private, HS-grad,-0.3903533538349704, Never-married, Transport-moving, Unmarried,-0.2644126153749733,1.1150462815499709,2.173879596107263,PVT,5.0,-0.0908772652014939,R,-1.4663765700026463,-0.7650398176608648,-0.6950790750950001
Male, Self-emp-not-inc, Assoc-voc,0.18773308894193, Married-civ-spouse, Farming-fishing, Husband,-0.2644126153749733,3.998121672274991,-0.4140914743895126,PVT,5.0,-0.0908772652014939,R,1.2576648822075371,-0.7650398176608648,-0.6950790750950001
Male, Private, Some-college,-0.1013101324465201, Married-civ-spouse, Adm-clerical, Husband,-0.2644126153749733,-0.1205574573321805,-0.4140914743895126,PVT,5.0,-0.0908772652014939,R,1.5767770680358242,-0.3609790081494562,-0.6950790750950001
Female, Private, HS-grad,-0.3903533538349704, Married-civ-spouse, Sales, Wife,-0.2644126153749733,0.2913104556285366,2.173879596107263,PVT,5.0,-0.0908772652014939,R,0.5784372687964902,-0.4417911700517379,-0.6950790750950001
Male, Private, Some-college,-0.1013101324465201, Never-married, Adm-clerical, Own-child,-0.2644126153749733,-0.9442932832536152,2.173879596107263,PVT,5.0,-0.0908772652014939,R,0.9938179352657132,-1.6539735985859636,-0.6950790750950001
Male, Private, 9th,-1.5465262393887718, Never-married, Handlers-cleaners, Own-child,-0.2644126153749733,-1.1090404484379015,-0.4140914743895126,PVT,130.0,-0.0908772652014939,I,-0.4199025304428442,-1.4923492747814002,-0.6950790750950001
